season,date,home_team,away_team,home_gf,away_gf
20132014,2013-10-01,MTL,TOR,3,4
20132014,2013-10-01,CHI,WSH,6,4
20132014,2013-10-01,EDM,WPG,4,5
20132014,2013-10-02,PHI,TOR,1,3
20132014,2013-10-02,DET,BUF,2,1
20132014,2013-10-02,COL,ANA,6,1
20132014,2013-10-03,BOS,TBL,3,1
20132014,2013-10-03,PIT,NJD,3,0
20132014,2013-10-03,WSH,CGY,5,4
20132014,2013-10-03,MIN,LAK,2,3
20132014,2013-10-03,STL,NSH,4,2
20132014,2013-10-03,DAL,FLA,2,4
20132014,2013-10-03,PHX,NYR,4,1
20132014,2013-10-03,SJS,VAN,4,1
20132014,2013-10-04,BUF,OTT,0,1
20132014,2013-10-04,NJD,NYI,3,4
20132014,2013-10-04,CAR,DET,2,3
20132014,2013-10-04,CBJ,CGY,3,4
20132014,2013-10-04,WPG,LAK,5,3
20132014,2013-10-04,COL,NSH,3,1
20132014,2013-10-05,BOS,DET,4,1
20132014,2013-10-05,TOR,OTT,5,4
20132014,2013-10-05,MTL,PHI,4,1
20132014,2013-10-05,NYI,CBJ,2,3
20132014,2013-10-05,PIT,BUF,4,1
20132014,2013-10-05,CHI,TBL,2,3
20132014,2013-10-05,STL,FLA,7,0
20132014,2013-10-05,DAL,WSH,2,1
20132014,2013-10-05,MIN,ANA,3,4
20132014,2013-10-05,VAN,EDM,6,2
20132014,2013-10-05,SJS,PHX,4,1
20132014,2013-10-06,CAR,PHI,2,1
20132014,2013-10-06,WPG,ANA,2,3
20132014,2013-10-06,CGY,VAN,4,5
20132014,2013-10-07,EDM,NJD,5,4
20132014,2013-10-07,LAK,NYR,1,3
20132014,2013-10-08,TOR,COL,1,2
20132014,2013-10-08,NYI,PHX,6,1
20132014,2013-10-08,PHI,FLA,2,1
20132014,2013-10-08,PIT,CAR,5,2
20132014,2013-10-08,BUF,TBL,2,3
20132014,2013-10-08,NSH,MIN,3,2
20132014,2013-10-08,VAN,NJD,3,2
20132014,2013-10-08,SJS,NYR,9,2
20132014,2013-10-09,STL,CHI,3,2
20132014,2013-10-09,CGY,MTL,3,2
20132014,2013-10-09,LAK,OTT,4,3
20132014,2013-10-10,BOS,COL,0,2
20132014,2013-10-10,BUF,CBJ,1,4
20132014,2013-10-10,WSH,CAR,2,3
20132014,2013-10-10,DET,PHX,2,4
20132014,2013-10-10,TBL,FLA,7,2
20132014,2013-10-10,NSH,TOR,0,4
20132014,2013-10-10,MIN,WPG,2,1
20132014,2013-10-10,EDM,MTL,1,4
20132014,2013-10-10,VAN,SJS,1,4
20132014,2013-10-10,ANA,NYR,6,0
20132014,2013-10-11,PHI,PHX,1,2
20132014,2013-10-11,CAR,LAK,1,2
20132014,2013-10-11,FLA,PIT,6,3
20132014,2013-10-11,CHI,NYI,3,2
20132014,2013-10-11,WPG,DAL,1,4
20132014,2013-10-11,CGY,NJD,3,2
20132014,2013-10-12,CBJ,BOS,1,3
20132014,2013-10-12,TOR,EDM,6,5
20132014,2013-10-12,DET,PHI,5,2
20132014,2013-10-12,TBL,PIT,4,5
20132014,2013-10-12,WSH,COL,1,5
20132014,2013-10-12,CHI,BUF,2,1
20132014,2013-10-12,STL,NYR,5,3
20132014,2013-10-12,NSH,NYI,3,2
20132014,2013-10-12,MIN,DAL,5,1
20132014,2013-10-12,VAN,MTL,1,4
20132014,2013-10-12,SJS,OTT,3,2
20132014,2013-10-13,CAR,PHX,3,5
20132014,2013-10-13,FLA,LAK,0,3
20132014,2013-10-13,WPG,NJD,3,0
20132014,2013-10-13,ANA,OTT,4,1
20132014,2013-10-14,BOS,DET,2,3
20132014,2013-10-14,WSH,EDM,4,2
20132014,2013-10-14,BUF,MIN,1,2
20132014,2013-10-15,TOR,MIN,4,1
20132014,2013-10-15,NYI,BUF,3,4
20132014,2013-10-15,PHI,VAN,2,3
20132014,2013-10-15,PIT,EDM,3,2
20132014,2013-10-15,CAR,CHI,2,3
20132014,2013-10-15,TBL,LAK,5,1
20132014,2013-10-15,DET,CBJ,2,1
20132014,2013-10-15,STL,SJS,2,6
20132014,2013-10-15,NSH,FLA,4,3
20132014,2013-10-15,WPG,MTL,0,3
20132014,2013-10-15,COL,DAL,3,2
20132014,2013-10-15,PHX,OTT,3,4
20132014,2013-10-16,WSH,NYR,0,2
20132014,2013-10-16,ANA,CGY,3,2
20132014,2013-10-17,BUF,VAN,0,3
20132014,2013-10-17,TOR,CAR,2,3
20132014,2013-10-17,NYI,EDM,3,2
20132014,2013-10-17,PHI,PIT,1,4
20132014,2013-10-17,MTL,CBJ,5,3
20132014,2013-10-17,OTT,NJD,5,2
20132014,2013-10-17,TBL,MIN,3,1
20132014,2013-10-17,FLA,BOS,2,3
20132014,2013-10-17,CHI,STL,2,3
20132014,2013-10-17,NSH,LAK,1,2
20132014,2013-10-17,DAL,SJS,4,3
20132014,2013-10-17,COL,DET,2,4
20132014,2013-10-18,WPG,STL,4,3
20132014,2013-10-18,ANA,PHX,3,2
20132014,2013-10-19,PIT,VAN,4,3
20132014,2013-10-19,OTT,EDM,1,3
20132014,2013-10-19,BUF,COL,2,4
20132014,2013-10-19,MTL,NSH,1,2
20132014,2013-10-19,TBL,BOS,0,5
20132014,2013-10-19,FLA,MIN,2,1
20132014,2013-10-19,NJD,NYR,4,0
20132014,2013-10-19,NYI,CAR,3,4
20132014,2013-10-19,WSH,CBJ,4,1
20132014,2013-10-19,CHI,TOR,3,1
20132014,2013-10-19,PHX,DET,5,2
20132014,2013-10-19,SJS,CGY,6,3
20132014,2013-10-19,LAK,DAL,5,2
20132014,2013-10-20,CBJ,VAN,3,1
20132014,2013-10-20,WPG,NSH,1,3
20132014,2013-10-20,ANA,DAL,6,3
20132014,2013-10-21,DET,SJS,0,1
20132014,2013-10-21,PIT,COL,0,1
20132014,2013-10-21,LAK,CGY,2,3
20132014,2013-10-22,TOR,ANA,4,2
20132014,2013-10-22,NYI,VAN,4,5
20132014,2013-10-22,CBJ,NJD,4,1
20132014,2013-10-22,MTL,EDM,3,4
20132014,2013-10-22,FLA,CHI,2,3
20132014,2013-10-22,MIN,NSH,2,0
20132014,2013-10-22,WPG,WSH,4,5
20132014,2013-10-22,PHX,CGY,4,2
20132014,2013-10-23,DET,OTT,1,6
20132014,2013-10-23,BUF,BOS,2,5
20132014,2013-10-24,BOS,SJS,2,1
20132014,2013-10-24,NJD,VAN,2,3
20132014,2013-10-24,PHI,NYR,2,1
20132014,2013-10-24,MTL,ANA,4,1
20132014,2013-10-24,TBL,CHI,6,5
20132014,2013-10-24,NSH,WPG,3,2
20132014,2013-10-24,MIN,CAR,3,1
20132014,2013-10-24,DAL,CGY,5,1
20132014,2013-10-24,EDM,WSH,1,4
20132014,2013-10-24,LAK,PHX,7,4
20132014,2013-10-25,PIT,NYI,3,4
20132014,2013-10-25,CBJ,TOR,5,2
20132014,2013-10-25,OTT,ANA,1,2
20132014,2013-10-25,FLA,BUF,1,3
20132014,2013-10-25,STL,VAN,2,3
20132014,2013-10-25,COL,CAR,4,2
20132014,2013-10-26,PHX,EDM,5,4
20132014,2013-10-26,BOS,NJD,3,4
20132014,2013-10-26,TOR,PIT,4,1
20132014,2013-10-26,MTL,SJS,0,2
20132014,2013-10-26,DET,NYR,2,3
20132014,2013-10-26,TBL,BUF,3,2
20132014,2013-10-26,NYI,PHI,2,5
20132014,2013-10-26,DAL,WPG,1,2
20132014,2013-10-26,CHI,MIN,3,5
20132014,2013-10-26,NSH,STL,1,6
20132014,2013-10-26,CGY,WSH,5,2
20132014,2013-10-27,OTT,SJS,2,5
20132014,2013-10-27,FLA,TBL,3,4
20132014,2013-10-27,CBJ,ANA,3,4
20132014,2013-10-27,COL,WPG,3,2
20132014,2013-10-27,LAK,EDM,2,1
20132014,2013-10-28,BUF,DAL,3,4
20132014,2013-10-28,CAR,PIT,1,3
20132014,2013-10-28,NYR,MTL,0,2
20132014,2013-10-28,MIN,CHI,1,5
20132014,2013-10-28,VAN,WSH,3,2
20132014,2013-10-29,NYI,NYR,2,3
20132014,2013-10-29,PHI,ANA,2,3
20132014,2013-10-29,MTL,DAL,2,1
20132014,2013-10-29,NJD,TBL,2,1
20132014,2013-10-29,CHI,OTT,6,5
20132014,2013-10-29,STL,WPG,3,2
20132014,2013-10-29,EDM,TOR,0,4
20132014,2013-10-29,PHX,LAK,3,1
20132014,2013-10-30,PIT,BOS,3,2
20132014,2013-10-30,CGY,TOR,2,4
20132014,2013-10-30,VAN,DET,1,2
20132014,2013-10-30,LAK,SJS,4,3
20132014,2013-10-31,BOS,ANA,3,2
20132014,2013-10-31,NYR,BUF,2,0
20132014,2013-10-31,PHX,NSH,5,4
20132014,2013-11-01,PHI,WSH,0,7
20132014,2013-11-01,PIT,CBJ,4,2
20132014,2013-11-01,CAR,TBL,0,3
20132014,2013-11-01,OTT,NYI,4,5
20132014,2013-11-01,FLA,STL,0,4
20132014,2013-11-01,MIN,MTL,4,3
20132014,2013-11-01,DAL,COL,2,3
20132014,2013-11-01,CGY,DET,3,4
20132014,2013-11-02,WPG,CHI,1,5
20132014,2013-11-02,BUF,ANA,3,6
20132014,2013-11-02,TBL,STL,4,2
20132014,2013-11-02,NJD,PHI,0,1
20132014,2013-11-02,NYI,BOS,3,1
20132014,2013-11-02,NYR,CAR,5,1
20132014,2013-11-02,WSH,FLA,3,2
20132014,2013-11-02,CBJ,PIT,0,3
20132014,2013-11-02,VAN,TOR,4,0
20132014,2013-11-02,COL,MTL,4,1
20132014,2013-11-02,EDM,DET,0,5
20132014,2013-11-02,LAK,NSH,3,4
20132014,2013-11-02,SJS,PHX,2,3
20132014,2013-11-03,OTT,DAL,3,4
20132014,2013-11-03,CHI,CGY,2,3
20132014,2013-11-03,MIN,NJD,4,0
20132014,2013-11-04,NYR,ANA,1,2
20132014,2013-11-04,WPG,DET,4,2
20132014,2013-11-05,BOS,DAL,2,3
20132014,2013-11-05,WSH,NYI,6,2
20132014,2013-11-05,CBJ,OTT,1,4
20132014,2013-11-05,MTL,STL,2,3
20132014,2013-11-05,FLA,EDM,3,4
20132014,2013-11-05,CAR,PHI,2,1
20132014,2013-11-05,MIN,CGY,5,1
20132014,2013-11-05,PHX,VAN,3,2
20132014,2013-11-05,SJS,BUF,4,5
20132014,2013-11-06,NYR,PIT,5,1
20132014,2013-11-06,CHI,WPG,4,1
20132014,2013-11-06,COL,NSH,4,6
20132014,2013-11-06,ANA,PHX,5,2
20132014,2013-11-07,BOS,FLA,4,1
20132014,2013-11-07,OTT,MTL,4,1
20132014,2013-11-07,PHI,NJD,0,3
20132014,2013-11-07,WSH,MIN,3,2
20132014,2013-11-07,CAR,NYI,1,0
20132014,2013-11-07,CBJ,NYR,2,4
20132014,2013-11-07,DET,DAL,3,4
20132014,2013-11-07,TBL,EDM,4,2
20132014,2013-11-07,STL,CGY,3,2
20132014,2013-11-07,LAK,BUF,2,0
20132014,2013-11-07,SJS,VAN,2,4
20132014,2013-11-08,TOR,NJD,2,1
20132014,2013-11-08,WPG,NSH,5,0
20132014,2013-11-08,COL,CGY,4,2
20132014,2013-11-08,ANA,BUF,6,2
20132014,2013-11-09,PHI,EDM,4,2
20132014,2013-11-09,OTT,FLA,3,2
20132014,2013-11-09,BOS,TOR,3,1
20132014,2013-11-09,DET,TBL,2,3
20132014,2013-11-09,CAR,MIN,2,3
20132014,2013-11-09,CBJ,NYI,5,2
20132014,2013-11-09,STL,PIT,2,1
20132014,2013-11-09,DAL,CHI,2,5
20132014,2013-11-09,PHX,WSH,4,3
20132014,2013-11-09,LAK,VAN,5,1
20132014,2013-11-10,MTL,NYI,4,2
20132014,2013-11-10,NJD,NSH,5,0
20132014,2013-11-10,NYR,FLA,4,3
20132014,2013-11-10,CHI,EDM,5,4
20132014,2013-11-10,WPG,SJS,5,4
20132014,2013-11-10,COL,WSH,4,1
20132014,2013-11-10,ANA,VAN,3,1
20132014,2013-11-11,BOS,TBL,3,0
20132014,2013-11-12,BUF,LAK,3,2
20132014,2013-11-12,NYI,NSH,3,1
20132014,2013-11-12,NYR,NJD,2,3
20132014,2013-11-12,WSH,CBJ,4,3
20132014,2013-11-12,CAR,COL,2,1
20132014,2013-11-12,MTL,TBL,1,2
20132014,2013-11-12,OTT,PHI,0,5
20132014,2013-11-12,DET,WPG,2,3
20132014,2013-11-12,FLA,ANA,3,2
20132014,2013-11-12,STL,PHX,2,3
20132014,2013-11-12,CGY,SJS,2,3
20132014,2013-11-13,MIN,TOR,2,1
20132014,2013-11-13,PIT,PHI,1,2
20132014,2013-11-13,EDM,DAL,0,3
20132014,2013-11-14,BOS,CBJ,3,2
20132014,2013-11-14,NYI,LAK,2,3
20132014,2013-11-14,TBL,ANA,5,1
20132014,2013-11-14,CHI,PHX,5,4
20132014,2013-11-14,STL,COL,7,3
20132014,2013-11-14,CGY,DAL,3,7
20132014,2013-11-14,VAN,SJS,1,2
20132014,2013-11-15,BUF,TOR,3,1
20132014,2013-11-15,NJD,LAK,0,2
20132014,2013-11-15,PIT,NSH,4,1
20132014,2013-11-15,CAR,ANA,3,2
20132014,2013-11-15,CBJ,MTL,2,3
20132014,2013-11-15,OTT,BOS,4,2
20132014,2013-11-15,DET,WSH,3,4
20132014,2013-11-15,MIN,FLA,3,2
20132014,2013-11-15,WPG,PHI,3,2
20132014,2013-11-15,EDM,SJS,1,3
20132014,2013-11-16,TOR,BUF,4,2
20132014,2013-11-16,MTL,NYR,0,1
20132014,2013-11-16,NJD,PIT,4,1
20132014,2013-11-16,NYI,DET,5,4
20132014,2013-11-16,STL,CAR,4,2
20132014,2013-11-16,NSH,CHI,7,2
20132014,2013-11-16,PHX,TBL,6,3
20132014,2013-11-16,COL,FLA,1,4
20132014,2013-11-16,CGY,EDM,2,4
20132014,2013-11-17,OTT,CBJ,1,4
20132014,2013-11-17,WSH,STL,4,1
20132014,2013-11-17,NYR,LAK,0,1
20132014,2013-11-17,CHI,SJS,5,1
20132014,2013-11-17,MIN,WPG,2,1
20132014,2013-11-17,VAN,DAL,1,2
20132014,2013-11-18,CAR,BOS,1,4
20132014,2013-11-18,PIT,ANA,3,1
20132014,2013-11-18,WPG,CGY,4,5
20132014,2013-11-19,BUF,STL,1,4
20132014,2013-11-19,TOR,NYI,5,2
20132014,2013-11-19,PHI,OTT,5,2
20132014,2013-11-19,MTL,MIN,6,2
20132014,2013-11-19,DET,NSH,0,2
20132014,2013-11-19,NYR,BOS,1,2
20132014,2013-11-19,COL,CHI,5,1
20132014,2013-11-19,EDM,CBJ,7,0
20132014,2013-11-19,VAN,FLA,2,3
20132014,2013-11-19,LAK,TBL,5,2
20132014,2013-11-20,OTT,MIN,3,4
20132014,2013-11-20,WSH,PIT,0,4
20132014,2013-11-20,CGY,CBJ,1,2
20132014,2013-11-20,ANA,NJD,3,4
20132014,2013-11-21,BOS,STL,2,3
20132014,2013-11-21,TOR,NSH,2,4
20132014,2013-11-21,PHI,BUF,4,1
20132014,2013-11-21,DET,CAR,4,3
20132014,2013-11-21,WPG,CHI,3,6
20132014,2013-11-21,DAL,NYR,2,3
20132014,2013-11-21,PHX,COL,3,4
20132014,2013-11-21,EDM,FLA,4,1
20132014,2013-11-21,LAK,NJD,1,2
20132014,2013-11-21,SJS,TBL,5,1
20132014,2013-11-22,PIT,NYI,4,3
20132014,2013-11-22,WSH,MTL,2,3
20132014,2013-11-22,CGY,FLA,4,3
20132014,2013-11-22,VAN,CBJ,6,2
20132014,2013-11-22,ANA,TBL,1,0
20132014,2013-11-23,BOS,CAR,3,2
20132014,2013-11-23,WPG,MIN,2,3
20132014,2013-11-23,TOR,WSH,2,1
20132014,2013-11-23,MTL,PIT,3,2
20132014,2013-11-23,DET,OTT,2,4
20132014,2013-11-23,PHI,NYI,5,2
20132014,2013-11-23,STL,DAL,6,1
20132014,2013-11-23,NSH,NYR,0,2
20132014,2013-11-23,PHX,ANA,2,4
20132014,2013-11-23,VAN,CHI,1,2
20132014,2013-11-23,LAK,COL,0,1
20132014,2013-11-23,SJS,NJD,2,1
20132014,2013-11-24,BUF,DET,1,3
20132014,2013-11-24,CAR,OTT,4,1
20132014,2013-11-25,BOS,PIT,4,3
20132014,2013-11-25,TOR,CBJ,0,6
20132014,2013-11-25,NJD,WPG,1,3
20132014,2013-11-25,TBL,NYR,5,0
20132014,2013-11-25,FLA,PHI,3,1
20132014,2013-11-25,STL,MIN,3,0
20132014,2013-11-25,NSH,PHX,4,2
20132014,2013-11-25,EDM,CHI,1,5
20132014,2013-11-25,VAN,LAK,2,3
20132014,2013-11-26,DAL,ANA,6,3
20132014,2013-11-27,BUF,MTL,1,3
20132014,2013-11-27,NJD,CAR,3,4
20132014,2013-11-27,NYI,WPG,2,3
20132014,2013-11-27,WSH,OTT,4,6
20132014,2013-11-27,CBJ,NSH,0,4
20132014,2013-11-27,DET,BOS,6,1
20132014,2013-11-27,TBL,PHI,4,2
20132014,2013-11-27,FLA,NYR,2,5
20132014,2013-11-27,PIT,TOR,6,5
20132014,2013-11-27,MIN,PHX,1,3
20132014,2013-11-27,COL,STL,1,4
20132014,2013-11-27,CGY,CHI,2,3
20132014,2013-11-27,SJS,LAK,3,2
20132014,2013-11-28,OTT,VAN,2,5
20132014,2013-11-28,NSH,EDM,0,3
20132014,2013-11-29,PHI,WPG,2,1
20132014,2013-11-29,BOS,NYR,3,2
20132014,2013-11-29,TBL,PIT,0,3
20132014,2013-11-29,NYI,DET,0,5
20132014,2013-11-29,ANA,CGY,5,2
20132014,2013-11-29,SJS,STL,6,3
20132014,2013-11-29,WSH,MTL,3,2
20132014,2013-11-29,MIN,COL,1,3
20132014,2013-11-29,CAR,NJD,2,5
20132014,2013-11-29,CBJ,EDM,4,2
20132014,2013-11-29,BUF,TOR,3,2
20132014,2013-11-29,DAL,CHI,1,2
20132014,2013-11-30,NYR,VAN,5,2
20132014,2013-11-30,BOS,CBJ,3,1
20132014,2013-11-30,MTL,TOR,4,2
20132014,2013-11-30,FLA,PIT,1,5
20132014,2013-11-30,NJD,BUF,1,0
20132014,2013-11-30,NYI,WSH,2,3
20132014,2013-11-30,NSH,PHI,2,3
20132014,2013-11-30,PHX,CHI,2,5
20132014,2013-11-30,COL,MIN,3,2
20132014,2013-11-30,LAK,CGY,1,2
20132014,2013-11-30,SJS,ANA,4,3
20132014,2013-12-01,CAR,VAN,2,3
20132014,2013-12-01,OTT,DET,2,4
20132014,2013-12-01,DAL,EDM,2,3
20132014,2013-12-02,NYR,WPG,2,5
20132014,2013-12-02,MTL,NJD,3,2
20132014,2013-12-02,MIN,PHI,2,0
20132014,2013-12-02,LAK,STL,3,2
20132014,2013-12-03,TOR,SJS,2,4
20132014,2013-12-03,NYI,PIT,2,3
20132014,2013-12-03,WSH,CAR,1,4
20132014,2013-12-03,CBJ,TBL,1,0
20132014,2013-12-03,FLA,OTT,2,4
20132014,2013-12-03,CHI,DAL,3,4
20132014,2013-12-03,NSH,VAN,1,3
20132014,2013-12-03,EDM,PHX,2,6
20132014,2013-12-03,ANA,LAK,2,3
20132014,2013-12-04,NJD,MTL,3,4
20132014,2013-12-04,DET,PHI,3,6
20132014,2013-12-04,CGY,PHX,4,1
20132014,2013-12-05,BUF,NYR,1,3
20132014,2013-12-05,TOR,DAL,3,2
20132014,2013-12-05,PIT,SJS,5,1
20132014,2013-12-05,MTL,BOS,2,1
20132014,2013-12-05,TBL,OTT,3,1
20132014,2013-12-05,FLA,WPG,5,2
20132014,2013-12-05,STL,NYI,5,1
20132014,2013-12-05,NSH,CAR,2,5
20132014,2013-12-05,MIN,CHI,4,3
20132014,2013-12-05,EDM,COL,8,2
20132014,2013-12-06,NJD,DET,1,3
20132014,2013-12-06,CAR,SJS,5,3
20132014,2013-12-06,CBJ,MIN,4,0
20132014,2013-12-06,CHI,ANA,2,3
20132014,2013-12-06,CGY,COL,2,3
20132014,2013-12-06,VAN,PHX,3,2
20132014,2013-12-07,DAL,PHI,5,1
20132014,2013-12-07,BOS,PIT,3,2
20132014,2013-12-07,MTL,BUF,3,2
20132014,2013-12-07,OTT,TOR,3,4
20132014,2013-12-07,DET,FLA,1,2
20132014,2013-12-07,TBL,WPG,1,2
20132014,2013-12-07,WSH,NSH,5,2
20132014,2013-12-07,NYR,NJD,3,4
20132014,2013-12-07,STL,ANA,2,5
20132014,2013-12-07,EDM,CGY,1,2
20132014,2013-12-07,LAK,NYI,3,0
20132014,2013-12-08,MIN,SJS,3,1
20132014,2013-12-08,TOR,BOS,2,5
20132014,2013-12-08,NYR,WSH,1,4
20132014,2013-12-08,CHI,FLA,6,2
20132014,2013-12-08,VAN,COL,3,1
20132014,2013-12-09,OTT,PHI,5,4
20132014,2013-12-09,PIT,CBJ,2,1
20132014,2013-12-09,VAN,CAR,2,0
20132014,2013-12-09,ANA,NYI,5,2
20132014,2013-12-10,BUF,OTT,2,1
20132014,2013-12-10,WSH,TBL,6,5
20132014,2013-12-10,CBJ,NJD,5,4
20132014,2013-12-10,MTL,LAK,0,6
20132014,2013-12-10,FLA,DET,3,2
20132014,2013-12-10,NYR,NSH,1,4
20132014,2013-12-10,WPG,STL,1,2
20132014,2013-12-10,DAL,CHI,2,6
20132014,2013-12-10,COL,PHX,1,3
20132014,2013-12-10,CGY,BOS,1,2
20132014,2013-12-10,EDM,CAR,5,4
20132014,2013-12-10,SJS,NYI,2,3
20132014,2013-12-11,TOR,LAK,1,3
20132014,2013-12-11,CHI,PHI,7,2
20132014,2013-12-11,ANA,MIN,2,1
20132014,2013-12-12,NYR,CBJ,2,4
20132014,2013-12-12,PHI,MTL,2,1
20132014,2013-12-12,OTT,BUF,2,1
20132014,2013-12-12,TBL,DET,2,1
20132014,2013-12-12,STL,TOR,6,3
20132014,2013-12-12,NSH,DAL,3,1
20132014,2013-12-12,WPG,COL,3,4
20132014,2013-12-12,CGY,CAR,2,1
20132014,2013-12-12,PHX,NYI,6,3
20132014,2013-12-12,EDM,BOS,2,4
20132014,2013-12-12,SJS,MIN,3,1
20132014,2013-12-13,PIT,NJD,3,2
20132014,2013-12-13,FLA,WSH,3,2
20132014,2013-12-13,VAN,EDM,4,0
20132014,2013-12-14,BUF,CGY,1,2
20132014,2013-12-14,OTT,LAK,2,5
20132014,2013-12-14,WPG,DAL,4,6
20132014,2013-12-14,TOR,CHI,7,3
20132014,2013-12-14,DET,PIT,1,4
20132014,2013-12-14,NJD,TBL,3,0
20132014,2013-12-14,NYI,MTL,0,1
20132014,2013-12-14,CBJ,STL,3,4
20132014,2013-12-14,NSH,SJS,3,2
20132014,2013-12-14,PHX,CAR,1,3
20132014,2013-12-14,COL,MIN,1,2
20132014,2013-12-14,VAN,BOS,6,2
20132014,2013-12-15,WSH,PHI,5,4
20132014,2013-12-15,DET,TBL,0,3
20132014,2013-12-15,MTL,FLA,1,2
20132014,2013-12-15,NYR,CGY,4,3
20132014,2013-12-15,CHI,LAK,3,1
20132014,2013-12-15,ANA,EDM,3,2
20132014,2013-12-16,PIT,TOR,3,1
20132014,2013-12-16,CBJ,WPG,2,3
20132014,2013-12-16,OTT,STL,3,2
20132014,2013-12-16,COL,DAL,6,2
20132014,2013-12-17,BOS,CGY,2,0
20132014,2013-12-17,BUF,WPG,4,2
20132014,2013-12-17,TOR,FLA,1,3
20132014,2013-12-17,NYI,TBL,2,3
20132014,2013-12-17,MTL,PHX,3,1
20132014,2013-12-17,DET,ANA,2,5
20132014,2013-12-17,PHI,WSH,5,2
20132014,2013-12-17,STL,SJS,2,4
20132014,2013-12-17,NSH,CHI,1,3
20132014,2013-12-17,MIN,VAN,3,2
20132014,2013-12-17,DAL,COL,3,2
20132014,2013-12-17,LAK,EDM,3,0
20132014,2013-12-18,NJD,OTT,5,2
20132014,2013-12-18,NYR,PIT,3,4
20132014,2013-12-19,BUF,BOS,4,2
20132014,2013-12-19,TOR,PHX,2,1
20132014,2013-12-19,PHI,CBJ,5,4
20132014,2013-12-19,PIT,MIN,5,2
20132014,2013-12-19,OTT,FLA,2,4
20132014,2013-12-19,DET,CGY,3,2
20132014,2013-12-19,TBL,NSH,4,2
20132014,2013-12-19,STL,MTL,5,1
20132014,2013-12-19,DAL,VAN,4,1
20132014,2013-12-19,COL,EDM,4,2
20132014,2013-12-19,LAK,SJS,4,1
20132014,2013-12-20,NJD,ANA,2,3
20132014,2013-12-20,NYR,NYI,3,5
20132014,2013-12-20,CAR,WSH,2,4
20132014,2013-12-20,CHI,VAN,2,3
20132014,2013-12-20,WPG,FLA,5,2
20132014,2013-12-21,PIT,CGY,4,3
20132014,2013-12-21,OTT,PHX,3,4
20132014,2013-12-21,LAK,COL,3,2
20132014,2013-12-21,BOS,BUF,4,1
20132014,2013-12-21,TOR,DET,4,5
20132014,2013-12-21,TBL,CAR,3,2
20132014,2013-12-21,NYI,ANA,3,5
20132014,2013-12-21,WSH,NJD,4,5
20132014,2013-12-21,CBJ,PHI,6,3
20132014,2013-12-21,NSH,MTL,3,4
20132014,2013-12-21,EDM,STL,0,6
20132014,2013-12-21,SJS,DAL,3,2
20132014,2013-12-22,NYR,MIN,4,1
20132014,2013-12-22,VAN,WPG,2,1
20132014,2013-12-23,BUF,PHX,2,1
20132014,2013-12-23,NYR,TOR,2,1
20132014,2013-12-23,WSH,ANA,2,3
20132014,2013-12-23,CAR,CBJ,3,4
20132014,2013-12-23,OTT,PIT,5,0
20132014,2013-12-23,DET,NYI,0,3
20132014,2013-12-23,FLA,TBL,1,6
20132014,2013-12-23,PHI,MIN,4,1
20132014,2013-12-23,CHI,NJD,5,2
20132014,2013-12-23,NSH,BOS,2,6
20132014,2013-12-23,CGY,STL,4,3
20132014,2013-12-23,EDM,WPG,6,2
20132014,2013-12-23,LAK,DAL,2,5
20132014,2013-12-23,SJS,COL,5,4
20132014,2013-12-27,BOS,OTT,5,0
20132014,2013-12-27,NJD,CBJ,1,2
20132014,2013-12-27,WSH,NYR,3,2
20132014,2013-12-27,CAR,PIT,3,4
20132014,2013-12-27,TOR,BUF,4,3
20132014,2013-12-27,CHI,COL,7,2
20132014,2013-12-27,WPG,MIN,6,4
20132014,2013-12-27,DAL,NSH,4,1
20132014,2013-12-27,CGY,EDM,0,2
20132014,2013-12-27,PHX,SJS,3,4
20132014,2013-12-28,OTT,BOS,4,3
20132014,2013-12-28,TBL,MTL,1,2
20132014,2013-12-28,FLA,DET,3,4
20132014,2013-12-28,NYI,NJD,1,2
20132014,2013-12-28,STL,CHI,6,5
20132014,2013-12-28,NSH,LAK,3,2
20132014,2013-12-28,ANA,PHX,3,2
20132014,2013-12-28,EDM,PHI,3,4
20132014,2013-12-29,BUF,WSH,2,1
20132014,2013-12-29,FLA,MTL,4,1
20132014,2013-12-29,CBJ,PIT,3,5
20132014,2013-12-29,DAL,STL,2,3
20132014,2013-12-29,TOR,CAR,5,2
20132014,2013-12-29,TBL,NYR,3,4
20132014,2013-12-29,CGY,VAN,0,2
20132014,2013-12-29,MIN,NYI,4,5
20132014,2013-12-29,COL,WPG,1,2
20132014,2013-12-29,SJS,ANA,3,1
20132014,2013-12-30,OTT,WSH,3,1
20132014,2013-12-30,CHI,LAK,1,0
20132014,2013-12-30,NSH,DET,6,4
20132014,2013-12-30,VAN,PHI,3,4
20132014,2013-12-31,NJD,PIT,2,1
20132014,2013-12-31,FLA,NYR,1,2
20132014,2013-12-31,MIN,STL,1,2
20132014,2013-12-31,BOS,NYI,3,5
20132014,2013-12-31,CAR,MTL,5,4
20132014,2013-12-31,WPG,BUF,3,0
20132014,2013-12-31,DAL,LAK,3,2
20132014,2013-12-31,COL,CBJ,5,3
20132014,2013-12-31,ANA,SJS,6,3
20132014,2013-12-31,CGY,PHI,1,4
20132014,2013-12-31,PHX,EDM,4,3
20132014,2014-01-01,DET,TOR,2,3
20132014,2014-01-01,VAN,TBL,2,4
20132014,2014-01-02,BOS,NSH,3,2
20132014,2014-01-02,NYI,CHI,3,2
20132014,2014-01-02,WSH,CAR,3,4
20132014,2014-01-02,OTT,WPG,4,3
20132014,2014-01-02,STL,LAK,5,0
20132014,2014-01-02,MIN,BUF,4,1
20132014,2014-01-02,DAL,MTL,4,6
20132014,2014-01-02,COL,PHI,2,1
20132014,2014-01-02,PHX,CBJ,0,2
20132014,2014-01-02,SJS,EDM,5,1
20132014,2014-01-03,NJD,CHI,3,5
20132014,2014-01-03,PIT,NYR,5,2
20132014,2014-01-03,CGY,TBL,0,2
20132014,2014-01-03,ANA,EDM,5,2
20132014,2014-01-04,BOS,WPG,4,1
20132014,2014-01-04,COL,SJS,4,3
20132014,2014-01-04,BUF,NJD,2,1
20132014,2014-01-04,TOR,NYR,1,7
20132014,2014-01-04,MTL,OTT,3,4
20132014,2014-01-04,FLA,NSH,5,4
20132014,2014-01-04,NYI,CAR,2,3
20132014,2014-01-04,STL,CBJ,6,2
20132014,2014-01-04,DAL,DET,1,5
20132014,2014-01-04,MIN,WSH,5,3
20132014,2014-01-04,PHX,PHI,3,5
20132014,2014-01-04,LAK,VAN,3,1
20132014,2014-01-05,PIT,WPG,6,5
20132014,2014-01-05,CAR,NSH,2,1
20132014,2014-01-05,CHI,SJS,2,3
20132014,2014-01-05,EDM,TBL,5,3
20132014,2014-01-05,ANA,VAN,4,3
20132014,2014-01-06,NYI,DAL,7,3
20132014,2014-01-06,NYR,CBJ,3,4
20132014,2014-01-06,MTL,FLA,2,1
20132014,2014-01-06,COL,CGY,3,4
20132014,2014-01-07,TOR,NYI,3,5
20132014,2014-01-07,NJD,PHI,2,3
20132014,2014-01-07,NSH,SJS,3,2
20132014,2014-01-07,WPG,TBL,2,4
20132014,2014-01-07,PHX,CGY,6,0
20132014,2014-01-07,EDM,STL,2,5
20132014,2014-01-07,VAN,PIT,4,5
20132014,2014-01-07,ANA,BOS,5,2
20132014,2014-01-07,LAK,MIN,1,2
20132014,2014-01-08,PHI,MTL,3,1
20132014,2014-01-08,CHI,NYR,2,3
20132014,2014-01-08,COL,OTT,4,3
20132014,2014-01-09,BUF,FLA,1,2
20132014,2014-01-09,NJD,DAL,1,0
20132014,2014-01-09,CAR,TOR,6,1
20132014,2014-01-09,TBL,WSH,3,4
20132014,2014-01-09,NSH,ANA,3,4
20132014,2014-01-09,CGY,STL,0,5
20132014,2014-01-09,PHX,MIN,1,4
20132014,2014-01-09,LAK,BOS,4,2
20132014,2014-01-09,SJS,DET,4,1
20132014,2014-01-10,NYR,DAL,3,2
20132014,2014-01-10,WSH,TOR,3,2
20132014,2014-01-10,CBJ,CAR,3,0
20132014,2014-01-10,COL,NYI,1,2
20132014,2014-01-10,EDM,PIT,4,3
20132014,2014-01-10,VAN,STL,2,1
20132014,2014-01-11,PHI,TBL,3,6
20132014,2014-01-11,MTL,CHI,2,1
20132014,2014-01-11,NJD,FLA,2,1
20132014,2014-01-11,NSH,OTT,1,2
20132014,2014-01-11,WPG,CBJ,3,6
20132014,2014-01-11,MIN,COL,2,4
20132014,2014-01-11,PHX,ANA,3,5
20132014,2014-01-11,CGY,PIT,1,2
20132014,2014-01-11,LAK,DET,1,3
20132014,2014-01-11,SJS,BOS,0,1
20132014,2014-01-12,WSH,BUF,1,2
20132014,2014-01-12,DAL,NYI,2,4
20132014,2014-01-12,TOR,NJD,3,2
20132014,2014-01-12,NYR,PHI,4,1
20132014,2014-01-12,CHI,EDM,5,3
20132014,2014-01-12,NSH,MIN,0,4
20132014,2014-01-12,ANA,DET,1,0
20132014,2014-01-13,CAR,CGY,0,2
20132014,2014-01-13,CBJ,TBL,3,2
20132014,2014-01-13,WPG,PHX,5,1
20132014,2014-01-13,LAK,VAN,1,0
20132014,2014-01-14,BOS,TOR,3,4
20132014,2014-01-14,NYR,TBL,1,2
20132014,2014-01-14,WSH,SJS,1,2
20132014,2014-01-14,BUF,PHI,3,4
20132014,2014-01-14,MTL,NJD,1,4
20132014,2014-01-14,FLA,NYI,4,2
20132014,2014-01-14,CHI,COL,2,3
20132014,2014-01-14,STL,PHX,2,1
20132014,2014-01-14,NSH,CGY,4,2
20132014,2014-01-14,MIN,OTT,0,3
20132014,2014-01-14,DAL,EDM,5,2
20132014,2014-01-15,TOR,BUF,4,3
20132014,2014-01-15,PIT,WSH,4,3
20132014,2014-01-15,ANA,VAN,9,1
20132014,2014-01-16,NYR,DET,1,0
20132014,2014-01-16,PHI,NSH,3,4
20132014,2014-01-16,OTT,MTL,4,5
20132014,2014-01-16,TBL,NYI,1,2
20132014,2014-01-16,FLA,SJS,0,3
20132014,2014-01-16,STL,LAK,1,4
20132014,2014-01-16,MIN,EDM,4,1
20132014,2014-01-16,DAL,BOS,2,4
20132014,2014-01-16,COL,NJD,2,1
20132014,2014-01-16,CGY,WPG,2,5
20132014,2014-01-16,PHX,VAN,1,0
20132014,2014-01-17,CBJ,WSH,5,1
20132014,2014-01-17,CHI,ANA,4,2
20132014,2014-01-18,OTT,NYR,1,4
20132014,2014-01-18,TBL,SJS,4,5
20132014,2014-01-18,WPG,EDM,3,2
20132014,2014-01-18,BUF,CBJ,3,4
20132014,2014-01-18,TOR,MTL,5,3
20132014,2014-01-18,DET,LAK,3,2
20132014,2014-01-18,PHI,NYI,6,4
20132014,2014-01-18,CAR,FLA,3,2
20132014,2014-01-18,STL,ANA,2,3
20132014,2014-01-18,NSH,COL,4,5
20132014,2014-01-18,PHX,NJD,3,2
20132014,2014-01-18,MIN,DAL,3,2
20132014,2014-01-18,VAN,CGY,3,2
20132014,2014-01-19,CHI,BOS,3,2
20132014,2014-01-19,CAR,TBL,3,5
20132014,2014-01-19,NYR,WSH,4,1
20132014,2014-01-20,NYI,PHI,4,3
20132014,2014-01-20,BOS,LAK,3,2
20132014,2014-01-20,PIT,FLA,1,5
20132014,2014-01-20,DET,STL,1,4
20132014,2014-01-20,NSH,DAL,4,1
20132014,2014-01-20,PHX,TOR,2,4
20132014,2014-01-20,SJS,CGY,3,2
20132014,2014-01-21,BUF,FLA,3,4
20132014,2014-01-21,NJD,STL,7,1
20132014,2014-01-21,NYR,NYI,3,5
20132014,2014-01-21,WSH,OTT,0,2
20132014,2014-01-21,CBJ,LAK,5,3
20132014,2014-01-21,DAL,MIN,4,0
20132014,2014-01-21,COL,TOR,2,5
20132014,2014-01-21,EDM,VAN,1,2
20132014,2014-01-21,ANA,WPG,2,3
20132014,2014-01-22,PHI,CAR,2,3
20132014,2014-01-22,PIT,MTL,5,1
20132014,2014-01-22,DET,CHI,5,4
20132014,2014-01-22,CGY,PHX,3,2
20132014,2014-01-23,BUF,CAR,3,5
20132014,2014-01-23,NYR,STL,1,2
20132014,2014-01-23,CBJ,PHI,5,2
20132014,2014-01-23,TBL,OTT,4,3
20132014,2014-01-23,NYI,PIT,4,6
20132014,2014-01-23,MIN,CHI,2,1
20132014,2014-01-23,DAL,TOR,7,1
20132014,2014-01-23,VAN,NSH,1,2
20132014,2014-01-23,ANA,LAK,2,1
20132014,2014-01-23,SJS,WPG,1,0
20132014,2014-01-24,NJD,WSH,2,1
20132014,2014-01-24,DET,MTL,4,1
20132014,2014-01-24,FLA,COL,2,3
20132014,2014-01-24,CGY,NSH,5,4
20132014,2014-01-24,EDM,PHX,3,4
20132014,2014-01-25,CAR,OTT,6,3
20132014,2014-01-25,NYI,STL,3,4
20132014,2014-01-25,PHI,BOS,1,6
20132014,2014-01-25,MTL,WSH,0,5
20132014,2014-01-25,TBL,COL,5,2
20132014,2014-01-25,CBJ,BUF,2,5
20132014,2014-01-25,WPG,TOR,5,4
20132014,2014-01-25,DAL,PIT,3,0
20132014,2014-01-25,LAK,ANA,0,3
20132014,2014-01-25,SJS,MIN,3,2
20132014,2014-01-26,NJD,NYR,3,7
20132014,2014-01-26,DET,FLA,4,5
20132014,2014-01-26,CHI,WPG,1,3
20132014,2014-01-26,EDM,NSH,5,1
20132014,2014-01-26,VAN,PHX,5,4
20132014,2014-01-27,NYI,BOS,3,6
20132014,2014-01-27,CAR,CBJ,3,2
20132014,2014-01-27,PIT,BUF,3,0
20132014,2014-01-27,DAL,COL,3,4
20132014,2014-01-27,VAN,EDM,2,4
20132014,2014-01-27,SJS,LAK,0,1
20132014,2014-01-28,BOS,FLA,6,2
20132014,2014-01-28,TOR,TBL,3,2
20132014,2014-01-28,PHI,DET,5,0
20132014,2014-01-28,CBJ,OTT,2,3
20132014,2014-01-28,BUF,WSH,4,5
20132014,2014-01-28,MTL,CAR,3,0
20132014,2014-01-28,STL,NJD,3,0
20132014,2014-01-28,WPG,NSH,3,4
20132014,2014-01-28,PHX,LAK,3,0
20132014,2014-01-28,CGY,CHI,5,4
20132014,2014-01-28,ANA,MIN,2,4
20132014,2014-01-29,NYI,NYR,1,2
20132014,2014-01-29,EDM,SJS,3,0
20132014,2014-01-29,VAN,CHI,2,5
20132014,2014-01-30,BOS,MTL,1,4
20132014,2014-01-30,TOR,FLA,6,3
20132014,2014-01-30,CBJ,WSH,5,2
20132014,2014-01-30,OTT,TBL,5,3
20132014,2014-01-30,DAL,NJD,2,3
20132014,2014-01-30,COL,MIN,5,4
20132014,2014-01-30,CGY,SJS,4,1
20132014,2014-01-30,PHX,BUF,2,3
20132014,2014-01-30,ANA,PHI,5,3
20132014,2014-01-30,LAK,PIT,1,4
20132014,2014-01-31,NYR,NYI,4,1
20132014,2014-01-31,CAR,STL,3,1
20132014,2014-01-31,DET,WSH,4,3
20132014,2014-01-31,NSH,NJD,3,2
20132014,2014-01-31,WPG,VAN,4,3
20132014,2014-02-01,BOS,EDM,4,0
20132014,2014-02-01,MTL,TBL,1,2
20132014,2014-02-01,COL,BUF,7,1
20132014,2014-02-01,LAK,PHI,0,2
20132014,2014-02-01,TOR,OTT,6,3
20132014,2014-02-01,CBJ,FLA,4,1
20132014,2014-02-01,STL,NSH,4,3
20132014,2014-02-01,PHX,PIT,3,1
20132014,2014-02-01,CGY,MIN,4,3
20132014,2014-02-01,ANA,DAL,0,2
20132014,2014-02-01,SJS,CHI,2,1
20132014,2014-02-02,WSH,DET,6,5
20132014,2014-02-02,MTL,WPG,1,2
20132014,2014-02-03,BUF,EDM,2,3
20132014,2014-02-03,PIT,OTT,2,1
20132014,2014-02-03,DET,VAN,2,0
20132014,2014-02-03,NJD,COL,1,2
20132014,2014-02-03,ANA,CBJ,2,4
20132014,2014-02-03,LAK,CHI,3,5
20132014,2014-02-03,SJS,PHI,2,5
20132014,2014-02-04,BOS,VAN,3,1
20132014,2014-02-04,NYR,COL,5,1
20132014,2014-02-04,CAR,WPG,1,2
20132014,2014-02-04,MTL,CGY,2,0
20132014,2014-02-04,FLA,TOR,4,1
20132014,2014-02-04,WSH,NYI,0,1
20132014,2014-02-04,STL,OTT,4,5
20132014,2014-02-04,MIN,TBL,2,1
20132014,2014-02-04,PHX,DAL,1,3
20132014,2014-02-05,BUF,PIT,1,5
20132014,2014-02-05,ANA,CHI,0,2
20132014,2014-02-05,SJS,DAL,2,1
20132014,2014-02-06,NYI,CGY,2,4
20132014,2014-02-06,NYR,EDM,1,2
20132014,2014-02-06,PHI,COL,3,1
20132014,2014-02-06,WSH,WPG,4,2
20132014,2014-02-06,MTL,VAN,5,2
20132014,2014-02-06,OTT,BUF,3,2
20132014,2014-02-06,TBL,TOR,1,4
20132014,2014-02-06,FLA,DET,1,3
20132014,2014-02-06,STL,BOS,3,2
20132014,2014-02-06,MIN,NSH,3,2
20132014,2014-02-06,LAK,CBJ,2,1
20132014,2014-02-07,NJD,EDM,2,1
20132014,2014-02-07,PIT,NYR,3,4
20132014,2014-02-07,CAR,FLA,5,1
20132014,2014-02-07,PHX,CHI,2,0
20132014,2014-02-07,SJS,CBJ,3,2
20132014,2014-02-08,PHI,CGY,2,1
20132014,2014-02-08,STL,WPG,4,3
20132014,2014-02-08,BOS,OTT,7,2
20132014,2014-02-08,TOR,VAN,3,1
20132014,2014-02-08,CAR,MTL,1,4
20132014,2014-02-08,TBL,DET,4,2
20132014,2014-02-08,NYI,COL,2,5
20132014,2014-02-08,WSH,NJD,3,0
20132014,2014-02-08,NSH,ANA,2,5
20132014,2014-02-08,DAL,PHX,2,1
20132014,2014-02-25,BUF,CAR,3,2
20132014,2014-02-26,BUF,BOS,5,4
20132014,2014-02-26,MTL,DET,1,2
20132014,2014-02-26,COL,LAK,4,6
20132014,2014-02-26,VAN,STL,1,0
20132014,2014-02-27,NJD,CBJ,5,2
20132014,2014-02-27,NYI,TOR,5,4
20132014,2014-02-27,NYR,CHI,2,1
20132014,2014-02-27,PHI,SJS,3,7
20132014,2014-02-27,PIT,MTL,5,6
20132014,2014-02-27,OTT,DET,1,6
20132014,2014-02-27,FLA,WSH,4,5
20132014,2014-02-27,NSH,TBL,3,2
20132014,2014-02-27,WPG,PHX,3,2
20132014,2014-02-27,DAL,CAR,4,1
20132014,2014-02-27,CGY,LAK,0,2
20132014,2014-02-27,EDM,MIN,0,3
20132014,2014-02-28,BUF,SJS,4,2
20132014,2014-02-28,COL,PHX,4,2
20132014,2014-02-28,VAN,MIN,1,2
20132014,2014-02-28,ANA,STL,1,0
20132014,2014-03-01,BOS,WSH,2,4
20132014,2014-03-01,NYI,NJD,1,6
20132014,2014-03-01,PHI,NYR,4,2
20132014,2014-03-01,CBJ,FLA,6,3
20132014,2014-03-01,NSH,WPG,1,3
20132014,2014-03-01,DAL,TBL,2,4
20132014,2014-03-01,LAK,CAR,3,1
20132014,2014-03-01,MTL,TOR,4,3
20132014,2014-03-01,CHI,PIT,5,1
20132014,2014-03-01,EDM,CGY,1,2
20132014,2014-03-02,WSH,PHI,4,5
20132014,2014-03-02,NJD,SJS,2,4
20132014,2014-03-02,NYI,FLA,3,5
20132014,2014-03-02,VAN,OTT,2,4
20132014,2014-03-02,NYR,BOS,3,6
20132014,2014-03-02,COL,TBL,6,3
20132014,2014-03-02,PHX,STL,2,4
20132014,2014-03-02,ANA,CAR,5,3
20132014,2014-03-03,TOR,CBJ,1,2
20132014,2014-03-03,DAL,BUF,3,2
20132014,2014-03-03,MIN,CGY,3,2
20132014,2014-03-03,LAK,MTL,2,1
20132014,2014-03-04,BOS,FLA,4,1
20132014,2014-03-04,NJD,DET,4,3
20132014,2014-03-04,CBJ,DAL,4,2
20132014,2014-03-04,CHI,COL,2,4
20132014,2014-03-04,STL,TBL,4,2
20132014,2014-03-04,NSH,PIT,1,3
20132014,2014-03-04,WPG,NYI,2,3
20132014,2014-03-04,PHX,VAN,1,0
20132014,2014-03-04,EDM,OTT,3,2
20132014,2014-03-04,SJS,CAR,2,3
20132014,2014-03-05,NYR,TOR,2,3
20132014,2014-03-05,PHI,WSH,6,4
20132014,2014-03-05,CGY,OTT,4,1
20132014,2014-03-05,ANA,MTL,3,4
20132014,2014-03-06,BOS,WSH,3,0
20132014,2014-03-06,WPG,LAK,1,3
20132014,2014-03-06,TBL,BUF,1,3
20132014,2014-03-06,DET,COL,2,3
20132014,2014-03-06,CHI,CBJ,6,1
20132014,2014-03-06,NSH,STL,1,2
20132014,2014-03-06,DAL,VAN,6,1
20132014,2014-03-06,PHX,MTL,5,2
20132014,2014-03-06,EDM,NYI,3,2
20132014,2014-03-06,SJS,PIT,5,3
20132014,2014-03-07,CAR,NYR,2,4
20132014,2014-03-07,DET,NJD,7,4
20132014,2014-03-07,FLA,BUF,2,0
20132014,2014-03-07,CGY,NYI,4,3
20132014,2014-03-07,ANA,PIT,2,3
20132014,2014-03-08,WPG,OTT,3,5
20132014,2014-03-08,COL,STL,1,2
20132014,2014-03-08,TOR,PHI,4,3
20132014,2014-03-08,TBL,BOS,3,4
20132014,2014-03-08,NJD,CAR,5,4
20132014,2014-03-08,WSH,PHX,3,2
20132014,2014-03-08,NSH,CBJ,0,1
20132014,2014-03-08,DAL,MIN,4,3
20132014,2014-03-08,VAN,CGY,2,1
20132014,2014-03-08,SJS,MTL,4,0
20132014,2014-03-09,NYR,DET,3,0
20132014,2014-03-09,FLA,BOS,2,5
20132014,2014-03-09,BUF,CHI,1,2
20132014,2014-03-09,MIN,STL,2,3
20132014,2014-03-09,EDM,LAK,2,4
20132014,2014-03-10,WSH,PIT,2,3
20132014,2014-03-10,OTT,NSH,3,4
20132014,2014-03-10,TBL,PHX,3,4
20132014,2014-03-10,COL,WPG,3,2
20132014,2014-03-10,CGY,LAK,2,3
20132014,2014-03-10,VAN,NYI,4,7
20132014,2014-03-10,ANA,TOR,1,3
20132014,2014-03-11,BUF,NSH,1,4
20132014,2014-03-11,PHI,NJD,1,2
20132014,2014-03-11,CAR,NYR,3,1
20132014,2014-03-11,CBJ,DET,4,1
20132014,2014-03-11,FLA,PHX,1,3
20132014,2014-03-11,PIT,WSH,2,0
20132014,2014-03-11,STL,DAL,2,3
20132014,2014-03-11,MIN,EDM,3,4
20132014,2014-03-11,SJS,TOR,6,2
20132014,2014-03-12,MTL,BOS,1,4
20132014,2014-03-12,WPG,VAN,2,3
20132014,2014-03-12,COL,CHI,3,2
20132014,2014-03-12,CGY,ANA,7,2
20132014,2014-03-13,BOS,PHX,2,1
20132014,2014-03-13,CAR,BUF,4,2
20132014,2014-03-13,CBJ,SJS,3,4
20132014,2014-03-13,TBL,FLA,5,4
20132014,2014-03-13,STL,EDM,6,2
20132014,2014-03-13,MIN,NYR,2,1
20132014,2014-03-13,LAK,TOR,2,3
20132014,2014-03-14,NYI,SJS,3,4
20132014,2014-03-14,WSH,VAN,4,3
20132014,2014-03-14,DET,EDM,2,1
20132014,2014-03-14,FLA,NJD,5,3
20132014,2014-03-14,CHI,NSH,2,3
20132014,2014-03-14,WPG,NYR,2,4
20132014,2014-03-14,DAL,CGY,3,4
20132014,2014-03-14,COL,ANA,4,6
20132014,2014-03-15,BOS,CAR,5,1
20132014,2014-03-15,PHI,PIT,4,0
20132014,2014-03-15,MTL,OTT,5,4
20132014,2014-03-15,TBL,NJD,3,0
20132014,2014-03-15,NYI,BUF,4,1
20132014,2014-03-15,NSH,STL,1,4
20132014,2014-03-15,MIN,CBJ,1,2
20132014,2014-03-15,PHX,CGY,3,2
20132014,2014-03-15,LAK,ANA,1,2
20132014,2014-03-16,PIT,PHI,3,4
20132014,2014-03-16,FLA,VAN,3,4
20132014,2014-03-16,WSH,TOR,4,2
20132014,2014-03-16,CAR,EDM,1,2
20132014,2014-03-16,NYR,SJS,0,1
20132014,2014-03-16,OTT,COL,1,3
20132014,2014-03-16,BUF,MTL,0,2
20132014,2014-03-16,CHI,DET,4,1
20132014,2014-03-16,WPG,DAL,7,2
20132014,2014-03-17,BOS,MIN,4,1
20132014,2014-03-17,TBL,VAN,4,3
20132014,2014-03-17,STL,WPG,3,1
20132014,2014-03-17,LAK,PHX,3,4
20132014,2014-03-18,NJD,BOS,2,4
20132014,2014-03-18,NYI,MIN,0,6
20132014,2014-03-18,PIT,DAL,5,1
20132014,2014-03-18,CBJ,CAR,1,3
20132014,2014-03-18,MTL,COL,6,3
20132014,2014-03-18,OTT,NYR,4,8
20132014,2014-03-18,DET,TOR,3,2
20132014,2014-03-18,PHI,CHI,3,2
20132014,2014-03-18,CGY,BUF,3,1
20132014,2014-03-18,EDM,NSH,5,1
20132014,2014-03-18,ANA,WSH,2,3
20132014,2014-03-18,SJS,FLA,2,3
20132014,2014-03-19,TOR,TBL,3,5
20132014,2014-03-19,CHI,STL,4,0
20132014,2014-03-19,WPG,COL,5,4
20132014,2014-03-19,VAN,NSH,2,0
20132014,2014-03-20,NJD,MIN,4,3
20132014,2014-03-20,PHI,DAL,4,2
20132014,2014-03-20,MTL,CBJ,2,3
20132014,2014-03-20,OTT,TBL,4,5
20132014,2014-03-20,DET,PIT,5,4
20132014,2014-03-20,EDM,BUF,1,3
20132014,2014-03-20,PHX,FLA,2,1
20132014,2014-03-20,LAK,WSH,2,1
20132014,2014-03-20,SJS,ANA,3,2
20132014,2014-03-21,CBJ,NYR,1,3
20132014,2014-03-21,CHI,CAR,3,2
20132014,2014-03-21,COL,BOS,0,2
20132014,2014-03-21,CGY,NSH,5,6
20132014,2014-03-22,PHI,STL,4,1
20132014,2014-03-22,PIT,TBL,4,3
20132014,2014-03-22,MIN,DET,2,3
20132014,2014-03-22,DAL,OTT,3,1
20132014,2014-03-22,LAK,FLA,4,0
20132014,2014-03-22,TOR,MTL,3,4
20132014,2014-03-22,NJD,NYR,0,2
20132014,2014-03-22,WPG,CAR,2,3
20132014,2014-03-22,PHX,BOS,2,4
20132014,2014-03-22,EDM,CGY,1,8
20132014,2014-03-22,SJS,WSH,2,3
20132014,2014-03-23,NYI,CBJ,2,0
20132014,2014-03-23,PIT,STL,0,1
20132014,2014-03-23,NJD,TOR,3,2
20132014,2014-03-23,CHI,NSH,0,2
20132014,2014-03-23,DET,MIN,3,4
20132014,2014-03-23,VAN,BUF,4,2
20132014,2014-03-23,ANA,FLA,6,2
20132014,2014-03-24,NYR,PHX,4,3
20132014,2014-03-24,PHI,LAK,2,3
20132014,2014-03-24,BOS,MTL,1,2
20132014,2014-03-24,TBL,OTT,3,4
20132014,2014-03-24,DAL,WPG,2,1
20132014,2014-03-24,CGY,SJS,2,1
20132014,2014-03-25,TOR,STL,3,5
20132014,2014-03-25,PIT,PHX,2,3
20132014,2014-03-25,WSH,LAK,4,5
20132014,2014-03-25,CAR,NYI,4,5
20132014,2014-03-25,MTL,BUF,2,0
20132014,2014-03-25,FLA,OTT,3,2
20132014,2014-03-25,CBJ,DET,4,2
20132014,2014-03-25,CHI,DAL,4,2
20132014,2014-03-25,NSH,COL,4,5
20132014,2014-03-25,EDM,SJS,2,5
20132014,2014-03-26,MIN,VAN,2,5
20132014,2014-03-26,NYR,PHI,3,1
20132014,2014-03-26,CGY,ANA,2,3
20132014,2014-03-27,BOS,CHI,3,0
20132014,2014-03-27,NJD,PHX,2,3
20132014,2014-03-27,PIT,LAK,2,3
20132014,2014-03-27,DET,MTL,4,5
20132014,2014-03-27,TBL,NYI,3,2
20132014,2014-03-27,FLA,CAR,0,3
20132014,2014-03-27,STL,MIN,5,1
20132014,2014-03-27,NSH,BUF,6,1
20132014,2014-03-27,COL,VAN,3,2
20132014,2014-03-27,SJS,WPG,3,4
20132014,2014-03-28,PHI,TOR,4,2
20132014,2014-03-28,CBJ,PIT,1,2
20132014,2014-03-28,OTT,CHI,5,3
20132014,2014-03-28,DAL,NSH,7,3
20132014,2014-03-28,CGY,NYR,4,3
20132014,2014-03-28,EDM,ANA,4,3
20132014,2014-03-29,WSH,BOS,2,4
20132014,2014-03-29,COL,SJS,3,2
20132014,2014-03-29,BUF,TBL,3,4
20132014,2014-03-29,TOR,DET,2,4
20132014,2014-03-29,FLA,MTL,1,4
20132014,2014-03-29,NYI,NJD,2,1
20132014,2014-03-29,CAR,CBJ,2,3
20132014,2014-03-29,STL,DAL,2,4
20132014,2014-03-29,PHX,MIN,1,3
20132014,2014-03-29,VAN,ANA,1,5
20132014,2014-03-29,LAK,WPG,4,2
20132014,2014-03-30,PHI,BOS,3,4
20132014,2014-03-30,OTT,CGY,6,3
20132014,2014-03-30,DET,TBL,3,2
20132014,2014-03-30,PIT,CHI,4,1
20132014,2014-03-30,NSH,WSH,4,3
20132014,2014-03-30,EDM,NYR,0,5
20132014,2014-03-31,OTT,CAR,2,1
20132014,2014-03-31,NJD,FLA,6,3
20132014,2014-03-31,ANA,WPG,5,4
20132014,2014-03-31,LAK,MIN,2,3
20132014,2014-04-01,BUF,NJD,3,2
20132014,2014-04-01,TOR,CGY,3,2
20132014,2014-04-01,NYI,FLA,4,2
20132014,2014-04-01,PIT,CAR,1,4
20132014,2014-04-01,WSH,DAL,0,5
20132014,2014-04-01,CBJ,COL,2,3
20132014,2014-04-01,TBL,MTL,3,1
20132014,2014-04-01,STL,PHI,1,0
20132014,2014-04-01,VAN,NYR,1,3
20132014,2014-04-01,PHX,WPG,1,2
20132014,2014-04-01,SJS,EDM,5,4
20132014,2014-04-02,OTT,NYI,1,2
20132014,2014-04-02,DET,BOS,3,2
20132014,2014-04-02,ANA,EDM,3,2
20132014,2014-04-02,LAK,PHX,4,0
20132014,2014-04-03,PHI,CBJ,0,2
20132014,2014-04-03,CAR,DAL,4,1
20132014,2014-04-03,TOR,BOS,4,3
20132014,2014-04-03,TBL,CGY,1,4
20132014,2014-04-03,CHI,MIN,3,2
20132014,2014-04-03,STL,BUF,2,1
20132014,2014-04-03,WPG,PIT,2,4
20132014,2014-04-03,COL,NYR,3,2
20132014,2014-04-03,SJS,LAK,2,1
20132014,2014-04-04,OTT,MTL,4,7
20132014,2014-04-04,CBJ,CHI,3,4
20132014,2014-04-04,NJD,WSH,2,1
20132014,2014-04-04,DET,BUF,3,2
20132014,2014-04-04,FLA,CGY,1,2
20132014,2014-04-04,PHX,EDM,2,3
20132014,2014-04-04,ANA,NSH,2,5
20132014,2014-04-05,BOS,PHI,5,2
20132014,2014-04-05,STL,COL,0,4
20132014,2014-04-05,NYI,WSH,3,4
20132014,2014-04-05,TOR,WPG,2,4
20132014,2014-04-05,MTL,DET,5,3
20132014,2014-04-05,TBL,DAL,2,5
20132014,2014-04-05,NYR,OTT,2,3
20132014,2014-04-05,CAR,NJD,1,3
20132014,2014-04-05,MIN,PIT,4,0
20132014,2014-04-05,VAN,LAK,2,1
20132014,2014-04-05,SJS,NSH,0,3
20132014,2014-04-06,CHI,STL,4,2
20132014,2014-04-06,FLA,DAL,3,2
20132014,2014-04-06,CBJ,NYI,4,0
20132014,2014-04-06,PHI,BUF,5,2
20132014,2014-04-06,COL,PIT,2,3
20132014,2014-04-06,EDM,ANA,4,2
20132014,2014-04-07,NJD,CGY,0,1
20132014,2014-04-07,WPG,MIN,0,1
20132014,2014-04-07,VAN,ANA,0,3
20132014,2014-04-08,BUF,DET,2,4
20132014,2014-04-08,NYI,OTT,1,4
20132014,2014-04-08,NYR,CAR,4,1
20132014,2014-04-08,CBJ,PHX,4,3
20132014,2014-04-08,TBL,TOR,3,0
20132014,2014-04-08,FLA,PHI,2,5
20132014,2014-04-08,STL,WSH,1,4
20132014,2014-04-08,MIN,BOS,4,3
20132014,2014-04-08,DAL,NSH,3,2
20132014,2014-04-08,EDM,COL,1,4
20132014,2014-04-09,CHI,MTL,3,2
20132014,2014-04-09,PIT,DET,4,3
20132014,2014-04-09,DAL,CBJ,1,3
20132014,2014-04-09,CGY,LAK,4,3
20132014,2014-04-09,ANA,SJS,5,2
20132014,2014-04-10,NYR,BUF,2,1
20132014,2014-04-10,CAR,WSH,2,5
20132014,2014-04-10,MTL,NYI,0,2
20132014,2014-04-10,OTT,NJD,2,1
20132014,2014-04-10,TBL,PHI,4,2
20132014,2014-04-10,FLA,TOR,4,2
20132014,2014-04-10,NSH,PHX,2,0
20132014,2014-04-10,MIN,STL,4,2
20132014,2014-04-10,WPG,BOS,2,1
20132014,2014-04-10,EDM,LAK,0,3
20132014,2014-04-10,VAN,COL,2,4
20132014,2014-04-11,WSH,CHI,4,0
20132014,2014-04-11,DET,CAR,1,2
20132014,2014-04-11,TBL,CBJ,3,2
20132014,2014-04-11,NJD,NYI,2,3
20132014,2014-04-11,DAL,STL,3,0
20132014,2014-04-11,CGY,WPG,3,5
20132014,2014-04-11,SJS,COL,5,1
20132014,2014-04-12,BOS,BUF,4,1
20132014,2014-04-12,PIT,PHI,3,4
20132014,2014-04-12,MTL,NYR,1,0
20132014,2014-04-12,OTT,TOR,1,0
20132014,2014-04-12,FLA,CBJ,2,3
20132014,2014-04-12,NSH,CHI,7,5
20132014,2014-04-12,PHX,SJS,2,3
20132014,2014-04-12,EDM,VAN,5,2
20132014,2014-04-12,LAK,ANA,3,4
20132014,2014-04-13,STL,DET,0,3
20132014,2014-04-13,NJD,BOS,3,2
20132014,2014-04-13,PHI,CAR,5,6
20132014,2014-04-13,WSH,TBL,0,1
20132014,2014-04-13,BUF,NYI,3,4
20132014,2014-04-13,PIT,OTT,2,3
20132014,2014-04-13,MIN,NSH,3,7
20132014,2014-04-13,ANA,COL,3,2
20132014,2014-04-13,VAN,CGY,5,1
20132014,2014-04-13,PHX,DAL,2,1
20142015,2014-10-08,TOR,MTL,3,4
20142015,2014-10-08,BOS,PHI,2,1
20142015,2014-10-08,CGY,VAN,2,4
20142015,2014-10-08,LAK,SJS,0,4
20142015,2014-10-09,BUF,CBJ,1,3
20142015,2014-10-09,PHI,NJD,4,6
20142015,2014-10-09,PIT,ANA,6,4
20142015,2014-10-09,WSH,MTL,1,2
20142015,2014-10-09,DET,BOS,2,1
20142015,2014-10-09,TBL,FLA,3,2
20142015,2014-10-09,STL,NYR,2,3
20142015,2014-10-09,NSH,OTT,3,2
20142015,2014-10-09,DAL,CHI,2,3
20142015,2014-10-09,MIN,COL,5,0
20142015,2014-10-09,EDM,CGY,2,5
20142015,2014-10-09,ARI,WPG,2,6
20142015,2014-10-10,CAR,NYI,3,5
20142015,2014-10-11,BOS,WSH,0,4
20142015,2014-10-11,TOR,PIT,2,5
20142015,2014-10-11,DET,ANA,2,3
20142015,2014-10-11,TBL,OTT,2,3
20142015,2014-10-11,FLA,NJD,1,5
20142015,2014-10-11,NYI,CAR,4,3
20142015,2014-10-11,PHI,MTL,3,4
20142015,2014-10-11,CBJ,NYR,5,2
20142015,2014-10-11,STL,CGY,4,1
20142015,2014-10-11,NSH,DAL,4,1
20142015,2014-10-11,CHI,BUF,6,2
20142015,2014-10-11,COL,MIN,0,3
20142015,2014-10-11,ARI,LAK,3,2
20142015,2014-10-11,VAN,EDM,5,4
20142015,2014-10-11,SJS,WPG,3,0
20142015,2014-10-12,NYR,TOR,3,6
20142015,2014-10-12,LAK,WPG,4,1
20142015,2014-10-13,BOS,COL,1,2
20142015,2014-10-13,BUF,ANA,1,5
20142015,2014-10-13,FLA,OTT,0,1
20142015,2014-10-13,TBL,MTL,7,1
20142015,2014-10-14,NYR,NYI,3,6
20142015,2014-10-14,PHI,ANA,3,4
20142015,2014-10-14,WSH,SJS,5,6
20142015,2014-10-14,CBJ,DAL,2,4
20142015,2014-10-14,CAR,BUF,3,4
20142015,2014-10-14,TOR,COL,3,2
20142015,2014-10-14,TBL,NJD,1,2
20142015,2014-10-14,NSH,CGY,2,3
20142015,2014-10-14,LAK,EDM,6,1
20142015,2014-10-15,DET,BOS,2,3
20142015,2014-10-15,CHI,CGY,1,2
20142015,2014-10-15,ARI,EDM,7,4
20142015,2014-10-16,NYI,SJS,4,3
20142015,2014-10-16,PIT,DAL,2,3
20142015,2014-10-16,WSH,NJD,6,2
20142015,2014-10-16,NYR,CAR,2,1
20142015,2014-10-16,MTL,BOS,6,4
20142015,2014-10-16,OTT,COL,5,3
20142015,2014-10-16,LAK,STL,1,0
20142015,2014-10-17,BUF,FLA,0,1
20142015,2014-10-17,CBJ,CGY,3,2
20142015,2014-10-17,TOR,DET,1,4
20142015,2014-10-17,WPG,NSH,0,2
20142015,2014-10-17,EDM,VAN,0,2
20142015,2014-10-17,ANA,MIN,2,1
20142015,2014-10-18,BUF,BOS,0,4
20142015,2014-10-18,MTL,COL,3,2
20142015,2014-10-18,OTT,CBJ,3,2
20142015,2014-10-18,DET,TOR,1,0
20142015,2014-10-18,NJD,SJS,2,4
20142015,2014-10-18,PIT,NYI,3,1
20142015,2014-10-18,WSH,FLA,2,1
20142015,2014-10-18,DAL,PHI,5,6
20142015,2014-10-18,CHI,NSH,2,1
20142015,2014-10-18,ARI,STL,1,6
20142015,2014-10-18,VAN,TBL,2,4
20142015,2014-10-19,LAK,MIN,2,1
20142015,2014-10-19,NYR,SJS,4,0
20142015,2014-10-19,WPG,CGY,1,4
20142015,2014-10-19,ANA,STL,3,0
20142015,2014-10-20,EDM,TBL,3,2
20142015,2014-10-21,BOS,SJS,5,3
20142015,2014-10-21,NJD,NYR,3,4
20142015,2014-10-21,NYI,TOR,2,5
20142015,2014-10-21,MTL,DET,2,1
20142015,2014-10-21,NSH,ARI,4,3
20142015,2014-10-21,WPG,CAR,3,1
20142015,2014-10-21,CHI,PHI,4,0
20142015,2014-10-21,DAL,VAN,6,3
20142015,2014-10-21,COL,FLA,3,4
20142015,2014-10-21,CGY,TBL,1,2
20142015,2014-10-22,PIT,PHI,3,5
20142015,2014-10-22,EDM,WSH,3,2
20142015,2014-10-22,ANA,BUF,4,1
20142015,2014-10-23,BOS,NYI,2,3
20142015,2014-10-23,DET,PIT,4,3
20142015,2014-10-23,STL,VAN,1,4
20142015,2014-10-23,NSH,CHI,3,2
20142015,2014-10-23,MIN,ARI,2,0
20142015,2014-10-23,CGY,CAR,5,0
20142015,2014-10-23,LAK,BUF,2,0
20142015,2014-10-23,SJS,CBJ,4,5
20142015,2014-10-24,NJD,DAL,2,3
20142015,2014-10-24,WPG,TBL,2,4
20142015,2014-10-24,COL,VAN,7,3
20142015,2014-10-24,EDM,CAR,6,3
20142015,2014-10-24,ANA,CBJ,4,1
20142015,2014-10-25,SJS,BUF,1,2
20142015,2014-10-25,TOR,BOS,1,4
20142015,2014-10-25,MTL,NYR,3,1
20142015,2014-10-25,OTT,NJD,2,3
20142015,2014-10-25,NYI,DAL,7,5
20142015,2014-10-25,PHI,DET,4,2
20142015,2014-10-25,STL,CHI,3,2
20142015,2014-10-25,NSH,PIT,0,3
20142015,2014-10-25,MIN,TBL,7,2
20142015,2014-10-25,ARI,FLA,2,1
20142015,2014-10-25,CGY,WSH,1,3
20142015,2014-10-26,WPG,COL,2,1
20142015,2014-10-26,LAK,CBJ,5,2
20142015,2014-10-26,CHI,OTT,2,1
20142015,2014-10-26,ANA,SJS,1,4
20142015,2014-10-26,VAN,WSH,4,2
20142015,2014-10-27,NYR,MIN,5,4
20142015,2014-10-27,EDM,MTL,3,0
20142015,2014-10-28,BOS,MIN,3,4
20142015,2014-10-28,NYI,WPG,3,4
20142015,2014-10-28,PHI,LAK,3,2
20142015,2014-10-28,PIT,NJD,8,3
20142015,2014-10-28,CBJ,OTT,2,5
20142015,2014-10-28,TOR,BUF,4,0
20142015,2014-10-28,TBL,ARI,7,3
20142015,2014-10-28,CHI,ANA,0,1
20142015,2014-10-28,DAL,STL,3,4
20142015,2014-10-28,COL,SJS,2,3
20142015,2014-10-28,CGY,MTL,1,2
20142015,2014-10-28,VAN,CAR,4,1
20142015,2014-10-29,WSH,DET,2,4
20142015,2014-10-29,EDM,NSH,1,4
20142015,2014-10-30,BUF,BOS,2,3
20142015,2014-10-30,NJD,WPG,2,1
20142015,2014-10-30,PIT,LAK,3,0
20142015,2014-10-30,OTT,CHI,4,5
20142015,2014-10-30,TBL,PHI,4,3
20142015,2014-10-30,FLA,ARI,2,1
20142015,2014-10-30,STL,ANA,2,0
20142015,2014-10-30,MIN,SJS,4,3
20142015,2014-10-30,COL,NYI,5,0
20142015,2014-10-30,VAN,MTL,3,2
20142015,2014-10-31,CBJ,TOR,1,4
20142015,2014-10-31,DET,LAK,5,2
20142015,2014-10-31,DAL,ANA,1,2
20142015,2014-10-31,CGY,NSH,4,3
20142015,2014-11-01,BOS,OTT,4,2
20142015,2014-11-01,TOR,CHI,3,2
20142015,2014-11-01,TBL,WSH,4,3
20142015,2014-11-01,FLA,PHI,2,1
20142015,2014-11-01,NJD,CBJ,3,2
20142015,2014-11-01,NYR,WPG,0,1
20142015,2014-11-01,PIT,BUF,5,0
20142015,2014-11-01,CAR,ARI,3,0
20142015,2014-11-01,STL,COL,3,2
20142015,2014-11-01,MIN,DAL,4,1
20142015,2014-11-01,EDM,VAN,2,3
20142015,2014-11-01,SJS,NYI,3,1
20142015,2014-11-02,BUF,DET,3,2
20142015,2014-11-02,CAR,LAK,3,2
20142015,2014-11-02,MTL,CGY,2,6
20142015,2014-11-02,WSH,ARI,5,6
20142015,2014-11-02,COL,ANA,2,3
20142015,2014-11-02,CHI,WPG,0,1
20142015,2014-11-02,VAN,NSH,1,3
20142015,2014-11-03,NYR,STL,3,4
20142015,2014-11-04,BOS,FLA,2,1
20142015,2014-11-04,PHI,EDM,4,1
20142015,2014-11-04,WSH,CGY,3,4
20142015,2014-11-04,CBJ,CAR,2,4
20142015,2014-11-04,NJD,STL,0,1
20142015,2014-11-04,MTL,CHI,0,5
20142015,2014-11-04,OTT,DET,3,1
20142015,2014-11-04,MIN,PIT,1,4
20142015,2014-11-04,WPG,NSH,3,1
20142015,2014-11-04,DAL,LAK,1,3
20142015,2014-11-04,COL,VAN,2,5
20142015,2014-11-04,ARI,TOR,3,2
20142015,2014-11-05,BUF,MTL,1,2
20142015,2014-11-05,NYR,DET,4,3
20142015,2014-11-05,ANA,NYI,2,3
20142015,2014-11-06,BOS,EDM,5,2
20142015,2014-11-06,PHI,FLA,4,1
20142015,2014-11-06,OTT,MIN,3,0
20142015,2014-11-06,TBL,CGY,5,2
20142015,2014-11-06,STL,NJD,4,3
20142015,2014-11-06,WPG,PIT,3,4
20142015,2014-11-06,DAL,NSH,2,3
20142015,2014-11-06,COL,TOR,4,3
20142015,2014-11-06,LAK,NYI,1,2
20142015,2014-11-06,SJS,VAN,2,3
20142015,2014-11-07,BUF,EDM,2,3
20142015,2014-11-07,CAR,CBJ,3,2
20142015,2014-11-07,DET,NJD,4,2
20142015,2014-11-07,CHI,WSH,2,3
20142015,2014-11-07,ANA,ARI,2,3
20142015,2014-11-08,FLA,CGY,4,6
20142015,2014-11-08,BUF,PIT,1,6
20142015,2014-11-08,TOR,NYR,5,4
20142015,2014-11-08,MTL,MIN,4,1
20142015,2014-11-08,OTT,WPG,1,2
20142015,2014-11-08,PHI,COL,4,3
20142015,2014-11-08,CBJ,TBL,4,7
20142015,2014-11-08,WSH,CAR,4,3
20142015,2014-11-08,STL,NSH,1,2
20142015,2014-11-08,DAL,SJS,3,5
20142015,2014-11-08,ARI,NYI,0,1
20142015,2014-11-08,LAK,VAN,5,1
20142015,2014-11-09,OTT,TOR,3,5
20142015,2014-11-09,DET,TBL,3,4
20142015,2014-11-09,NYR,EDM,1,3
20142015,2014-11-09,CHI,SJS,5,2
20142015,2014-11-09,ANA,VAN,1,2
20142015,2014-11-10,BOS,NJD,4,2
20142015,2014-11-10,CAR,CGY,4,1
20142015,2014-11-11,NJD,MIN,3,1
20142015,2014-11-11,NYI,COL,6,0
20142015,2014-11-11,NYR,PIT,5,0
20142015,2014-11-11,WSH,CBJ,4,2
20142015,2014-11-11,MTL,WPG,3,0
20142015,2014-11-11,FLA,SJS,4,1
20142015,2014-11-11,STL,BUF,6,1
20142015,2014-11-11,NSH,EDM,3,2
20142015,2014-11-11,CHI,TBL,3,2
20142015,2014-11-11,ARI,DAL,3,4
20142015,2014-11-11,VAN,OTT,4,3
20142015,2014-11-12,TOR,BOS,6,1
20142015,2014-11-12,ANA,LAK,6,5
20142015,2014-11-13,NYR,COL,3,4
20142015,2014-11-13,CAR,WPG,1,3
20142015,2014-11-13,MTL,BOS,5,1
20142015,2014-11-13,TBL,SJS,1,2
20142015,2014-11-13,STL,NSH,4,3
20142015,2014-11-13,MIN,BUF,6,3
20142015,2014-11-13,CGY,ARI,5,3
20142015,2014-11-13,EDM,OTT,3,4
20142015,2014-11-13,LAK,DAL,0,2
20142015,2014-11-14,PHI,CBJ,3,4
20142015,2014-11-14,WSH,NJD,0,1
20142015,2014-11-14,TOR,PIT,1,2
20142015,2014-11-14,DET,CHI,4,1
20142015,2014-11-14,FLA,NYI,3,4
20142015,2014-11-14,VAN,ARI,0,5
20142015,2014-11-15,BOS,CAR,2,1
20142015,2014-11-15,DAL,MIN,1,2
20142015,2014-11-15,LAK,ANA,3,2
20142015,2014-11-15,BUF,TOR,6,2
20142015,2014-11-15,MTL,PHI,6,3
20142015,2014-11-15,TBL,NYI,5,2
20142015,2014-11-15,NJD,COL,2,3
20142015,2014-11-15,PIT,NYR,3,2
20142015,2014-11-15,CBJ,SJS,2,1
20142015,2014-11-15,NSH,WPG,2,1
20142015,2014-11-15,STL,WSH,4,1
20142015,2014-11-15,CGY,OTT,4,2
20142015,2014-11-16,CAR,SJS,0,2
20142015,2014-11-16,MIN,WPG,4,3
20142015,2014-11-16,DET,MTL,1,4
20142015,2014-11-16,CHI,DAL,6,2
20142015,2014-11-16,ANA,FLA,2,6
20142015,2014-11-16,EDM,ARI,1,2
20142015,2014-11-17,NYR,TBL,1,5
20142015,2014-11-18,BOS,STL,2,0
20142015,2014-11-18,NYI,TBL,5,2
20142015,2014-11-18,CBJ,DET,0,5
20142015,2014-11-18,BUF,SJS,4,1
20142015,2014-11-18,TOR,NSH,2,9
20142015,2014-11-18,MTL,PIT,0,4
20142015,2014-11-18,WPG,NJD,3,1
20142015,2014-11-18,DAL,CAR,4,6
20142015,2014-11-18,CGY,ANA,4,3
20142015,2014-11-18,ARI,WSH,1,2
20142015,2014-11-18,LAK,FLA,5,2
20142015,2014-11-19,NYR,PHI,2,0
20142015,2014-11-19,EDM,VAN,4,5
20142015,2014-11-20,PHI,MIN,2,3
20142015,2014-11-20,TOR,TBL,5,2
20142015,2014-11-20,MTL,STL,4,1
20142015,2014-11-20,OTT,NSH,3,2
20142015,2014-11-20,WPG,DET,3,4
20142015,2014-11-20,DAL,ARI,3,1
20142015,2014-11-20,COL,WSH,2,3
20142015,2014-11-20,CGY,CHI,3,4
20142015,2014-11-20,VAN,ANA,3,4
20142015,2014-11-20,LAK,CAR,3,2
20142015,2014-11-20,SJS,FLA,2,3
20142015,2014-11-21,PIT,NYI,4,5
20142015,2014-11-21,CBJ,BOS,3,4
20142015,2014-11-21,EDM,NJD,0,2
20142015,2014-11-22,OTT,STL,2,3
20142015,2014-11-22,BOS,MTL,0,2
20142015,2014-11-22,TOR,DET,4,1
20142015,2014-11-22,TBL,MIN,2,1
20142015,2014-11-22,NYI,PIT,4,1
20142015,2014-11-22,PHI,CBJ,4,2
20142015,2014-11-22,WSH,BUF,1,2
20142015,2014-11-22,NSH,FLA,3,2
20142015,2014-11-22,DAL,LAK,5,4
20142015,2014-11-22,COL,CAR,4,3
20142015,2014-11-22,CGY,NJD,5,4
20142015,2014-11-22,EDM,CHI,1,7
20142015,2014-11-22,SJS,ARI,3,4
20142015,2014-11-23,WPG,STL,2,4
20142015,2014-11-23,NYR,MTL,5,0
20142015,2014-11-23,ANA,ARI,2,1
20142015,2014-11-23,VAN,CHI,4,1
20142015,2014-11-24,BOS,PIT,2,3
20142015,2014-11-24,NYI,PHI,1,0
20142015,2014-11-24,DET,OTT,4,3
20142015,2014-11-24,FLA,MIN,1,4
20142015,2014-11-25,CBJ,WPG,2,4
20142015,2014-11-25,STL,OTT,2,3
20142015,2014-11-25,NSH,LAK,4,3
20142015,2014-11-25,DAL,EDM,3,2
20142015,2014-11-25,ARI,COL,3,4
20142015,2014-11-25,VAN,NJD,2,0
20142015,2014-11-25,ANA,CGY,3,2
20142015,2014-11-26,BUF,WPG,1,2
20142015,2014-11-26,NYI,WSH,3,2
20142015,2014-11-26,DET,PHI,5,2
20142015,2014-11-26,TBL,NYR,4,3
20142015,2014-11-26,FLA,CAR,1,0
20142015,2014-11-26,PIT,TOR,4,3
20142015,2014-11-26,MIN,LAK,0,4
20142015,2014-11-26,COL,CHI,2,3
20142015,2014-11-26,SJS,CGY,0,2
20142015,2014-11-27,NSH,EDM,1,0
20142015,2014-11-28,PHI,NYR,0,3
20142015,2014-11-28,ANA,CHI,1,4
20142015,2014-11-28,WSH,NYI,5,2
20142015,2014-11-28,BOS,WPG,2,1
20142015,2014-11-28,BUF,MTL,2,1
20142015,2014-11-28,NJD,DET,4,5
20142015,2014-11-28,PIT,CAR,2,4
20142015,2014-11-28,CBJ,VAN,0,5
20142015,2014-11-28,FLA,OTT,3,2
20142015,2014-11-28,STL,EDM,4,3
20142015,2014-11-28,DAL,MIN,4,5
20142015,2014-11-29,NYR,PHI,5,2
20142015,2014-11-29,TOR,WSH,6,2
20142015,2014-11-29,MTL,BUF,3,4
20142015,2014-11-29,TBL,OTT,4,1
20142015,2014-11-29,NYI,NJD,3,1
20142015,2014-11-29,CAR,PIT,2,3
20142015,2014-11-29,NSH,CBJ,2,1
20142015,2014-11-29,MIN,STL,2,3
20142015,2014-11-29,COL,DAL,5,2
20142015,2014-11-29,ARI,CGY,0,3
20142015,2014-11-29,LAK,CHI,1,4
20142015,2014-11-29,SJS,ANA,6,4
20142015,2014-11-30,DET,VAN,5,3
20142015,2014-12-01,NYR,TBL,3,6
20142015,2014-12-01,CBJ,FLA,2,1
20142015,2014-12-01,COL,MTL,3,4
20142015,2014-12-01,EDM,ARI,2,5
20142015,2014-12-01,ANA,BOS,3,2
20142015,2014-12-02,NYI,OTT,3,2
20142015,2014-12-02,PIT,NJD,1,0
20142015,2014-12-02,WSH,VAN,3,4
20142015,2014-12-02,CAR,NSH,2,1
20142015,2014-12-02,BUF,TBL,2,1
20142015,2014-12-02,TOR,DAL,5,3
20142015,2014-12-02,DET,FLA,3,4
20142015,2014-12-02,CGY,ARI,5,2
20142015,2014-12-02,SJS,PHI,2,1
20142015,2014-12-02,LAK,BOS,2,0
20142015,2014-12-03,MIN,MTL,2,1
20142015,2014-12-03,CHI,STL,4,1
20142015,2014-12-03,WPG,EDM,3,2
20142015,2014-12-03,ANA,PHI,5,4
20142015,2014-12-04,PIT,VAN,0,3
20142015,2014-12-04,CAR,WSH,1,2
20142015,2014-12-04,TOR,NJD,3,5
20142015,2014-12-04,OTT,NYI,1,2
20142015,2014-12-04,DET,DAL,5,2
20142015,2014-12-04,TBL,BUF,5,0
20142015,2014-12-04,FLA,CBJ,3,4
20142015,2014-12-04,NSH,STL,4,3
20142015,2014-12-04,CGY,COL,4,3
20142015,2014-12-04,ARI,LAK,0,4
20142015,2014-12-04,SJS,BOS,7,4
20142015,2014-12-05,MIN,ANA,4,5
20142015,2014-12-05,WPG,COL,6,2
20142015,2014-12-05,CHI,MTL,4,3
20142015,2014-12-06,PIT,OTT,3,2
20142015,2014-12-06,NYI,STL,4,6
20142015,2014-12-06,LAK,PHI,1,2
20142015,2014-12-06,TOR,VAN,5,2
20142015,2014-12-06,DET,NYR,3,2
20142015,2014-12-06,TBL,CBJ,1,3
20142015,2014-12-06,FLA,BUF,3,2
20142015,2014-12-06,NJD,WSH,1,4
20142015,2014-12-06,NSH,CHI,1,3
20142015,2014-12-06,DAL,MTL,4,1
20142015,2014-12-06,ARI,BOS,2,5
20142015,2014-12-06,CGY,SJS,2,3
20142015,2014-12-07,WPG,ANA,3,4
20142015,2014-12-07,CAR,DET,1,3
20142015,2014-12-07,OTT,VAN,4,3
20142015,2014-12-07,EDM,SJS,2,1
20142015,2014-12-08,NYR,PIT,4,3
20142015,2014-12-08,CAR,NJD,1,2
20142015,2014-12-08,STL,FLA,4,2
20142015,2014-12-09,NJD,CHI,2,3
20142015,2014-12-09,CBJ,PHI,3,2
20142015,2014-12-09,BUF,LAK,1,0
20142015,2014-12-09,TOR,CGY,4,1
20142015,2014-12-09,MTL,VAN,3,1
20142015,2014-12-09,TBL,WSH,3,5
20142015,2014-12-09,MIN,NYI,5,4
20142015,2014-12-09,DAL,WPG,2,5
20142015,2014-12-09,COL,NSH,0,3
20142015,2014-12-09,SJS,EDM,5,2
20142015,2014-12-10,DET,TOR,1,2
20142015,2014-12-10,ANA,EDM,2,1
20142015,2014-12-11,BOS,CHI,2,3
20142015,2014-12-11,BUF,CGY,4,3
20142015,2014-12-11,PHI,NJD,4,1
20142015,2014-12-11,WSH,CBJ,2,3
20142015,2014-12-11,OTT,LAK,3,5
20142015,2014-12-11,TBL,CAR,2,1
20142015,2014-12-11,STL,NYI,6,3
20142015,2014-12-11,COL,WPG,4,3
20142015,2014-12-11,ARI,NSH,1,5
20142015,2014-12-11,SJS,MIN,2,1
20142015,2014-12-12,PIT,CGY,3,1
20142015,2014-12-12,MTL,LAK,6,2
20142015,2014-12-12,DET,FLA,2,3
20142015,2014-12-12,EDM,ANA,2,4
20142015,2014-12-13,BOS,OTT,2,3
20142015,2014-12-13,PHI,CAR,5,1
20142015,2014-12-13,BUF,FLA,4,3
20142015,2014-12-13,TOR,DET,4,1
20142015,2014-12-13,NYI,CHI,3,2
20142015,2014-12-13,WSH,TBL,4,2
20142015,2014-12-13,CBJ,PIT,4,3
20142015,2014-12-13,WPG,ANA,1,4
20142015,2014-12-13,ARI,MIN,3,4
20142015,2014-12-13,DAL,NJD,4,3
20142015,2014-12-13,COL,STL,2,3
20142015,2014-12-13,VAN,NYR,1,5
20142015,2014-12-13,SJS,NSH,2,0
20142015,2014-12-14,TOR,LAK,4,3
20142015,2014-12-14,CHI,CGY,2,1
20142015,2014-12-14,EDM,NYR,0,2
20142015,2014-12-15,NYI,NJD,3,2
20142015,2014-12-15,PIT,TBL,4,2
20142015,2014-12-15,BUF,OTT,5,4
20142015,2014-12-16,PHI,TBL,1,3
20142015,2014-12-16,TOR,ANA,6,2
20142015,2014-12-16,MTL,CAR,4,1
20142015,2014-12-16,DET,CBJ,0,1
20142015,2014-12-16,FLA,WSH,2,1
20142015,2014-12-16,STL,LAK,5,2
20142015,2014-12-16,NSH,BOS,3,2
20142015,2014-12-16,WPG,BUF,5,1
20142015,2014-12-16,CHI,MIN,5,3
20142015,2014-12-16,CGY,NYR,2,5
20142015,2014-12-16,ARI,EDM,2,1
20142015,2014-12-17,NJD,OTT,0,2
20142015,2014-12-17,MIN,BOS,2,3
20142015,2014-12-17,VAN,DAL,0,2
20142015,2014-12-18,PHI,FLA,1,2
20142015,2014-12-18,PIT,COL,1,0
20142015,2014-12-18,CAR,TOR,4,1
20142015,2014-12-18,CBJ,WSH,4,5
20142015,2014-12-18,MTL,ANA,1,2
20142015,2014-12-18,LAK,STL,6,4
20142015,2014-12-18,SJS,EDM,4,3
20142015,2014-12-19,NJD,TBL,3,2
20142015,2014-12-19,OTT,ANA,6,2
20142015,2014-12-19,DET,NYI,1,2
20142015,2014-12-19,WPG,BOS,2,1
20142015,2014-12-19,CGY,DAL,1,2
20142015,2014-12-20,LAK,ARI,4,2
20142015,2014-12-20,BUF,COL,1,5
20142015,2014-12-20,TOR,PHI,4,7
20142015,2014-12-20,MTL,OTT,4,1
20142015,2014-12-20,NJD,WSH,0,4
20142015,2014-12-20,NYI,TBL,3,1
20142015,2014-12-20,PIT,FLA,3,1
20142015,2014-12-20,CAR,NYR,2,3
20142015,2014-12-20,CBJ,CHI,3,2
20142015,2014-12-20,MIN,NSH,5,6
20142015,2014-12-20,VAN,CGY,3,2
20142015,2014-12-20,SJS,STL,3,2
20142015,2014-12-21,DET,COL,1,2
20142015,2014-12-21,EDM,DAL,5,6
20142015,2014-12-21,BOS,BUF,4,3
20142015,2014-12-21,NYR,CAR,1,0
20142015,2014-12-21,CHI,TOR,4,0
20142015,2014-12-21,WPG,PHI,3,4
20142015,2014-12-22,WSH,OTT,2,1
20142015,2014-12-22,CBJ,NSH,1,5
20142015,2014-12-22,FLA,PIT,4,3
20142015,2014-12-22,VAN,ARI,7,1
20142015,2014-12-22,ANA,SJS,3,2
20142015,2014-12-22,LAK,CGY,3,4
20142015,2014-12-23,BOS,NSH,5,3
20142015,2014-12-23,NJD,CAR,1,2
20142015,2014-12-23,NYI,MTL,1,3
20142015,2014-12-23,NYR,WSH,4,2
20142015,2014-12-23,MIN,PHI,2,5
20142015,2014-12-23,DAL,TOR,0,4
20142015,2014-12-23,DET,BUF,6,3
20142015,2014-12-23,TBL,PIT,4,3
20142015,2014-12-23,EDM,ARI,1,5
20142015,2014-12-23,COL,STL,5,0
20142015,2014-12-23,CHI,WPG,1,5
20142015,2014-12-27,BUF,NYI,4,3
20142015,2014-12-27,OTT,DET,2,3
20142015,2014-12-27,TBL,CAR,2,1
20142015,2014-12-27,NYR,NJD,3,1
20142015,2014-12-27,CBJ,BOS,6,2
20142015,2014-12-27,MIN,WPG,3,4
20142015,2014-12-27,PIT,WSH,0,3
20142015,2014-12-27,STL,DAL,3,4
20142015,2014-12-27,NSH,PHI,4,1
20142015,2014-12-27,ARI,ANA,2,1
20142015,2014-12-27,COL,CHI,2,5
20142015,2014-12-27,CGY,EDM,4,1
20142015,2014-12-27,LAK,SJS,3,1
20142015,2014-12-28,FLA,TOR,6,4
20142015,2014-12-28,ANA,VAN,2,1
20142015,2014-12-29,BOS,DET,5,2
20142015,2014-12-29,NJD,PIT,3,1
20142015,2014-12-29,NYI,WSH,4,3
20142015,2014-12-29,CAR,MTL,1,3
20142015,2014-12-29,OTT,BUF,5,2
20142015,2014-12-29,TBL,TOR,3,2
20142015,2014-12-29,STL,COL,3,0
20142015,2014-12-29,WPG,MIN,2,3
20142015,2014-12-29,CHI,NSH,5,4
20142015,2014-12-29,DAL,NYR,3,2
20142015,2014-12-29,CGY,LAK,2,1
20142015,2014-12-29,ARI,PHI,4,2
20142015,2014-12-30,FLA,MTL,1,2
20142015,2014-12-30,NSH,STL,3,2
20142015,2014-12-30,EDM,LAK,3,2
20142015,2014-12-30,SJS,VAN,1,3
20142015,2014-12-31,WPG,NYI,2,5
20142015,2014-12-31,BUF,TBL,1,5
20142015,2014-12-31,FLA,NYR,2,5
20142015,2014-12-31,BOS,TOR,3,4
20142015,2014-12-31,PIT,CAR,2,1
20142015,2014-12-31,CBJ,MIN,3,1
20142015,2014-12-31,DET,NJD,3,1
20142015,2014-12-31,ANA,SJS,0,3
20142015,2014-12-31,DAL,ARI,6,0
20142015,2014-12-31,COL,PHI,4,3
20142015,2014-12-31,CGY,EDM,4,3
20142015,2015-01-01,WSH,CHI,3,2
20142015,2015-01-01,VAN,LAK,2,3
20142015,2015-01-02,BUF,FLA,0,2
20142015,2015-01-02,NJD,MTL,2,4
20142015,2015-01-02,PIT,TBL,6,3
20142015,2015-01-02,CAR,PHI,2,1
20142015,2015-01-02,MIN,TOR,3,1
20142015,2015-01-02,COL,EDM,2,1
20142015,2015-01-02,CGY,NYI,1,2
20142015,2015-01-02,ANA,STL,4,3
20142015,2015-01-03,BOS,OTT,2,3
20142015,2015-01-03,LAK,NSH,6,7
20142015,2015-01-03,NJD,PHI,5,2
20142015,2015-01-03,NYR,BUF,6,1
20142015,2015-01-03,PIT,MTL,1,4
20142015,2015-01-03,WPG,TOR,5,1
20142015,2015-01-03,DAL,MIN,7,1
20142015,2015-01-03,ARI,CBJ,6,3
20142015,2015-01-03,VAN,DET,4,1
20142015,2015-01-03,SJS,STL,2,7
20142015,2015-01-04,CAR,BOS,2,1
20142015,2015-01-04,WSH,FLA,4,3
20142015,2015-01-04,OTT,TBL,2,4
20142015,2015-01-04,CHI,DAL,5,4
20142015,2015-01-04,COL,CBJ,3,4
20142015,2015-01-04,ANA,NSH,4,3
20142015,2015-01-04,EDM,NYI,5,2
20142015,2015-01-05,WPG,SJS,2,3
20142015,2015-01-06,NJD,BUF,4,1
20142015,2015-01-06,PHI,OTT,2,1
20142015,2015-01-06,MTL,TBL,2,4
20142015,2015-01-06,NSH,CAR,3,2
20142015,2015-01-06,MIN,SJS,3,4
20142015,2015-01-06,CHI,COL,0,2
20142015,2015-01-06,DAL,CBJ,2,4
20142015,2015-01-06,ARI,STL,0,6
20142015,2015-01-06,EDM,DET,2,4
20142015,2015-01-06,VAN,NYI,3,2
20142015,2015-01-07,TOR,WSH,2,6
20142015,2015-01-07,PIT,BOS,2,3
20142015,2015-01-07,CGY,DET,2,3
20142015,2015-01-07,ANA,NYR,1,4
20142015,2015-01-08,BOS,NJD,3,0
20142015,2015-01-08,PHI,WSH,3,2
20142015,2015-01-08,CAR,BUF,5,2
20142015,2015-01-08,STL,SJS,7,2
20142015,2015-01-08,NSH,DAL,3,2
20142015,2015-01-08,MIN,CHI,2,4
20142015,2015-01-08,COL,OTT,5,2
20142015,2015-01-08,ARI,WPG,4,1
20142015,2015-01-08,VAN,FLA,1,3
20142015,2015-01-08,LAK,NYR,3,4
20142015,2015-01-09,NJD,NYI,2,3
20142015,2015-01-09,TOR,CBJ,5,2
20142015,2015-01-09,TBL,BUF,2,1
20142015,2015-01-09,CGY,FLA,5,6
20142015,2015-01-09,EDM,CHI,5,2
20142015,2015-01-10,PHI,BOS,1,3
20142015,2015-01-10,MIN,NSH,1,3
20142015,2015-01-10,COL,DAL,4,3
20142015,2015-01-10,MTL,PIT,1,2
20142015,2015-01-10,WSH,DET,3,1
20142015,2015-01-10,CBJ,NYI,2,5
20142015,2015-01-10,ARI,OTT,1,5
20142015,2015-01-10,STL,CAR,5,4
20142015,2015-01-10,VAN,CGY,0,1
20142015,2015-01-10,LAK,WPG,4,5
20142015,2015-01-10,SJS,NYR,1,3
20142015,2015-01-11,EDM,FLA,2,4
20142015,2015-01-11,CHI,MIN,4,1
20142015,2015-01-11,ANA,WPG,5,4
20142015,2015-01-12,PHI,TBL,7,3
20142015,2015-01-12,WSH,COL,2,1
20142015,2015-01-12,LAK,TOR,2,0
20142015,2015-01-13,BOS,TBL,4,3
20142015,2015-01-13,BUF,DET,1,3
20142015,2015-01-13,NYR,NYI,0,3
20142015,2015-01-13,PIT,MIN,7,2
20142015,2015-01-13,CAR,COL,3,2
20142015,2015-01-13,STL,EDM,4,2
20142015,2015-01-13,NSH,VAN,5,1
20142015,2015-01-13,WPG,FLA,8,2
20142015,2015-01-13,DAL,OTT,5,4
20142015,2015-01-13,ARI,SJS,2,3
20142015,2015-01-14,CBJ,MTL,2,3
20142015,2015-01-14,WSH,PHI,1,0
20142015,2015-01-14,ANA,TOR,4,0
20142015,2015-01-14,LAK,NJD,3,5
20142015,2015-01-15,BOS,NYR,3,0
20142015,2015-01-15,BUF,MIN,0,7
20142015,2015-01-15,PHI,VAN,0,4
20142015,2015-01-15,OTT,MTL,4,1
20142015,2015-01-15,TBL,EDM,3,2
20142015,2015-01-15,FLA,COL,2,4
20142015,2015-01-15,STL,DET,2,3
20142015,2015-01-15,DAL,WPG,1,2
20142015,2015-01-15,ARI,CGY,1,4
20142015,2015-01-15,SJS,TOR,3,1
20142015,2015-01-16,NYI,PIT,6,3
20142015,2015-01-16,CAR,VAN,0,3
20142015,2015-01-16,CBJ,NYR,1,2
20142015,2015-01-16,NSH,WSH,4,3
20142015,2015-01-16,CHI,WPG,2,4
20142015,2015-01-16,ANA,NJD,5,1
20142015,2015-01-17,BOS,CBJ,1,3
20142015,2015-01-17,BUF,PHI,3,4
20142015,2015-01-17,MTL,NYI,6,4
20142015,2015-01-17,OTT,CAR,2,3
20142015,2015-01-17,DET,NSH,5,2
20142015,2015-01-17,TBL,COL,3,2
20142015,2015-01-17,FLA,EDM,2,3
20142015,2015-01-17,STL,TOR,3,0
20142015,2015-01-17,DAL,WSH,5,4
20142015,2015-01-17,MIN,ARI,3,1
20142015,2015-01-17,LAK,ANA,2,3
20142015,2015-01-17,SJS,CGY,3,4
20142015,2015-01-18,PIT,NYR,2,5
20142015,2015-01-18,CHI,DAL,3,6
20142015,2015-01-18,WPG,ARI,4,3
20142015,2015-01-18,DET,BUF,6,4
20142015,2015-01-19,NYI,PHI,7,4
20142015,2015-01-19,TOR,CAR,1,4
20142015,2015-01-19,FLA,VAN,1,2
20142015,2015-01-19,STL,COL,3,1
20142015,2015-01-19,MIN,CBJ,1,3
20142015,2015-01-19,LAK,CGY,1,2
20142015,2015-01-19,SJS,NJD,2,5
20142015,2015-01-20,NYR,OTT,3,2
20142015,2015-01-20,WSH,EDM,4,5
20142015,2015-01-20,PHI,PIT,3,2
20142015,2015-01-20,MTL,NSH,2,1
20142015,2015-01-20,DET,MIN,5,4
20142015,2015-01-20,TBL,VAN,4,1
20142015,2015-01-20,CHI,ARI,6,1
20142015,2015-01-20,DAL,BOS,1,3
20142015,2015-01-21,OTT,TOR,4,3
20142015,2015-01-21,PIT,CHI,2,3
20142015,2015-01-21,WPG,CBJ,4,0
20142015,2015-01-21,COL,BOS,3,2
20142015,2015-01-21,ANA,CGY,6,3
20142015,2015-01-21,SJS,LAK,4,2
20142015,2015-01-27,NYI,NYR,4,1
20142015,2015-01-27,PHI,ARI,4,3
20142015,2015-01-27,PIT,WPG,5,3
20142015,2015-01-27,CBJ,WSH,4,3
20142015,2015-01-27,CAR,TBL,4,2
20142015,2015-01-27,MTL,DAL,3,2
20142015,2015-01-27,FLA,DET,4,5
20142015,2015-01-27,NSH,COL,4,3
20142015,2015-01-27,CGY,BUF,4,1
20142015,2015-01-27,EDM,MIN,1,2
20142015,2015-01-27,VAN,ANA,0,4
20142015,2015-01-28,NJD,TOR,2,1
20142015,2015-01-28,WSH,PIT,4,0
20142015,2015-01-28,LAK,CHI,4,3
20142015,2015-01-29,NYI,BOS,2,5
20142015,2015-01-29,NYR,MTL,0,1
20142015,2015-01-29,PHI,WPG,5,2
20142015,2015-01-29,TOR,ARI,1,3
20142015,2015-01-29,OTT,DAL,3,6
20142015,2015-01-29,TBL,DET,5,1
20142015,2015-01-29,FLA,CBJ,3,2
20142015,2015-01-29,STL,NSH,5,4
20142015,2015-01-29,CGY,MIN,0,1
20142015,2015-01-29,EDM,BUF,3,2
20142015,2015-01-29,SJS,ANA,6,3
20142015,2015-01-30,NJD,PIT,1,2
20142015,2015-01-30,CAR,STL,2,3
20142015,2015-01-30,COL,NSH,3,0
20142015,2015-01-30,VAN,BUF,5,2
20142015,2015-01-30,ANA,CHI,1,4
20142015,2015-01-31,MTL,WSH,1,0
20142015,2015-01-31,DET,NYI,4,1
20142015,2015-01-31,OTT,ARI,7,2
20142015,2015-01-31,BOS,LAK,3,1
20142015,2015-01-31,NJD,FLA,3,1
20142015,2015-01-31,NYR,CAR,4,1
20142015,2015-01-31,PHI,TOR,1,0
20142015,2015-01-31,WPG,DAL,2,5
20142015,2015-01-31,TBL,CBJ,3,1
20142015,2015-01-31,CGY,EDM,4,2
20142015,2015-01-31,SJS,CHI,2,0
20142015,2015-02-01,MTL,ARI,2,3
20142015,2015-02-01,WSH,STL,3,4
20142015,2015-02-01,PIT,NSH,0,4
20142015,2015-02-01,VAN,MIN,2,4
20142015,2015-02-02,NYR,FLA,6,3
20142015,2015-02-02,CGY,WPG,5,2
20142015,2015-02-02,SJS,EDM,4,5
20142015,2015-02-03,NJD,OTT,2,1
20142015,2015-02-03,NYI,FLA,2,4
20142015,2015-02-03,WSH,LAK,4,0
20142015,2015-02-03,CBJ,ARI,1,4
20142015,2015-02-03,MTL,BUF,2,3
20142015,2015-02-03,STL,TBL,2,1
20142015,2015-02-03,NSH,TOR,4,3
20142015,2015-02-03,MIN,CHI,3,0
20142015,2015-02-03,DAL,COL,2,3
20142015,2015-02-03,VAN,WPG,3,2
20142015,2015-02-03,ANA,CAR,5,4
20142015,2015-02-04,NYR,BOS,3,2
20142015,2015-02-04,EDM,PIT,0,2
20142015,2015-02-04,CGY,SJS,3,1
20142015,2015-02-05,BUF,STL,0,3
20142015,2015-02-05,PHI,NYI,2,3
20142015,2015-02-05,OTT,WSH,1,2
20142015,2015-02-05,FLA,LAK,3,2
20142015,2015-02-05,NSH,ANA,2,5
20142015,2015-02-05,DAL,TBL,3,5
20142015,2015-02-05,COL,DET,0,3
20142015,2015-02-05,ARI,CAR,1,2
20142015,2015-02-05,VAN,SJS,1,5
20142015,2015-02-06,NJD,TOR,4,1
20142015,2015-02-06,WSH,ANA,3,2
20142015,2015-02-06,CBJ,STL,7,1
20142015,2015-02-06,WPG,CHI,1,2
20142015,2015-02-06,CGY,PIT,0,4
20142015,2015-02-07,NSH,NYR,3,2
20142015,2015-02-07,TBL,LAK,2,4
20142015,2015-02-07,BOS,NYI,2,1
20142015,2015-02-07,BUF,DAL,3,2
20142015,2015-02-07,TOR,EDM,5,1
20142015,2015-02-07,MTL,NJD,6,2
20142015,2015-02-07,OTT,CBJ,1,4
20142015,2015-02-07,MIN,COL,1,0
20142015,2015-02-07,ARI,DET,1,3
20142015,2015-02-07,VAN,PIT,5,0
20142015,2015-02-07,SJS,CAR,4,5
20142015,2015-02-08,STL,CHI,2,4
20142015,2015-02-08,FLA,NSH,2,3
20142015,2015-02-08,WSH,PHI,1,3
20142015,2015-02-08,BUF,NYI,2,3
20142015,2015-02-08,TBL,ANA,5,3
20142015,2015-02-08,NYR,DAL,2,3
20142015,2015-02-08,WPG,COL,5,3
20142015,2015-02-08,BOS,MTL,1,3
20142015,2015-02-09,NJD,EDM,1,2
20142015,2015-02-09,CBJ,LAK,3,4
20142015,2015-02-09,MIN,VAN,5,3
20142015,2015-02-09,CHI,ARI,2,3
20142015,2015-02-09,SJS,CGY,1,4
20142015,2015-02-10,BOS,DAL,3,5
20142015,2015-02-10,BUF,OTT,1,2
20142015,2015-02-10,NYI,EDM,3,2
20142015,2015-02-10,TOR,NYR,4,5
20142015,2015-02-10,MTL,PHI,2,1
20142015,2015-02-10,FLA,ANA,6,2
20142015,2015-02-10,STL,ARI,2,1
20142015,2015-02-10,NSH,TBL,3,2
20142015,2015-02-10,WPG,MIN,2,1
20142015,2015-02-11,PIT,DET,4,1
20142015,2015-02-11,CHI,VAN,4,5
20142015,2015-02-11,SJS,WSH,4,5
20142015,2015-02-12,NYI,TOR,3,2
20142015,2015-02-12,CAR,ANA,1,2
20142015,2015-02-12,MTL,EDM,3,4
20142015,2015-02-12,OTT,PIT,4,5
20142015,2015-02-12,TBL,STL,3,6
20142015,2015-02-12,NSH,WPG,3,1
20142015,2015-02-12,MIN,FLA,2,1
20142015,2015-02-12,COL,NYR,3,6
20142015,2015-02-12,LAK,CGY,5,3
20142015,2015-02-13,CBJ,PHI,4,3
20142015,2015-02-13,CHI,NJD,3,1
20142015,2015-02-13,DAL,FLA,2,0
20142015,2015-02-13,ARI,SJS,2,4
20142015,2015-02-13,VAN,BOS,5,2
20142015,2015-02-14,OTT,EDM,7,2
20142015,2015-02-14,MTL,TOR,2,1
20142015,2015-02-14,DET,WPG,4,5
20142015,2015-02-14,NYI,CBJ,6,3
20142015,2015-02-14,NSH,NJD,3,1
20142015,2015-02-14,MIN,CAR,6,3
20142015,2015-02-14,ARI,NYR,1,5
20142015,2015-02-14,COL,DAL,4,1
20142015,2015-02-14,CGY,VAN,3,2
20142015,2015-02-14,LAK,WSH,3,1
20142015,2015-02-15,CHI,PIT,2,1
20142015,2015-02-15,FLA,STL,1,2
20142015,2015-02-15,BUF,PHI,1,2
20142015,2015-02-15,ANA,WSH,3,5
20142015,2015-02-15,SJS,TBL,2,5
20142015,2015-02-16,NYI,NYR,5,6
20142015,2015-02-16,OTT,CAR,3,6
20142015,2015-02-16,DET,MTL,0,2
20142015,2015-02-16,WPG,EDM,5,4
20142015,2015-02-16,COL,ARI,5,2
20142015,2015-02-16,CGY,BOS,4,3
20142015,2015-02-16,VAN,MIN,3,2
20142015,2015-02-16,LAK,TBL,3,2
20142015,2015-02-17,PHI,CBJ,2,5
20142015,2015-02-17,PIT,WSH,1,3
20142015,2015-02-17,CAR,NYI,1,4
20142015,2015-02-17,NJD,BUF,2,1
20142015,2015-02-17,TOR,FLA,2,3
20142015,2015-02-17,STL,DAL,1,4
20142015,2015-02-17,NSH,SJS,5,1
20142015,2015-02-18,OTT,MTL,4,2
20142015,2015-02-18,CHI,DET,2,3
20142015,2015-02-18,CGY,MIN,2,3
20142015,2015-02-18,COL,LAK,1,4
20142015,2015-02-18,EDM,BOS,4,3
20142015,2015-02-18,ANA,TBL,1,4
20142015,2015-02-19,NYI,NSH,5,2
20142015,2015-02-19,NYR,VAN,4,5
20142015,2015-02-19,PHI,BUF,2,3
20142015,2015-02-19,PIT,CBJ,1,2
20142015,2015-02-19,WSH,WPG,5,1
20142015,2015-02-19,MTL,FLA,2,3
20142015,2015-02-19,DAL,SJS,2,5
20142015,2015-02-20,BUF,NYR,1,3
20142015,2015-02-20,NJD,VAN,4,2
20142015,2015-02-20,CAR,TOR,2,1
20142015,2015-02-20,STL,BOS,5,1
20142015,2015-02-20,CHI,COL,1,4
20142015,2015-02-20,CGY,ANA,3,6
20142015,2015-02-20,EDM,MIN,0,4
20142015,2015-02-21,WSH,NYI,3,2
20142015,2015-02-21,PHI,NSH,3,2
20142015,2015-02-21,TOR,WPG,4,3
20142015,2015-02-21,MTL,CBJ,3,1
20142015,2015-02-21,OTT,FLA,4,1
20142015,2015-02-21,NJD,CAR,3,1
20142015,2015-02-21,EDM,ANA,1,2
20142015,2015-02-21,STL,PIT,2,4
20142015,2015-02-21,DAL,DET,6,7
20142015,2015-02-21,ARI,TBL,2,4
20142015,2015-02-21,SJS,LAK,1,2
20142015,2015-02-22,PHI,WSH,3,2
20142015,2015-02-22,CHI,BOS,2,6
20142015,2015-02-22,BUF,NSH,1,2
20142015,2015-02-22,NYI,VAN,0,4
20142015,2015-02-22,PIT,FLA,5,1
20142015,2015-02-22,COL,TBL,5,4
20142015,2015-02-22,NYR,CBJ,4,3
20142015,2015-02-22,MIN,DAL,6,2
20142015,2015-02-23,NJD,ARI,3,0
20142015,2015-02-23,ANA,DET,4,3
20142015,2015-02-24,BOS,VAN,1,2
20142015,2015-02-24,NYI,ARI,5,1
20142015,2015-02-24,NYR,CGY,1,0
20142015,2015-02-24,CAR,PHI,4,1
20142015,2015-02-24,CBJ,BUF,2,4
20142015,2015-02-24,STL,MTL,2,5
20142015,2015-02-24,NSH,COL,5,2
20142015,2015-02-24,MIN,EDM,1,2
20142015,2015-02-24,WPG,DAL,4,2
20142015,2015-02-24,CHI,FLA,3,2
20142015,2015-02-24,LAK,DET,1,0
20142015,2015-02-25,NJD,CGY,1,3
20142015,2015-02-25,WSH,PIT,3,4
20142015,2015-02-25,ANA,OTT,0,3
20142015,2015-02-26,BUF,VAN,6,3
20142015,2015-02-26,NYR,ARI,4,3
20142015,2015-02-26,CBJ,MTL,2,5
20142015,2015-02-26,TOR,PHI,3,2
20142015,2015-02-26,FLA,CHI,0,3
20142015,2015-02-26,WPG,STL,1,2
20142015,2015-02-26,NSH,MIN,2,4
20142015,2015-02-26,LAK,OTT,0,1
20142015,2015-02-26,SJS,DET,2,3
20142015,2015-02-27,NJD,BOS,2,3
20142015,2015-02-27,NYI,CGY,2,1
20142015,2015-02-27,CAR,WSH,3,0
20142015,2015-02-27,TBL,CHI,4,0
20142015,2015-02-27,DAL,COL,4,5
20142015,2015-02-27,ANA,LAK,4,2
20142015,2015-02-28,FLA,BUF,5,3
20142015,2015-02-28,NSH,DET,3,4
20142015,2015-02-28,NYI,CAR,3,5
20142015,2015-02-28,CBJ,NJD,0,2
20142015,2015-02-28,BOS,ARI,4,1
20142015,2015-02-28,MTL,TOR,4,0
20142015,2015-02-28,PHI,NYR,4,2
20142015,2015-02-28,COL,MIN,1,3
20142015,2015-02-28,EDM,STL,1,2
20142015,2015-02-28,SJS,OTT,2,4
20142015,2015-03-01,WPG,LAK,5,2
20142015,2015-03-01,FLA,TBL,4,3
20142015,2015-03-01,PIT,CBJ,5,3
20142015,2015-03-01,WSH,TOR,4,0
20142015,2015-03-01,DAL,ANA,1,3
20142015,2015-03-01,VAN,STL,6,5
20142015,2015-03-02,NYR,NSH,4,1
20142015,2015-03-02,CHI,CAR,5,2
20142015,2015-03-02,SJS,MTL,4,0
20142015,2015-03-03,NJD,NSH,3,1
20142015,2015-03-03,PHI,CGY,2,3
20142015,2015-03-03,CBJ,WSH,3,5
20142015,2015-03-03,TBL,BUF,3,0
20142015,2015-03-03,FLA,TOR,2,3
20142015,2015-03-03,MIN,OTT,3,2
20142015,2015-03-03,DAL,NYI,3,2
20142015,2015-03-03,ARI,ANA,1,4
20142015,2015-03-03,EDM,LAK,2,5
20142015,2015-03-03,VAN,SJS,2,6
20142015,2015-03-04,WPG,OTT,1,3
20142015,2015-03-04,DET,NYR,2,1
20142015,2015-03-04,COL,PIT,3,1
20142015,2015-03-04,ANA,MTL,3,1
20142015,2015-03-05,BOS,CGY,3,4
20142015,2015-03-05,PHI,STL,3,1
20142015,2015-03-05,WSH,MIN,1,2
20142015,2015-03-05,TBL,TOR,4,2
20142015,2015-03-05,FLA,DAL,3,4
20142015,2015-03-05,NSH,NYI,3,4
20142015,2015-03-05,ARI,VAN,3,2
20142015,2015-03-05,LAK,MTL,4,3
20142015,2015-03-06,NJD,CBJ,2,3
20142015,2015-03-06,CAR,MIN,1,3
20142015,2015-03-06,OTT,BUF,3,2
20142015,2015-03-06,DET,CGY,2,5
20142015,2015-03-06,CHI,EDM,2,1
20142015,2015-03-06,ANA,PIT,2,5
20142015,2015-03-07,BOS,PHI,3,2
20142015,2015-03-07,TOR,STL,1,6
20142015,2015-03-07,TBL,DAL,5,4
20142015,2015-03-07,FLA,NYI,4,3
20142015,2015-03-07,WSH,BUF,6,1
20142015,2015-03-07,CBJ,COL,0,4
20142015,2015-03-07,NSH,WPG,1,3
20142015,2015-03-07,ARI,MTL,0,2
20142015,2015-03-07,LAK,PIT,0,1
20142015,2015-03-07,SJS,VAN,2,3
20142015,2015-03-08,BOS,DET,5,3
20142015,2015-03-08,CAR,EDM,7,4
20142015,2015-03-08,NJD,PHI,5,2
20142015,2015-03-08,MIN,COL,2,3
20142015,2015-03-08,OTT,CGY,5,4
20142015,2015-03-08,CHI,NYR,0,1
20142015,2015-03-09,TOR,NYI,3,4
20142015,2015-03-09,DET,EDM,5,2
20142015,2015-03-09,VAN,ANA,2,1
20142015,2015-03-09,ARI,NSH,1,2
20142015,2015-03-09,SJS,PIT,2,1
20142015,2015-03-10,NYI,NYR,1,2
20142015,2015-03-10,PHI,DAL,1,2
20142015,2015-03-10,CAR,CBJ,3,4
20142015,2015-03-10,MTL,TBL,0,1
20142015,2015-03-10,OTT,BOS,1,3
20142015,2015-03-10,STL,WPG,5,4
20142015,2015-03-10,MIN,NJD,6,2
20142015,2015-03-10,COL,LAK,2,5
20142015,2015-03-11,TOR,BUF,4,3
20142015,2015-03-11,WSH,NYR,1,3
20142015,2015-03-11,CGY,ANA,6,3
20142015,2015-03-12,BOS,TBL,3,2
20142015,2015-03-12,PIT,EDM,6,4
20142015,2015-03-12,CAR,DAL,3,5
20142015,2015-03-12,MTL,OTT,2,5
20142015,2015-03-12,DET,CBJ,1,3
20142015,2015-03-12,FLA,WPG,4,2
20142015,2015-03-12,STL,PHI,1,0
20142015,2015-03-12,COL,NJD,2,1
20142015,2015-03-12,VAN,LAK,0,4
20142015,2015-03-12,ARI,CHI,1,2
20142015,2015-03-12,SJS,NSH,2,0
20142015,2015-03-13,NYI,OTT,1,2
20142015,2015-03-13,WSH,DAL,2,4
20142015,2015-03-13,CBJ,EDM,5,4
20142015,2015-03-13,MIN,ANA,1,2
20142015,2015-03-13,CGY,TOR,6,3
20142015,2015-03-14,PHI,DET,7,2
20142015,2015-03-14,PIT,BOS,0,2
20142015,2015-03-14,SJS,CHI,2,6
20142015,2015-03-14,BUF,NYR,0,2
20142015,2015-03-14,TBL,WPG,1,2
20142015,2015-03-14,NYI,MTL,1,3
20142015,2015-03-14,CAR,FLA,0,2
20142015,2015-03-14,VAN,TOR,4,1
20142015,2015-03-14,STL,MIN,1,3
20142015,2015-03-14,ARI,NJD,1,4
20142015,2015-03-14,COL,CGY,3,2
20142015,2015-03-14,LAK,NSH,1,2
20142015,2015-03-15,PIT,DET,1,5
20142015,2015-03-15,NYR,FLA,2,1
20142015,2015-03-15,CBJ,CAR,2,3
20142015,2015-03-15,DAL,STL,0,3
20142015,2015-03-15,OTT,PHI,2,1
20142015,2015-03-15,WSH,BOS,2,0
20142015,2015-03-15,ANA,NSH,4,2
20142015,2015-03-16,BUF,WSH,3,4
20142015,2015-03-16,TBL,MTL,4,2
20142015,2015-03-16,EDM,TOR,4,1
20142015,2015-03-16,LAK,ARI,1,0
20142015,2015-03-17,NJD,PIT,2,0
20142015,2015-03-17,CAR,OTT,1,2
20142015,2015-03-17,BOS,BUF,1,2
20142015,2015-03-17,FLA,MTL,2,3
20142015,2015-03-17,NSH,MIN,2,3
20142015,2015-03-17,WPG,SJS,5,2
20142015,2015-03-17,CHI,NYI,4,1
20142015,2015-03-17,CGY,STL,0,4
20142015,2015-03-17,VAN,PHI,4,1
20142015,2015-03-18,NYR,CHI,0,1
20142015,2015-03-18,EDM,CBJ,3,4
20142015,2015-03-18,ANA,LAK,3,2
20142015,2015-03-19,TOR,SJS,1,4
20142015,2015-03-19,MTL,CAR,4,0
20142015,2015-03-19,OTT,BOS,6,4
20142015,2015-03-19,FLA,DET,3,1
20142015,2015-03-19,MIN,WSH,2,3
20142015,2015-03-19,WPG,STL,2,1
20142015,2015-03-19,DAL,PIT,2,1
20142015,2015-03-19,CGY,PHI,4,1
20142015,2015-03-19,VAN,CBJ,2,6
20142015,2015-03-19,ARI,COL,2,5
20142015,2015-03-20,BUF,NJD,1,3
20142015,2015-03-20,TBL,DET,3,1
20142015,2015-03-20,ANA,COL,3,2
20142015,2015-03-21,MIN,STL,6,3
20142015,2015-03-21,CGY,CBJ,2,3
20142015,2015-03-21,LAK,VAN,1,4
20142015,2015-03-21,MTL,SJS,2,0
20142015,2015-03-21,OTT,TOR,5,3
20142015,2015-03-21,FLA,BOS,2,1
20142015,2015-03-21,NJD,NYI,0,3
20142015,2015-03-21,CAR,NYR,2,3
20142015,2015-03-21,WPG,WSH,3,0
20142015,2015-03-21,NSH,BUF,3,0
20142015,2015-03-21,DAL,CHI,4,0
20142015,2015-03-21,ARI,PIT,1,3
20142015,2015-03-21,EDM,PHI,5,4
20142015,2015-03-22,DET,STL,2,1
20142015,2015-03-22,TBL,BOS,5,3
20142015,2015-03-22,NYR,ANA,7,2
20142015,2015-03-22,ARI,VAN,1,3
20142015,2015-03-23,NJD,LAK,1,3
20142015,2015-03-23,CAR,CHI,1,3
20142015,2015-03-23,TOR,MIN,1,2
20142015,2015-03-23,OTT,SJS,5,2
20142015,2015-03-23,DAL,BUF,4,3
20142015,2015-03-23,CGY,COL,3,2
20142015,2015-03-23,EDM,WPG,1,4
20142015,2015-03-24,NYI,MIN,1,2
20142015,2015-03-24,NYR,LAK,2,4
20142015,2015-03-24,PIT,STL,2,3
20142015,2015-03-24,CBJ,ANA,5,3
20142015,2015-03-24,DET,ARI,4,5
20142015,2015-03-24,TBL,FLA,4,3
20142015,2015-03-24,NSH,MTL,3,2
20142015,2015-03-24,VAN,WPG,5,2
20142015,2015-03-25,PHI,CHI,4,1
20142015,2015-03-25,EDM,COL,4,3
20142015,2015-03-25,CGY,DAL,3,4
20142015,2015-03-26,BOS,ANA,2,3
20142015,2015-03-26,BUF,ARI,3,4
20142015,2015-03-26,NYI,LAK,2,3
20142015,2015-03-26,WSH,NJD,3,2
20142015,2015-03-26,CAR,PIT,5,2
20142015,2015-03-26,TOR,FLA,1,4
20142015,2015-03-26,OTT,NYR,1,5
20142015,2015-03-26,DET,SJS,4,6
20142015,2015-03-26,TBL,NSH,2,3
20142015,2015-03-26,WPG,MTL,5,2
20142015,2015-03-26,VAN,COL,1,4
20142015,2015-03-27,MIN,CGY,4,2
20142015,2015-03-27,CHI,CBJ,2,5
20142015,2015-03-27,EDM,DAL,4,0
20142015,2015-03-28,WSH,NSH,3,4
20142015,2015-03-28,BOS,NYR,4,2
20142015,2015-03-28,NYI,ANA,2,3
20142015,2015-03-28,PHI,SJS,2,3
20142015,2015-03-28,PIT,ARI,3,2
20142015,2015-03-28,DET,TBL,4,0
20142015,2015-03-28,TOR,OTT,4,3
20142015,2015-03-28,MTL,FLA,3,2
20142015,2015-03-28,CAR,NJD,3,1
20142015,2015-03-28,STL,CBJ,2,4
20142015,2015-03-28,MIN,LAK,4,1
20142015,2015-03-28,COL,BUF,5,3
20142015,2015-03-28,VAN,DAL,3,4
20142015,2015-03-29,NYR,WSH,2,5
20142015,2015-03-29,OTT,FLA,2,4
20142015,2015-03-29,NYI,DET,5,4
20142015,2015-03-29,CAR,BOS,1,2
20142015,2015-03-29,NSH,CGY,2,5
20142015,2015-03-29,NJD,ANA,1,2
20142015,2015-03-29,PIT,SJS,3,2
20142015,2015-03-29,WPG,CHI,3,4
20142015,2015-03-30,MTL,TBL,3,5
20142015,2015-03-30,STL,VAN,1,4
20142015,2015-03-30,CHI,LAK,4,1
20142015,2015-03-30,DAL,CGY,3,5
20142015,2015-03-30,COL,EDM,1,4
20142015,2015-03-30,ARI,BUF,1,4
20142015,2015-03-31,BOS,FLA,3,2
20142015,2015-03-31,WSH,CAR,4,2
20142015,2015-03-31,CBJ,NJD,3,2
20142015,2015-03-31,TOR,TBL,3,1
20142015,2015-03-31,DET,OTT,1,2
20142015,2015-03-31,NSH,VAN,4,5
20142015,2015-03-31,WPG,NYR,2,3
20142015,2015-04-01,BUF,TOR,4,3
20142015,2015-04-01,PIT,PHI,1,4
20142015,2015-04-01,ANA,EDM,5,1
20142015,2015-04-01,SJS,COL,5,1
20142015,2015-04-02,CBJ,NYI,4,3
20142015,2015-04-02,MTL,WSH,4,5
20142015,2015-04-02,OTT,TBL,2,1
20142015,2015-04-02,DET,BOS,2,3
20142015,2015-04-02,FLA,CAR,6,1
20142015,2015-04-02,STL,CGY,4,1
20142015,2015-04-02,MIN,NYR,2,3
20142015,2015-04-02,CHI,VAN,3,1
20142015,2015-04-02,LAK,EDM,8,2
20142015,2015-04-03,BUF,CHI,3,4
20142015,2015-04-03,NJD,MTL,3,2
20142015,2015-04-03,DAL,STL,5,7
20142015,2015-04-03,ANA,COL,2,4
20142015,2015-04-03,SJS,ARI,3,1
20142015,2015-04-04,CAR,PHI,3,2
20142015,2015-04-04,CBJ,PIT,5,3
20142015,2015-04-04,WPG,VAN,5,4
20142015,2015-04-04,BOS,TOR,2,1
20142015,2015-04-04,OTT,WSH,4,3
20142015,2015-04-04,FLA,TBL,0,4
20142015,2015-04-04,NYI,BUF,3,0
20142015,2015-04-04,NYR,NJD,6,1
20142015,2015-04-04,MIN,DET,2,3
20142015,2015-04-04,NSH,DAL,3,4
20142015,2015-04-04,ARI,SJS,5,3
20142015,2015-04-04,EDM,CGY,0,4
20142015,2015-04-04,LAK,COL,3,1
20142015,2015-04-05,PHI,PIT,4,1
20142015,2015-04-05,DET,WSH,1,2
20142015,2015-04-05,FLA,MTL,1,4
20142015,2015-04-05,TOR,OTT,3,2
20142015,2015-04-05,CHI,STL,1,2
20142015,2015-04-06,BUF,CAR,4,3
20142015,2015-04-06,NYR,CBJ,4,3
20142015,2015-04-06,MIN,WPG,0,2
20142015,2015-04-06,VAN,LAK,2,1
20142015,2015-04-06,SJS,DAL,1,5
20142015,2015-04-07,NJD,NYR,2,4
20142015,2015-04-07,PHI,NYI,5,4
20142015,2015-04-07,OTT,PIT,4,3
20142015,2015-04-07,DET,CAR,3,2
20142015,2015-04-07,STL,WPG,0,1
20142015,2015-04-07,CHI,MIN,1,2
20142015,2015-04-07,COL,NSH,3,2
20142015,2015-04-07,CGY,ARI,3,2
20142015,2015-04-07,EDM,LAK,4,2
20142015,2015-04-08,CBJ,TOR,5,0
20142015,2015-04-08,WSH,BOS,3,0
20142015,2015-04-08,ANA,DAL,0,4
20142015,2015-04-09,NYR,OTT,0,3
20142015,2015-04-09,PHI,CAR,1,3
20142015,2015-04-09,MTL,DET,4,3
20142015,2015-04-09,TBL,NJD,4,3
20142015,2015-04-09,FLA,BOS,4,2
20142015,2015-04-09,STL,CHI,2,1
20142015,2015-04-09,NSH,MIN,2,4
20142015,2015-04-09,COL,WPG,1,0
20142015,2015-04-09,CGY,LAK,3,1
20142015,2015-04-09,EDM,SJS,1,3
20142015,2015-04-09,VAN,ARI,5,0
20142015,2015-04-10,PIT,NYI,1,3
20142015,2015-04-10,CBJ,BUF,4,2
20142015,2015-04-11,PHI,OTT,1,3
20142015,2015-04-11,WSH,NYR,2,4
20142015,2015-04-11,WPG,CGY,5,1
20142015,2015-04-11,LAK,SJS,4,1
20142015,2015-04-11,STL,MIN,4,2
20142015,2015-04-11,BUF,PIT,0,2
20142015,2015-04-11,TOR,MTL,3,4
20142015,2015-04-11,FLA,NJD,3,2
20142015,2015-04-11,NYI,CBJ,4,5
20142015,2015-04-11,CAR,DET,0,2
20142015,2015-04-11,TBL,BOS,3,2
20142015,2015-04-11,DAL,NSH,4,1
20142015,2015-04-11,COL,CHI,3,2
20142015,2015-04-11,ARI,ANA,1,2
20142015,2015-04-11,VAN,EDM,6,5
20152016,2015-10-07,TOR,MTL,1,3
20152016,2015-10-07,CHI,NYR,2,3
20152016,2015-10-07,CGY,VAN,1,5
20152016,2015-10-07,LAK,SJS,1,5
20152016,2015-10-08,BOS,WPG,2,6
20152016,2015-10-08,BUF,OTT,1,3
20152016,2015-10-08,TBL,PHI,3,2
20152016,2015-10-08,STL,EDM,3,1
20152016,2015-10-08,NSH,CAR,2,1
20152016,2015-10-08,DAL,PIT,3,0
20152016,2015-10-08,COL,MIN,4,5
20152016,2015-10-09,NJD,WPG,1,3
20152016,2015-10-09,CBJ,NYR,2,4
20152016,2015-10-09,DET,TOR,4,0
20152016,2015-10-09,NYI,CHI,2,3
20152016,2015-10-09,LAK,ARI,1,4
20152016,2015-10-10,BUF,TBL,1,4
20152016,2015-10-10,BOS,MTL,2,4
20152016,2015-10-10,TOR,OTT,4,5
20152016,2015-10-10,FLA,PHI,7,1
20152016,2015-10-10,NYR,CBJ,5,2
20152016,2015-10-10,WSH,NJD,5,3
20152016,2015-10-10,CAR,DET,3,4
20152016,2015-10-10,NSH,EDM,2,0
20152016,2015-10-10,MIN,STL,3,2
20152016,2015-10-10,CHI,NYI,4,1
20152016,2015-10-10,COL,DAL,6,3
20152016,2015-10-10,VAN,CGY,2,3
20152016,2015-10-10,ARI,PIT,2,1
20152016,2015-10-10,SJS,ANA,2,0
20152016,2015-10-11,OTT,MTL,1,3
20152016,2015-10-12,BOS,TBL,3,6
20152016,2015-10-12,NYI,WPG,4,2
20152016,2015-10-12,BUF,CBJ,4,2
20152016,2015-10-12,PHI,FLA,1,0
20152016,2015-10-12,ANA,VAN,1,2
20152016,2015-10-13,NJD,NSH,1,3
20152016,2015-10-13,NYR,WPG,1,4
20152016,2015-10-13,PIT,MTL,2,3
20152016,2015-10-13,WSH,SJS,0,5
20152016,2015-10-13,CAR,FLA,1,4
20152016,2015-10-13,DET,TBL,3,1
20152016,2015-10-13,DAL,EDM,4,2
20152016,2015-10-13,CGY,STL,3,4
20152016,2015-10-13,LAK,VAN,0,3
20152016,2015-10-14,CBJ,OTT,3,7
20152016,2015-10-14,PHI,CHI,3,0
20152016,2015-10-14,COL,BOS,2,6
20152016,2015-10-14,ANA,ARI,0,4
20152016,2015-10-15,NYI,NSH,4,3
20152016,2015-10-15,PIT,OTT,2,0
20152016,2015-10-15,WSH,CHI,4,1
20152016,2015-10-15,MTL,NYR,3,0
20152016,2015-10-15,TBL,DAL,3,5
20152016,2015-10-15,FLA,BUF,3,2
20152016,2015-10-15,EDM,STL,2,4
20152016,2015-10-15,ARI,MIN,3,4
20152016,2015-10-16,NJD,SJS,1,2
20152016,2015-10-16,CBJ,TOR,3,6
20152016,2015-10-16,DET,CAR,3,5
20152016,2015-10-16,WPG,CGY,3,1
20152016,2015-10-16,VAN,STL,3,4
20152016,2015-10-16,ANA,COL,0,3
20152016,2015-10-16,LAK,MIN,2,1
20152016,2015-10-17,MTL,DET,4,1
20152016,2015-10-17,OTT,NSH,3,4
20152016,2015-10-17,TBL,BUF,2,1
20152016,2015-10-17,FLA,DAL,2,4
20152016,2015-10-17,PIT,TOR,2,1
20152016,2015-10-17,WSH,CAR,4,1
20152016,2015-10-17,NYI,SJS,6,3
20152016,2015-10-17,CHI,CBJ,4,1
20152016,2015-10-17,CGY,EDM,2,5
20152016,2015-10-17,ARI,BOS,3,5
20152016,2015-10-18,NYR,NJD,1,2
20152016,2015-10-18,WPG,STL,2,4
20152016,2015-10-18,ANA,MIN,4,1
20152016,2015-10-18,VAN,EDM,1,2
20152016,2015-10-18,LAK,COL,2,1
20152016,2015-10-19,NYR,SJS,4,0
20152016,2015-10-20,NJD,ARI,3,2
20152016,2015-10-20,PIT,FLA,3,2
20152016,2015-10-20,CBJ,NYI,0,4
20152016,2015-10-20,PHI,DAL,1,2
20152016,2015-10-20,MTL,STL,3,0
20152016,2015-10-20,NSH,TBL,5,4
20152016,2015-10-20,CGY,WSH,2,6
20152016,2015-10-21,BUF,TOR,2,1
20152016,2015-10-21,BOS,PHI,4,5
20152016,2015-10-21,EDM,DET,3,1
20152016,2015-10-21,COL,CAR,0,1
20152016,2015-10-22,NYR,ARI,4,1
20152016,2015-10-22,PIT,DAL,1,4
20152016,2015-10-22,OTT,NJD,4,5
20152016,2015-10-22,NSH,ANA,5,1
20152016,2015-10-22,MIN,CBJ,3,2
20152016,2015-10-22,CHI,FLA,3,2
20152016,2015-10-22,VAN,WSH,2,3
20152016,2015-10-22,SJS,LAK,1,4
20152016,2015-10-23,BUF,MTL,2,7
20152016,2015-10-23,NYI,BOS,3,5
20152016,2015-10-23,WPG,TBL,3,4
20152016,2015-10-23,CGY,DET,3,2
20152016,2015-10-23,EDM,WSH,4,7
20152016,2015-10-23,LAK,CAR,3,0
20152016,2015-10-24,MIN,ANA,3,0
20152016,2015-10-24,BUF,NJD,3,4
20152016,2015-10-24,MTL,TOR,5,3
20152016,2015-10-24,OTT,ARI,1,4
20152016,2015-10-24,PHI,NYR,3,2
20152016,2015-10-24,STL,NYI,2,3
20152016,2015-10-24,NSH,PIT,1,2
20152016,2015-10-24,DAL,FLA,2,6
20152016,2015-10-24,CHI,TBL,1,0
20152016,2015-10-24,COL,CBJ,3,4
20152016,2015-10-24,VAN,DET,2,3
20152016,2015-10-24,SJS,CAR,5,2
20152016,2015-10-25,WPG,MIN,5,4
20152016,2015-10-25,NYR,CGY,4,1
20152016,2015-10-25,EDM,LAK,2,3
20152016,2015-10-26,NYI,CGY,4,0
20152016,2015-10-26,TOR,ARI,3,4
20152016,2015-10-26,CHI,ANA,1,0
20152016,2015-10-27,BOS,ARI,6,0
20152016,2015-10-27,NJD,CBJ,1,3
20152016,2015-10-27,PHI,BUF,3,4
20152016,2015-10-27,DET,CAR,1,3
20152016,2015-10-27,FLA,COL,4,1
20152016,2015-10-27,STL,TBL,2,0
20152016,2015-10-27,MIN,EDM,4,3
20152016,2015-10-27,WPG,LAK,1,4
20152016,2015-10-27,DAL,ANA,4,3
20152016,2015-10-27,VAN,MTL,5,1
20152016,2015-10-28,OTT,CGY,5,4
20152016,2015-10-28,WSH,PIT,1,3
20152016,2015-10-28,SJS,NSH,1,2
20152016,2015-10-29,NYI,CAR,2,3
20152016,2015-10-29,PHI,NJD,1,4
20152016,2015-10-29,PIT,BUF,4,3
20152016,2015-10-29,TBL,COL,1,2
20152016,2015-10-29,STL,ANA,2,1
20152016,2015-10-29,WPG,CHI,3,1
20152016,2015-10-29,DAL,VAN,4,3
20152016,2015-10-29,EDM,MTL,4,3
20152016,2015-10-30,BUF,PHI,3,1
20152016,2015-10-30,NYR,TOR,3,1
20152016,2015-10-30,WSH,CBJ,2,1
20152016,2015-10-30,CAR,COL,3,2
20152016,2015-10-30,DET,OTT,1,3
20152016,2015-10-30,FLA,BOS,1,3
20152016,2015-10-30,MIN,CHI,5,4
20152016,2015-10-30,CGY,MTL,2,6
20152016,2015-10-30,ARI,VAN,3,4
20152016,2015-10-31,NJD,NYI,3,2
20152016,2015-10-31,DAL,SJS,5,3
20152016,2015-10-31,LAK,NSH,4,3
20152016,2015-10-31,TOR,PIT,0,4
20152016,2015-10-31,OTT,DET,3,5
20152016,2015-10-31,TBL,BOS,1,3
20152016,2015-10-31,FLA,WSH,1,2
20152016,2015-10-31,CBJ,WPG,2,3
20152016,2015-10-31,STL,MIN,3,2
20152016,2015-10-31,EDM,CGY,4,5
20152016,2015-11-01,COL,SJS,3,4
20152016,2015-11-01,CAR,TBL,3,4
20152016,2015-11-01,MTL,WPG,5,1
20152016,2015-11-01,NYI,BUF,1,2
20152016,2015-11-01,ANA,NSH,4,2
20152016,2015-11-02,TOR,DAL,4,1
20152016,2015-11-02,CHI,LAK,4,2
20152016,2015-11-02,VAN,PHI,4,1
20152016,2015-11-03,BOS,DAL,3,5
20152016,2015-11-03,NYI,NJD,2,1
20152016,2015-11-03,NYR,WSH,5,2
20152016,2015-11-03,MTL,OTT,1,2
20152016,2015-11-03,DET,TBL,2,1
20152016,2015-11-03,STL,LAK,0,3
20152016,2015-11-03,COL,CGY,6,3
20152016,2015-11-03,EDM,PHI,4,2
20152016,2015-11-03,SJS,CBJ,2,5
20152016,2015-11-04,TOR,WPG,2,4
20152016,2015-11-04,CHI,STL,5,6
20152016,2015-11-04,VAN,PIT,2,3
20152016,2015-11-04,ANA,FLA,3,2
20152016,2015-11-05,BUF,TBL,1,4
20152016,2015-11-05,WSH,BOS,4,1
20152016,2015-11-05,MTL,NYI,4,1
20152016,2015-11-05,OTT,WPG,3,2
20152016,2015-11-05,MIN,NSH,2,3
20152016,2015-11-05,CGY,PHI,2,1
20152016,2015-11-05,ARI,COL,4,2
20152016,2015-11-05,LAK,CBJ,2,3
20152016,2015-11-05,SJS,FLA,5,2
20152016,2015-11-06,TOR,DET,1,2
20152016,2015-11-06,NJD,CHI,4,2
20152016,2015-11-06,CAR,DAL,1,4
20152016,2015-11-06,COL,NYR,1,2
20152016,2015-11-06,EDM,PIT,1,2
20152016,2015-11-06,ANA,CBJ,4,2
20152016,2015-11-07,BUF,VAN,3,2
20152016,2015-11-07,LAK,FLA,4,1
20152016,2015-11-07,MTL,BOS,4,2
20152016,2015-11-07,WSH,TOR,3,2
20152016,2015-11-07,CAR,OTT,3,2
20152016,2015-11-07,WPG,PHI,0,3
20152016,2015-11-07,NSH,STL,0,4
20152016,2015-11-07,MIN,TBL,1,0
20152016,2015-11-07,ARI,NYR,1,4
20152016,2015-11-07,CGY,PIT,5,2
20152016,2015-11-07,SJS,ANA,0,1
20152016,2015-11-08,DET,DAL,1,4
20152016,2015-11-08,NJD,VAN,4,3
20152016,2015-11-08,NYI,BOS,1,2
20152016,2015-11-08,CHI,EDM,4,2
20152016,2015-11-09,ANA,ARI,3,4
20152016,2015-11-10,NJD,STL,0,2
20152016,2015-11-10,NYR,CAR,3,0
20152016,2015-11-10,PHI,COL,0,4
20152016,2015-11-10,CBJ,VAN,3,5
20152016,2015-11-10,DET,WSH,1,0
20152016,2015-11-10,TBL,BUF,1,4
20152016,2015-11-10,FLA,CGY,4,3
20152016,2015-11-10,NSH,OTT,7,5
20152016,2015-11-10,MIN,WPG,5,3
20152016,2015-11-10,DAL,TOR,2,3
20152016,2015-11-10,LAK,ARI,2,3
20152016,2015-11-10,SJS,NYI,2,4
20152016,2015-11-11,PIT,MTL,4,3
20152016,2015-11-11,ANA,EDM,3,4
20152016,2015-11-12,BOS,COL,2,3
20152016,2015-11-12,NYR,STL,6,3
20152016,2015-11-12,PHI,WSH,2,5
20152016,2015-11-12,CAR,MIN,2,3
20152016,2015-11-12,OTT,VAN,3,2
20152016,2015-11-12,TBL,CGY,3,1
20152016,2015-11-12,FLA,BUF,2,3
20152016,2015-11-12,NSH,TOR,1,2
20152016,2015-11-12,CHI,NJD,2,3
20152016,2015-11-12,DAL,WPG,6,3
20152016,2015-11-12,ARI,EDM,4,1
20152016,2015-11-12,LAK,NYI,2,1
20152016,2015-11-13,PIT,CBJ,1,2
20152016,2015-11-13,WSH,CGY,2,3
20152016,2015-11-13,DET,SJS,2,3
20152016,2015-11-13,ANA,NYI,1,4
20152016,2015-11-14,OTT,NYR,1,2
20152016,2015-11-14,BOS,DET,3,1
20152016,2015-11-14,BUF,SJS,1,2
20152016,2015-11-14,TOR,VAN,4,2
20152016,2015-11-14,MTL,COL,1,6
20152016,2015-11-14,TBL,FLA,4,5
20152016,2015-11-14,NJD,PIT,4,0
20152016,2015-11-14,CAR,PHI,2,3
20152016,2015-11-14,CBJ,ARI,5,2
20152016,2015-11-14,NSH,WPG,7,0
20152016,2015-11-14,STL,CHI,2,4
20152016,2015-11-14,DAL,MIN,3,2
20152016,2015-11-14,LAK,EDM,4,3
20152016,2015-11-15,NYR,TOR,4,3
20152016,2015-11-15,CHI,CGY,4,1
20152016,2015-11-16,NYI,ARI,5,2
20152016,2015-11-16,CAR,ANA,1,4
20152016,2015-11-16,MTL,VAN,4,3
20152016,2015-11-16,OTT,DET,3,4
20152016,2015-11-16,FLA,TBL,1,0
20152016,2015-11-16,STL,WPG,3,2
20152016,2015-11-17,BOS,SJS,4,5
20152016,2015-11-17,BUF,DAL,1,3
20152016,2015-11-17,PHI,LAK,2,3
20152016,2015-11-17,CBJ,STL,3,1
20152016,2015-11-17,PIT,MIN,4,3
20152016,2015-11-17,TOR,COL,5,1
20152016,2015-11-17,NSH,ANA,3,2
20152016,2015-11-17,CGY,NJD,3,2
20152016,2015-11-18,WPG,VAN,4,1
20152016,2015-11-18,DET,WSH,1,2
20152016,2015-11-18,EDM,CHI,3,4
20152016,2015-11-19,BOS,MIN,4,2
20152016,2015-11-19,PHI,SJS,0,1
20152016,2015-11-19,PIT,COL,4,3
20152016,2015-11-19,WSH,DAL,2,3
20152016,2015-11-19,MTL,ARI,2,3
20152016,2015-11-19,OTT,CBJ,3,0
20152016,2015-11-19,TBL,NYR,2,1
20152016,2015-11-19,FLA,ANA,1,3
20152016,2015-11-19,STL,BUF,3,2
20152016,2015-11-20,CAR,TOR,1,2
20152016,2015-11-20,CBJ,NSH,4,0
20152016,2015-11-20,DET,LAK,3,2
20152016,2015-11-20,NYI,MTL,3,5
20152016,2015-11-20,CGY,CHI,2,1
20152016,2015-11-20,EDM,NJD,5,1
20152016,2015-11-21,BOS,TOR,2,0
20152016,2015-11-21,OTT,PHI,4,0
20152016,2015-11-21,TBL,ANA,5,0
20152016,2015-11-21,FLA,NYR,4,5
20152016,2015-11-21,PIT,SJS,1,3
20152016,2015-11-21,WSH,COL,7,3
20152016,2015-11-21,WPG,ARI,3,2
20152016,2015-11-21,STL,DET,3,4
20152016,2015-11-21,DAL,BUF,3,0
20152016,2015-11-21,MIN,NSH,4,0
20152016,2015-11-21,VAN,CHI,6,3
20152016,2015-11-22,CAR,LAK,4,3
20152016,2015-11-22,CBJ,SJS,3,5
20152016,2015-11-22,MTL,NYI,4,2
20152016,2015-11-22,VAN,NJD,2,3
20152016,2015-11-23,BUF,STL,1,2
20152016,2015-11-23,NYR,NSH,3,0
20152016,2015-11-23,PHI,CAR,3,2
20152016,2015-11-23,WSH,EDM,1,0
20152016,2015-11-23,TOR,BOS,3,4
20152016,2015-11-23,FLA,LAK,1,3
20152016,2015-11-23,WPG,COL,1,4
20152016,2015-11-24,DAL,OTT,4,7
20152016,2015-11-24,ANA,CGY,5,3
20152016,2015-11-25,BUF,NSH,2,3
20152016,2015-11-25,NJD,CBJ,1,2
20152016,2015-11-25,NYR,MTL,1,5
20152016,2015-11-25,PIT,STL,4,3
20152016,2015-11-25,WSH,WPG,5,3
20152016,2015-11-25,CAR,EDM,4,1
20152016,2015-11-25,MIN,VAN,2,3
20152016,2015-11-25,NYI,PHI,3,1
20152016,2015-11-25,DET,BOS,2,3
20152016,2015-11-25,TBL,LAK,2,1
20152016,2015-11-25,ARI,ANA,4,2
20152016,2015-11-25,COL,OTT,3,5
20152016,2015-11-25,SJS,CHI,2,5
20152016,2015-11-27,BOS,NYR,4,3
20152016,2015-11-27,PHI,NSH,3,2
20152016,2015-11-27,MIN,WPG,1,3
20152016,2015-11-27,ANA,CHI,2,3
20152016,2015-11-27,WSH,TBL,4,2
20152016,2015-11-27,BUF,CAR,4,1
20152016,2015-11-27,NJD,MTL,2,3
20152016,2015-11-27,CBJ,PIT,2,1
20152016,2015-11-27,DET,EDM,4,3
20152016,2015-11-27,FLA,NYI,3,2
20152016,2015-11-27,DAL,VAN,3,2
20152016,2015-11-27,ARI,CGY,2,1
20152016,2015-11-28,NYR,PHI,0,3
20152016,2015-11-28,TOR,WSH,2,4
20152016,2015-11-28,MTL,NJD,2,3
20152016,2015-11-28,TBL,NYI,2,3
20152016,2015-11-28,PIT,EDM,2,3
20152016,2015-11-28,STL,CBJ,3,1
20152016,2015-11-28,NSH,BUF,1,4
20152016,2015-11-28,MIN,DAL,3,4
20152016,2015-11-28,COL,WPG,5,3
20152016,2015-11-28,ARI,OTT,4,3
20152016,2015-11-28,SJS,CGY,5,2
20152016,2015-11-28,LAK,CHI,3,2
20152016,2015-11-29,DET,FLA,1,2
20152016,2015-11-30,NYI,COL,5,3
20152016,2015-11-30,NYR,CAR,4,3
20152016,2015-11-30,TOR,EDM,3,0
20152016,2015-11-30,ANA,VAN,4,0
20152016,2015-12-01,NJD,COL,1,2
20152016,2015-12-01,MTL,CBJ,2,1
20152016,2015-12-01,OTT,PHI,2,4
20152016,2015-12-01,DET,BUF,5,4
20152016,2015-12-01,STL,FLA,1,3
20152016,2015-12-01,NSH,ARI,5,2
20152016,2015-12-01,CHI,MIN,1,2
20152016,2015-12-01,CGY,DAL,4,3
20152016,2015-12-01,LAK,VAN,2,1
20152016,2015-12-01,SJS,PIT,1,5
20152016,2015-12-02,WPG,TOR,6,1
20152016,2015-12-02,NYI,NYR,2,1
20152016,2015-12-02,EDM,BOS,3,2
20152016,2015-12-02,ANA,TBL,1,2
20152016,2015-12-03,NYR,COL,1,2
20152016,2015-12-03,CAR,NJD,1,5
20152016,2015-12-03,MTL,WSH,2,3
20152016,2015-12-03,OTT,CHI,4,3
20152016,2015-12-03,DET,ARI,5,1
20152016,2015-12-03,NSH,FLA,1,2
20152016,2015-12-03,MIN,TOR,1,0
20152016,2015-12-03,VAN,DAL,2,4
20152016,2015-12-04,BUF,ARI,5,2
20152016,2015-12-04,NJD,PHI,3,4
20152016,2015-12-04,CBJ,FLA,1,2
20152016,2015-12-04,NYI,STL,2,1
20152016,2015-12-04,CGY,BOS,5,4
20152016,2015-12-04,EDM,DAL,2,1
20152016,2015-12-04,ANA,SJS,1,0
20152016,2015-12-05,WPG,WSH,2,1
20152016,2015-12-05,LAK,PIT,5,3
20152016,2015-12-05,OTT,NYI,3,2
20152016,2015-12-05,DET,NSH,5,4
20152016,2015-12-05,CAR,MTL,3,2
20152016,2015-12-05,STL,TOR,1,4
20152016,2015-12-05,PHI,CBJ,1,4
20152016,2015-12-05,MIN,COL,3,0
20152016,2015-12-05,VAN,BOS,0,4
20152016,2015-12-05,SJS,TBL,3,4
20152016,2015-12-06,CAR,ARI,5,4
20152016,2015-12-06,CHI,WPG,3,1
20152016,2015-12-06,NJD,FLA,4,2
20152016,2015-12-06,NYR,OTT,4,1
20152016,2015-12-06,EDM,BUF,4,2
20152016,2015-12-06,ANA,PIT,2,1
20152016,2015-12-06,LAK,TBL,3,1
20152016,2015-12-07,BOS,NSH,2,3
20152016,2015-12-07,COL,MIN,2,1
20152016,2015-12-07,VAN,BUF,5,2
20152016,2015-12-08,PHI,NYI,3,4
20152016,2015-12-08,CBJ,LAK,2,3
20152016,2015-12-08,WSH,DET,3,2
20152016,2015-12-08,TOR,NJD,3,2
20152016,2015-12-08,FLA,OTT,2,4
20152016,2015-12-08,STL,ARI,4,1
20152016,2015-12-08,CHI,NSH,4,1
20152016,2015-12-08,DAL,CAR,6,5
20152016,2015-12-08,CGY,SJS,4,2
20152016,2015-12-09,MTL,BOS,1,3
20152016,2015-12-09,EDM,SJS,4,3
20152016,2015-12-09,COL,PIT,2,4
20152016,2015-12-09,VAN,NYR,2,1
20152016,2015-12-10,DET,MTL,3,2
20152016,2015-12-10,TBL,OTT,4,1
20152016,2015-12-10,FLA,WSH,4,1
20152016,2015-12-10,STL,PHI,2,4
20152016,2015-12-10,NSH,CHI,5,1
20152016,2015-12-10,WPG,CBJ,6,4
20152016,2015-12-10,CGY,BUF,4,3
20152016,2015-12-11,NJD,DET,3,2
20152016,2015-12-11,PIT,LAK,2,3
20152016,2015-12-11,CHI,WPG,2,0
20152016,2015-12-11,DAL,PHI,3,1
20152016,2015-12-11,ARI,MIN,2,1
20152016,2015-12-11,EDM,NYR,7,5
20152016,2015-12-11,ANA,CAR,1,5
20152016,2015-12-12,BOS,FLA,3,1
20152016,2015-12-12,BUF,LAK,2,1
20152016,2015-12-12,MTL,OTT,3,1
20152016,2015-12-12,TBL,WSH,1,2
20152016,2015-12-12,CBJ,NYI,2,3
20152016,2015-12-12,STL,DAL,3,0
20152016,2015-12-12,NSH,COL,2,3
20152016,2015-12-12,ARI,CAR,4,5
20152016,2015-12-12,CGY,NYR,5,4
20152016,2015-12-12,SJS,MIN,0,2
20152016,2015-12-13,NYI,NJD,4,0
20152016,2015-12-13,STL,COL,1,3
20152016,2015-12-13,CHI,VAN,4,0
20152016,2015-12-14,BOS,EDM,2,3
20152016,2015-12-14,PIT,WSH,1,4
20152016,2015-12-14,CBJ,TBL,1,2
20152016,2015-12-14,OTT,LAK,5,3
20152016,2015-12-14,DET,BUF,1,2
20152016,2015-12-15,BUF,NJD,0,2
20152016,2015-12-15,NYI,FLA,1,5
20152016,2015-12-15,NYR,EDM,4,2
20152016,2015-12-15,PHI,CAR,4,3
20152016,2015-12-15,TOR,TBL,4,5
20152016,2015-12-15,MTL,SJS,1,3
20152016,2015-12-15,NSH,CGY,1,2
20152016,2015-12-15,MIN,VAN,6,2
20152016,2015-12-15,WPG,STL,3,4
20152016,2015-12-15,CHI,COL,0,3
20152016,2015-12-15,DAL,CBJ,5,1
20152016,2015-12-16,WSH,OTT,2,1
20152016,2015-12-16,BOS,PIT,3,0
20152016,2015-12-17,BUF,ANA,3,0
20152016,2015-12-17,NJD,FLA,1,5
20152016,2015-12-17,PHI,VAN,2,0
20152016,2015-12-17,TOR,SJS,4,5
20152016,2015-12-17,MTL,LAK,0,3
20152016,2015-12-17,STL,NSH,2,1
20152016,2015-12-17,MIN,NYR,5,2
20152016,2015-12-17,CHI,EDM,4,0
20152016,2015-12-17,DAL,CGY,1,3
20152016,2015-12-17,COL,NYI,2,1
20152016,2015-12-17,ARI,CBJ,5,7
20152016,2015-12-18,PIT,BOS,2,6
20152016,2015-12-18,WSH,TBL,5,3
20152016,2015-12-18,CAR,FLA,0,2
20152016,2015-12-18,OTT,SJS,4,2
20152016,2015-12-18,DET,VAN,3,4
20152016,2015-12-18,WPG,NYR,5,2
20152016,2015-12-19,BUF,CHI,2,3
20152016,2015-12-19,STL,CGY,3,2
20152016,2015-12-19,TOR,LAK,5,0
20152016,2015-12-19,NJD,ANA,1,2
20152016,2015-12-19,PIT,CAR,1,2
20152016,2015-12-19,CBJ,PHI,3,2
20152016,2015-12-19,DAL,MTL,6,2
20152016,2015-12-19,NSH,MIN,3,2
20152016,2015-12-19,ARI,NYI,1,0
20152016,2015-12-19,COL,EDM,5,1
20152016,2015-12-20,FLA,VAN,5,4
20152016,2015-12-20,BOS,NJD,2,1
20152016,2015-12-20,TBL,OTT,5,2
20152016,2015-12-20,DET,CGY,4,2
20152016,2015-12-20,NYR,WSH,3,7
20152016,2015-12-20,CHI,SJS,4,3
20152016,2015-12-21,NYI,ANA,5,2
20152016,2015-12-21,PHI,STL,4,3
20152016,2015-12-21,PIT,CBJ,5,2
20152016,2015-12-21,CAR,WSH,1,2
20152016,2015-12-21,NSH,MTL,5,1
20152016,2015-12-21,MIN,DAL,3,6
20152016,2015-12-21,COL,TOR,4,7
20152016,2015-12-21,EDM,WPG,3,1
20152016,2015-12-22,BOS,STL,0,2
20152016,2015-12-22,NYR,ANA,3,2
20152016,2015-12-22,DET,NJD,3,4
20152016,2015-12-22,TBL,VAN,1,2
20152016,2015-12-22,FLA,OTT,2,1
20152016,2015-12-22,MIN,MTL,2,1
20152016,2015-12-22,DAL,CHI,4,0
20152016,2015-12-22,CGY,WPG,4,1
20152016,2015-12-22,ARI,TOR,3,2
20152016,2015-12-22,LAK,SJS,3,5
20152016,2015-12-26,BOS,BUF,3,6
20152016,2015-12-26,TBL,CBJ,5,2
20152016,2015-12-26,WSH,MTL,3,1
20152016,2015-12-26,CAR,NJD,3,1
20152016,2015-12-26,STL,DAL,3,2
20152016,2015-12-26,NSH,DET,2,3
20152016,2015-12-26,MIN,PIT,1,3
20152016,2015-12-26,ARI,LAK,3,4
20152016,2015-12-26,VAN,EDM,2,1
20152016,2015-12-27,OTT,BOS,3,1
20152016,2015-12-27,FLA,CBJ,3,2
20152016,2015-12-27,NYI,TOR,1,3
20152016,2015-12-27,DAL,STL,3,0
20152016,2015-12-27,CHI,CAR,1,2
20152016,2015-12-27,WPG,PIT,1,0
20152016,2015-12-27,COL,ARI,1,2
20152016,2015-12-27,ANA,PHI,4,2
20152016,2015-12-27,CGY,EDM,5,3
20152016,2015-12-28,BUF,WSH,0,2
20152016,2015-12-28,TBL,MTL,3,4
20152016,2015-12-28,NSH,NYR,5,3
20152016,2015-12-28,MIN,DET,3,1
20152016,2015-12-28,VAN,LAK,0,5
20152016,2015-12-28,SJS,COL,3,6
20152016,2015-12-29,BOS,OTT,7,3
20152016,2015-12-29,TOR,NYI,3,6
20152016,2015-12-29,NJD,CAR,3,2
20152016,2015-12-29,CBJ,DAL,6,3
20152016,2015-12-29,FLA,MTL,3,1
20152016,2015-12-29,STL,NSH,4,3
20152016,2015-12-29,WPG,DET,4,1
20152016,2015-12-29,CGY,ANA,0,1
20152016,2015-12-29,EDM,LAK,2,5
20152016,2015-12-29,ARI,CHI,5,7
20152016,2015-12-30,PIT,TOR,2,3
20152016,2015-12-30,WSH,BUF,5,2
20152016,2015-12-30,OTT,NJD,0,3
20152016,2015-12-30,TBL,NYR,2,5
20152016,2015-12-30,SJS,PHI,4,2
20152016,2015-12-31,BUF,NYI,1,2
20152016,2015-12-31,DET,PIT,2,5
20152016,2015-12-31,CAR,WSH,4,2
20152016,2015-12-31,STL,MIN,1,3
20152016,2015-12-31,COL,CHI,3,4
20152016,2015-12-31,DAL,NSH,5,1
20152016,2015-12-31,CGY,LAK,1,4
20152016,2015-12-31,EDM,ANA,0,1
20152016,2015-12-31,ARI,WPG,4,2
20152016,2016-01-01,BOS,MTL,1,5
20152016,2016-01-01,VAN,ANA,2,1
20152016,2016-01-02,BUF,DET,3,4
20152016,2016-01-02,EDM,ARI,4,3
20152016,2016-01-02,LAK,PHI,2,1
20152016,2016-01-02,TOR,STL,4,1
20152016,2016-01-02,TBL,MIN,3,2
20152016,2016-01-02,FLA,NYR,3,0
20152016,2016-01-02,NJD,DAL,3,2
20152016,2016-01-02,PIT,NYI,5,2
20152016,2016-01-02,CAR,NSH,1,2
20152016,2016-01-02,CBJ,WSH,5,4
20152016,2016-01-02,COL,CGY,0,4
20152016,2016-01-02,SJS,WPG,1,4
20152016,2016-01-03,NYI,DAL,6,5
20152016,2016-01-03,FLA,MIN,2,1
20152016,2016-01-03,CHI,OTT,3,0
20152016,2016-01-03,ANA,WPG,4,1
20152016,2016-01-04,NJD,DET,0,1
20152016,2016-01-04,STL,OTT,2,3
20152016,2016-01-04,COL,LAK,4,1
20152016,2016-01-04,EDM,CAR,1,0
20152016,2016-01-04,VAN,ARI,2,3
20152016,2016-01-05,BOS,WSH,2,3
20152016,2016-01-05,BUF,FLA,1,5
20152016,2016-01-05,NYR,DAL,6,2
20152016,2016-01-05,PIT,CHI,2,3
20152016,2016-01-05,CBJ,MIN,2,4
20152016,2016-01-05,PHI,MTL,4,3
20152016,2016-01-05,NSH,WPG,1,4
20152016,2016-01-05,CGY,TBL,3,1
20152016,2016-01-06,MTL,NJD,2,1
20152016,2016-01-06,CHI,PIT,3,1
20152016,2016-01-06,COL,STL,4,3
20152016,2016-01-06,VAN,CAR,3,2
20152016,2016-01-06,ANA,TOR,0,4
20152016,2016-01-07,NYI,WSH,1,4
20152016,2016-01-07,OTT,FLA,2,3
20152016,2016-01-07,MIN,PHI,3,4
20152016,2016-01-07,DAL,WPG,2,1
20152016,2016-01-07,CGY,ARI,1,2
20152016,2016-01-07,LAK,TOR,2,1
20152016,2016-01-07,SJS,DET,1,2
20152016,2016-01-08,NJD,BOS,1,4
20152016,2016-01-08,CAR,CBJ,4,1
20152016,2016-01-08,CHI,BUF,3,1
20152016,2016-01-08,COL,NSH,5,3
20152016,2016-01-08,EDM,TBL,2,3
20152016,2016-01-08,ANA,STL,4,3
20152016,2016-01-09,NYR,WSH,3,4
20152016,2016-01-09,PHI,NYI,4,0
20152016,2016-01-09,MTL,PIT,1,3
20152016,2016-01-09,OTT,BOS,2,1
20152016,2016-01-09,CBJ,CAR,3,4
20152016,2016-01-09,SJS,TOR,7,0
20152016,2016-01-09,DAL,MIN,1,2
20152016,2016-01-09,ARI,NSH,4,0
20152016,2016-01-09,VAN,TBL,2,3
20152016,2016-01-09,LAK,STL,1,2
20152016,2016-01-10,WPG,BUF,2,4
20152016,2016-01-10,WSH,OTT,7,1
20152016,2016-01-10,CHI,COL,6,3
20152016,2016-01-10,MIN,NJD,1,2
20152016,2016-01-10,ANA,DET,1,2
20152016,2016-01-10,EDM,FLA,1,2
20152016,2016-01-11,NYR,BOS,2,1
20152016,2016-01-11,CGY,SJS,4,5
20152016,2016-01-11,VAN,FLA,3,2
20152016,2016-01-11,LAK,DET,4,2
20152016,2016-01-12,NYI,CBJ,5,2
20152016,2016-01-12,CAR,PIT,3,2
20152016,2016-01-12,STL,NJD,5,2
20152016,2016-01-12,MIN,BUF,2,3
20152016,2016-01-12,WPG,SJS,1,4
20152016,2016-01-12,CHI,NSH,3,2
20152016,2016-01-12,COL,TBL,0,4
20152016,2016-01-12,ARI,EDM,4,3
20152016,2016-01-13,TOR,CBJ,1,3
20152016,2016-01-13,PHI,BOS,3,2
20152016,2016-01-13,CGY,FLA,6,0
20152016,2016-01-13,ANA,OTT,4,1
20152016,2016-01-14,NYI,NYR,3,1
20152016,2016-01-14,WSH,VAN,4,1
20152016,2016-01-14,MTL,CHI,1,2
20152016,2016-01-14,STL,CAR,1,4
20152016,2016-01-14,WPG,NSH,5,4
20152016,2016-01-14,COL,NJD,3,0
20152016,2016-01-14,ARI,DET,2,3
20152016,2016-01-14,SJS,EDM,2,1
20152016,2016-01-15,BUF,BOS,1,4
20152016,2016-01-15,TOR,CHI,1,4
20152016,2016-01-15,CAR,VAN,2,3
20152016,2016-01-15,TBL,PIT,5,4
20152016,2016-01-15,MIN,WPG,0,1
20152016,2016-01-15,ANA,DAL,4,2
20152016,2016-01-16,PHI,NYR,2,3
20152016,2016-01-16,ARI,NJD,0,2
20152016,2016-01-16,LAK,OTT,3,5
20152016,2016-01-16,BOS,TOR,3,2
20152016,2016-01-16,BUF,WSH,4,1
20152016,2016-01-16,CBJ,COL,2,1
20152016,2016-01-16,STL,MTL,4,3
20152016,2016-01-16,NSH,MIN,3,0
20152016,2016-01-16,EDM,CGY,2,1
20152016,2016-01-16,SJS,DAL,4,3
20152016,2016-01-17,PIT,CAR,5,0
20152016,2016-01-17,NYI,VAN,1,2
20152016,2016-01-17,TBL,FLA,3,1
20152016,2016-01-17,WSH,NYR,5,2
20152016,2016-01-17,CHI,MTL,5,2
20152016,2016-01-17,DET,PHI,1,2
20152016,2016-01-17,ANA,LAK,2,3
20152016,2016-01-18,FLA,EDM,2,4
20152016,2016-01-18,STL,PIT,5,2
20152016,2016-01-18,WPG,COL,1,2
20152016,2016-01-18,ARI,BUF,1,2
20152016,2016-01-18,SJS,OTT,3,4
20152016,2016-01-19,NJD,CGY,4,2
20152016,2016-01-19,NYR,VAN,3,2
20152016,2016-01-19,PHI,TOR,2,3
20152016,2016-01-19,CBJ,WSH,3,6
20152016,2016-01-19,MTL,BOS,1,4
20152016,2016-01-19,TBL,EDM,6,4
20152016,2016-01-19,NSH,CHI,1,4
20152016,2016-01-19,LAK,DAL,3,2
20152016,2016-01-20,DET,STL,1,2
20152016,2016-01-20,COL,BUF,2,1
20152016,2016-01-20,ANA,MIN,3,1
20152016,2016-01-21,BOS,VAN,2,4
20152016,2016-01-21,NJD,OTT,6,3
20152016,2016-01-21,PIT,PHI,4,3
20152016,2016-01-21,CBJ,CGY,2,4
20152016,2016-01-21,TOR,CAR,0,1
20152016,2016-01-21,TBL,CHI,2,1
20152016,2016-01-21,WPG,NSH,1,4
20152016,2016-01-21,DAL,EDM,3,2
20152016,2016-01-21,ARI,SJS,1,3
20152016,2016-01-21,LAK,MIN,0,3
20152016,2016-01-22,BUF,DET,0,3
20152016,2016-01-22,CAR,NYR,1,4
20152016,2016-01-22,OTT,NYI,2,5
20152016,2016-01-22,FLA,CHI,4,0
20152016,2016-01-22,COL,STL,2,1
20152016,2016-01-23,PIT,VAN,5,4
20152016,2016-01-23,SJS,MIN,4,3
20152016,2016-01-23,BOS,CBJ,3,2
20152016,2016-01-23,TOR,MTL,2,3
20152016,2016-01-23,DET,ANA,3,4
20152016,2016-01-23,FLA,TBL,5,2
20152016,2016-01-23,WPG,NJD,1,3
20152016,2016-01-23,DAL,COL,1,3
20152016,2016-01-23,ARI,LAK,3,2
20152016,2016-01-23,EDM,NSH,1,4
20152016,2016-01-24,OTT,NYR,3,0
20152016,2016-01-24,CAR,CGY,5,2
20152016,2016-01-24,CHI,STL,2,0
20152016,2016-01-24,SJS,LAK,2,3
20152016,2016-01-25,NYI,DET,2,4
20152016,2016-01-25,PHI,BOS,2,3
20152016,2016-01-25,CBJ,MTL,5,2
20152016,2016-01-25,NYR,BUF,6,3
20152016,2016-01-25,DAL,CGY,2,1
20152016,2016-01-25,MIN,ARI,1,2
20152016,2016-01-26,BOS,ANA,2,6
20152016,2016-01-26,PIT,NJD,2,0
20152016,2016-01-26,CAR,CHI,5,0
20152016,2016-01-26,MTL,CBJ,2,5
20152016,2016-01-26,OTT,BUF,2,3
20152016,2016-01-26,FLA,TOR,5,1
20152016,2016-01-26,WPG,ARI,5,2
20152016,2016-01-26,VAN,NSH,1,2
20152016,2016-01-26,SJS,COL,6,1
20152016,2016-01-27,TBL,TOR,1,0
20152016,2016-01-27,WSH,PHI,3,4
20152016,2016-01-27,CGY,NSH,1,2
20152016,2016-01-27,LAK,COL,3,4
20152016,2016-02-02,BOS,TOR,3,4
20152016,2016-02-02,NJD,NYR,3,2
20152016,2016-02-02,NYI,MIN,5,3
20152016,2016-02-02,PHI,MTL,4,2
20152016,2016-02-02,PIT,OTT,6,5
20152016,2016-02-02,WSH,FLA,2,5
20152016,2016-02-02,NSH,STL,0,1
20152016,2016-02-02,WPG,DAL,3,5
20152016,2016-02-02,COL,CHI,1,2
20152016,2016-02-02,EDM,CBJ,5,1
20152016,2016-02-02,ARI,LAK,2,6
20152016,2016-02-02,ANA,SJS,3,2
20152016,2016-02-03,MTL,BUF,2,4
20152016,2016-02-03,TBL,DET,3,1
20152016,2016-02-03,CGY,CAR,4,1
20152016,2016-02-04,BUF,BOS,2,3
20152016,2016-02-04,NYR,MIN,4,2
20152016,2016-02-04,WSH,NYI,3,2
20152016,2016-02-04,TOR,NJD,3,2
20152016,2016-02-04,OTT,EDM,2,7
20152016,2016-02-04,FLA,DET,6,3
20152016,2016-02-04,STL,SJS,1,3
20152016,2016-02-04,NSH,PHI,3,6
20152016,2016-02-04,COL,DAL,3,4
20152016,2016-02-04,ARI,CHI,4,5
20152016,2016-02-04,VAN,CBJ,1,2
20152016,2016-02-04,LAK,ANA,2,4
20152016,2016-02-05,TBL,PIT,6,3
20152016,2016-02-05,WPG,CAR,3,5
20152016,2016-02-05,CGY,CBJ,1,2
20152016,2016-02-05,ANA,ARI,5,2
20152016,2016-02-06,NJD,WSH,2,3
20152016,2016-02-06,PHI,NYR,2,3
20152016,2016-02-06,MTL,EDM,5,1
20152016,2016-02-06,DET,NYI,5,1
20152016,2016-02-06,BOS,BUF,2,1
20152016,2016-02-06,OTT,TOR,6,1
20152016,2016-02-06,FLA,PIT,2,3
20152016,2016-02-06,STL,MIN,4,1
20152016,2016-02-06,NSH,SJS,6,2
20152016,2016-02-06,DAL,CHI,1,5
20152016,2016-02-06,COL,WPG,2,4
20152016,2016-02-06,VAN,CGY,1,4
20152016,2016-02-07,WSH,PHI,3,2
20152016,2016-02-07,MTL,CAR,2,1
20152016,2016-02-07,NYI,EDM,8,1
20152016,2016-02-08,NYR,NJD,2,1
20152016,2016-02-08,PIT,ANA,6,2
20152016,2016-02-08,OTT,TBL,5,1
20152016,2016-02-08,DET,FLA,3,0
20152016,2016-02-09,BOS,LAK,2,9
20152016,2016-02-09,BUF,FLA,4,7
20152016,2016-02-09,PHI,ANA,1,4
20152016,2016-02-09,CBJ,NYI,2,3
20152016,2016-02-09,MTL,TBL,4,2
20152016,2016-02-09,NJD,EDM,2,1
20152016,2016-02-09,STL,WPG,1,2
20152016,2016-02-09,NSH,WSH,3,5
20152016,2016-02-09,MIN,DAL,3,4
20152016,2016-02-09,CHI,SJS,0,2
20152016,2016-02-09,COL,VAN,1,3
20152016,2016-02-09,CGY,TOR,4,3
20152016,2016-02-10,DET,OTT,3,1
20152016,2016-02-10,PIT,NYR,0,3
20152016,2016-02-10,ARI,VAN,1,2
20152016,2016-02-11,NYI,LAK,5,2
20152016,2016-02-11,PHI,BUF,5,1
20152016,2016-02-11,CBJ,ANA,4,3
20152016,2016-02-11,OTT,COL,3,4
20152016,2016-02-11,MIN,WSH,3,4
20152016,2016-02-11,WPG,BOS,2,6
20152016,2016-02-11,CHI,DAL,2,4
20152016,2016-02-11,EDM,TOR,5,2
20152016,2016-02-11,SJS,CGY,5,6
20152016,2016-02-12,BUF,MTL,6,4
20152016,2016-02-12,NYR,LAK,4,5
20152016,2016-02-12,CAR,PIT,1,2
20152016,2016-02-12,DET,COL,2,3
20152016,2016-02-12,TBL,NSH,4,3
20152016,2016-02-12,FLA,STL,3,5
20152016,2016-02-12,ARI,CGY,4,1
20152016,2016-02-13,PHI,NJD,1,2
20152016,2016-02-13,MIN,BOS,2,4
20152016,2016-02-13,FLA,NSH,0,5
20152016,2016-02-13,CAR,NYI,6,3
20152016,2016-02-13,CBJ,OTT,4,2
20152016,2016-02-13,VAN,TOR,2,5
20152016,2016-02-13,DAL,WSH,4,3
20152016,2016-02-13,CHI,ANA,2,3
20152016,2016-02-13,EDM,WPG,1,2
20152016,2016-02-13,SJS,ARI,4,1
20152016,2016-02-14,BUF,COL,4,1
20152016,2016-02-14,NJD,LAK,1,0
20152016,2016-02-14,DET,BOS,6,5
20152016,2016-02-14,TBL,STL,1,2
20152016,2016-02-14,NYR,PHI,3,1
20152016,2016-02-15,NYI,DET,4,1
20152016,2016-02-15,CGY,ANA,4,6
20152016,2016-02-15,FLA,PIT,2,1
20152016,2016-02-15,NSH,DAL,2,3
20152016,2016-02-15,CHI,TOR,7,2
20152016,2016-02-15,ARI,MTL,6,2
20152016,2016-02-15,VAN,MIN,2,5
20152016,2016-02-16,NJD,PHI,3,6
20152016,2016-02-16,WSH,LAK,3,1
20152016,2016-02-16,CAR,WPG,2,1
20152016,2016-02-16,CBJ,BOS,1,2
20152016,2016-02-16,OTT,BUF,2,1
20152016,2016-02-16,TBL,SJS,2,4
20152016,2016-02-16,STL,DAL,2,1
20152016,2016-02-16,EDM,ANA,3,5
20152016,2016-02-17,NYR,CHI,3,5
20152016,2016-02-17,COL,MTL,3,2
20152016,2016-02-17,CGY,MIN,3,5
20152016,2016-02-18,NYI,WSH,2,3
20152016,2016-02-18,PIT,DET,6,3
20152016,2016-02-18,TOR,NYR,2,4
20152016,2016-02-18,OTT,CAR,4,2
20152016,2016-02-18,TBL,WPG,6,5
20152016,2016-02-18,FLA,SJS,1,2
20152016,2016-02-18,STL,LAK,2,1
20152016,2016-02-18,NSH,BOS,2,0
20152016,2016-02-18,EDM,MIN,2,5
20152016,2016-02-18,ARI,DAL,6,3
20152016,2016-02-18,VAN,ANA,2,5
20152016,2016-02-19,NJD,NYI,0,1
20152016,2016-02-19,CAR,SJS,5,2
20152016,2016-02-19,CBJ,BUF,0,4
20152016,2016-02-19,MTL,PHI,3,2
20152016,2016-02-19,CGY,VAN,5,2
20152016,2016-02-20,PIT,TBL,2,4
20152016,2016-02-20,TOR,PHI,4,5
20152016,2016-02-20,OTT,DET,3,2
20152016,2016-02-20,FLA,WPG,3,1
20152016,2016-02-20,WSH,NJD,4,3
20152016,2016-02-20,NSH,LAK,1,2
20152016,2016-02-20,DAL,BOS,3,7
20152016,2016-02-20,ARI,STL,4,6
20152016,2016-02-20,EDM,COL,2,3
20152016,2016-02-21,BUF,PIT,3,4
20152016,2016-02-21,MIN,CHI,6,1
20152016,2016-02-21,NYR,DET,1,0
20152016,2016-02-21,CAR,TBL,2,4
20152016,2016-02-21,ANA,CGY,5,2
20152016,2016-02-21,VAN,COL,5,1
20152016,2016-02-22,BOS,CBJ,4,6
20152016,2016-02-22,WSH,ARI,3,2
20152016,2016-02-22,MTL,NSH,1,2
20152016,2016-02-22,STL,SJS,3,6
20152016,2016-02-23,NJD,NYR,5,2
20152016,2016-02-23,CAR,PHI,3,1
20152016,2016-02-23,TOR,NSH,2,3
20152016,2016-02-23,DET,CBJ,2,1
20152016,2016-02-23,TBL,ARI,2,1
20152016,2016-02-23,MIN,NYI,1,4
20152016,2016-02-23,WPG,DAL,3,5
20152016,2016-02-23,EDM,OTT,1,4
20152016,2016-02-23,LAK,CGY,2,1
20152016,2016-02-24,WSH,MTL,3,4
20152016,2016-02-24,BOS,PIT,5,1
20152016,2016-02-24,COL,SJS,4,3
20152016,2016-02-24,ANA,BUF,1,0
20152016,2016-02-25,PHI,MIN,3,2
20152016,2016-02-25,CBJ,NJD,6,1
20152016,2016-02-25,TOR,CAR,3,1
20152016,2016-02-25,FLA,ARI,3,2
20152016,2016-02-25,STL,NYR,1,2
20152016,2016-02-25,CHI,NSH,1,3
20152016,2016-02-25,DAL,WPG,3,6
20152016,2016-02-25,CGY,NYI,1,2
20152016,2016-02-25,VAN,OTT,5,3
20152016,2016-02-25,LAK,EDM,2,1
20152016,2016-02-26,NJD,TBL,0,4
20152016,2016-02-26,WSH,MIN,3,2
20152016,2016-02-26,CAR,BOS,1,4
20152016,2016-02-26,ANA,EDM,2,1
20152016,2016-02-26,SJS,BUF,1,3
20152016,2016-02-27,PHI,ARI,4,2
20152016,2016-02-27,PIT,WPG,4,1
20152016,2016-02-27,CBJ,FLA,4,3
20152016,2016-02-27,NSH,STL,5,0
20152016,2016-02-27,DAL,NYR,2,3
20152016,2016-02-27,MTL,TOR,4,1
20152016,2016-02-27,COL,DET,3,5
20152016,2016-02-27,CGY,OTT,4,6
20152016,2016-02-27,LAK,BUF,2,0
20152016,2016-02-28,CHI,WSH,3,2
20152016,2016-02-28,CAR,STL,2,5
20152016,2016-02-28,MIN,FLA,3,1
20152016,2016-02-28,BOS,TBL,1,4
20152016,2016-02-28,VAN,SJS,1,4
20152016,2016-02-28,ANA,LAK,4,2
20152016,2016-02-28,EDM,NYI,3,1
20152016,2016-02-29,NYR,CBJ,2,1
20152016,2016-02-29,PHI,CGY,5,3
20152016,2016-02-29,PIT,ARI,6,0
20152016,2016-02-29,TOR,TBL,1,2
20152016,2016-02-29,DAL,DET,2,3
20152016,2016-02-29,SJS,MTL,6,2
20152016,2016-03-01,BOS,CGY,2,1
20152016,2016-03-01,NJD,CAR,1,3
20152016,2016-03-01,WSH,PIT,3,2
20152016,2016-03-01,BUF,EDM,1,2
20152016,2016-03-01,OTT,STL,3,4
20152016,2016-03-01,NSH,DAL,5,3
20152016,2016-03-01,MIN,COL,6,3
20152016,2016-03-01,WPG,FLA,2,3
20152016,2016-03-01,VAN,NYI,2,3
20152016,2016-03-02,WSH,TOR,3,2
20152016,2016-03-02,DET,CHI,2,5
20152016,2016-03-02,ANA,MTL,3,2
20152016,2016-03-03,BOS,CHI,4,2
20152016,2016-03-03,BUF,CGY,6,3
20152016,2016-03-03,PHI,EDM,0,4
20152016,2016-03-03,PIT,NYR,4,1
20152016,2016-03-03,TOR,MIN,1,2
20152016,2016-03-03,OTT,TBL,1,4
20152016,2016-03-03,NSH,NJD,4,5
20152016,2016-03-03,WPG,NYI,3,4
20152016,2016-03-03,COL,FLA,3,2
20152016,2016-03-03,ARI,ANA,1,5
20152016,2016-03-03,VAN,SJS,2,3
20152016,2016-03-03,LAK,MTL,3,2
20152016,2016-03-04,WSH,NYR,2,3
20152016,2016-03-04,CBJ,EDM,6,3
20152016,2016-03-04,DAL,NJD,4,2
20152016,2016-03-05,BUF,MIN,2,3
20152016,2016-03-05,PIT,CGY,2,4
20152016,2016-03-05,COL,NSH,2,5
20152016,2016-03-05,LAK,ANA,2,3
20152016,2016-03-05,BOS,WSH,1,2
20152016,2016-03-05,TOR,OTT,2,3
20152016,2016-03-05,TBL,CAR,4,3
20152016,2016-03-05,PHI,CBJ,6,0
20152016,2016-03-05,WPG,MTL,4,2
20152016,2016-03-05,ARI,FLA,5,1
20152016,2016-03-05,SJS,VAN,2,4
20152016,2016-03-06,OTT,DAL,1,2
20152016,2016-03-06,NJD,PIT,1,6
20152016,2016-03-06,NYR,NYI,4,6
20152016,2016-03-06,CHI,DET,4,1
20152016,2016-03-06,WPG,EDM,1,2
20152016,2016-03-06,MIN,STL,2,4
20152016,2016-03-07,PHI,TBL,4,2
20152016,2016-03-07,TOR,BUF,3,4
20152016,2016-03-07,FLA,BOS,4,5
20152016,2016-03-07,COL,ARI,3,1
20152016,2016-03-07,CGY,SJS,1,2
20152016,2016-03-07,ANA,WSH,1,2
20152016,2016-03-07,LAK,VAN,5,1
20152016,2016-03-08,BUF,NYR,2,4
20152016,2016-03-08,CAR,OTT,4,3
20152016,2016-03-08,CBJ,DET,5,3
20152016,2016-03-08,NYI,PIT,2,1
20152016,2016-03-08,MTL,DAL,4,3
20152016,2016-03-08,TBL,BOS,0,1
20152016,2016-03-08,WPG,NSH,2,4
20152016,2016-03-08,EDM,SJS,0,3
20152016,2016-03-09,TOR,NYI,4,3
20152016,2016-03-09,STL,CHI,3,2
20152016,2016-03-09,CGY,NSH,3,2
20152016,2016-03-09,COL,ANA,3,0
20152016,2016-03-09,VAN,ARI,3,2
20152016,2016-03-09,LAK,WSH,4,3
20152016,2016-03-10,BOS,CAR,2,3
20152016,2016-03-10,MTL,BUF,3,2
20152016,2016-03-10,DET,WPG,3,2
20152016,2016-03-10,FLA,OTT,6,2
20152016,2016-03-10,MIN,EDM,1,2
20152016,2016-03-10,SJS,NJD,0,3
20152016,2016-03-11,CBJ,PIT,2,3
20152016,2016-03-11,TBL,PHI,1,3
20152016,2016-03-11,STL,ANA,5,2
20152016,2016-03-11,DAL,CHI,5,2
20152016,2016-03-11,CGY,ARI,1,4
20152016,2016-03-12,BOS,NYI,3,1
20152016,2016-03-12,BUF,CAR,3,2
20152016,2016-03-12,DET,NYR,3,2
20152016,2016-03-12,MTL,MIN,1,4
20152016,2016-03-12,OTT,TOR,4,0
20152016,2016-03-12,FLA,PHI,5,4
20152016,2016-03-12,WPG,COL,3,2
20152016,2016-03-12,DAL,STL,4,5
20152016,2016-03-12,EDM,ARI,0,4
20152016,2016-03-12,VAN,NSH,4,2
20152016,2016-03-12,LAK,NJD,1,2
20152016,2016-03-12,SJS,WSH,5,2
20152016,2016-03-13,NYR,PIT,3,5
20152016,2016-03-13,CBJ,TBL,0,4
20152016,2016-03-13,DET,TOR,0,1
20152016,2016-03-14,NYI,FLA,3,2
20152016,2016-03-14,CHI,LAK,0,5
20152016,2016-03-14,CGY,STL,7,4
20152016,2016-03-14,EDM,NSH,2,3
20152016,2016-03-14,VAN,WPG,2,5
20152016,2016-03-14,ANA,NJD,7,1
20152016,2016-03-15,PIT,NYI,2,1
20152016,2016-03-15,WSH,CAR,2,1
20152016,2016-03-15,PHI,DET,4,3
20152016,2016-03-15,TOR,TBL,4,1
20152016,2016-03-15,MTL,FLA,1,4
20152016,2016-03-15,OTT,MIN,3,2
20152016,2016-03-15,DAL,LAK,2,5
20152016,2016-03-15,SJS,BOS,3,2
20152016,2016-03-16,BUF,MTL,2,3
20152016,2016-03-16,CHI,PHI,2,3
20152016,2016-03-16,EDM,STL,6,4
20152016,2016-03-16,CGY,WPG,4,1
20152016,2016-03-16,VAN,COL,1,3
20152016,2016-03-16,ANA,NYR,1,2
20152016,2016-03-17,NJD,MIN,7,4
20152016,2016-03-17,PIT,CAR,4,2
20152016,2016-03-17,CBJ,DET,1,3
20152016,2016-03-17,TOR,FLA,1,4
20152016,2016-03-17,NSH,NYI,4,2
20152016,2016-03-17,DAL,TBL,4,3
20152016,2016-03-17,ARI,SJS,3,1
20152016,2016-03-17,LAK,NYR,4,3
20152016,2016-03-18,BUF,OTT,3,1
20152016,2016-03-18,WSH,NSH,4,1
20152016,2016-03-18,WPG,CHI,0,4
20152016,2016-03-18,CGY,COL,3,4
20152016,2016-03-18,EDM,VAN,2,0
20152016,2016-03-18,ANA,BOS,4,0
20152016,2016-03-19,PHI,PIT,1,4
20152016,2016-03-19,MIN,CAR,3,2
20152016,2016-03-19,SJS,NYR,4,1
20152016,2016-03-19,TOR,BUF,4,1
20152016,2016-03-19,OTT,MTL,5,0
20152016,2016-03-19,FLA,DET,3,5
20152016,2016-03-19,CBJ,NJD,6,3
20152016,2016-03-19,DAL,NYI,3,0
20152016,2016-03-19,VAN,STL,0,3
20152016,2016-03-19,ARI,TBL,0,2
20152016,2016-03-19,LAK,BOS,2,1
20152016,2016-03-20,WPG,ANA,2,3
20152016,2016-03-20,NJD,CBJ,2,1
20152016,2016-03-20,PIT,WSH,6,2
20152016,2016-03-20,MTL,CGY,1,4
20152016,2016-03-20,CHI,MIN,2,3
20152016,2016-03-20,EDM,COL,2,3
20152016,2016-03-20,SJS,ARI,3,0
20152016,2016-03-21,NYR,FLA,4,2
20152016,2016-03-21,NYI,PHI,1,4
20152016,2016-03-21,TOR,CGY,5,2
20152016,2016-03-21,NSH,LAK,5,2
20152016,2016-03-22,CAR,BUF,2,3
20152016,2016-03-22,CBJ,PHI,3,2
20152016,2016-03-22,MTL,ANA,4,3
20152016,2016-03-22,OTT,WSH,2,4
20152016,2016-03-22,TBL,DET,6,2
20152016,2016-03-22,WPG,VAN,2,0
20152016,2016-03-22,MIN,LAK,2,1
20152016,2016-03-22,CHI,DAL,2,6
20152016,2016-03-22,ARI,EDM,4,2
20152016,2016-03-22,SJS,STL,0,1
20152016,2016-03-23,NYI,OTT,3,1
20152016,2016-03-23,NYR,BOS,5,2
20152016,2016-03-24,BOS,FLA,1,4
20152016,2016-03-24,PIT,NJD,0,3
20152016,2016-03-24,CBJ,CAR,2,3
20152016,2016-03-24,TOR,ANA,6,5
20152016,2016-03-24,DET,MTL,4,3
20152016,2016-03-24,NSH,VAN,3,2
20152016,2016-03-24,MIN,CGY,6,2
20152016,2016-03-24,WPG,LAK,4,1
20152016,2016-03-24,COL,PHI,2,4
20152016,2016-03-24,ARI,DAL,3,1
20152016,2016-03-24,SJS,EDM,3,6
20152016,2016-03-25,NJD,WSH,0,1
20152016,2016-03-25,TBL,NYI,7,4
20152016,2016-03-25,STL,VAN,4,0
20152016,2016-03-26,BUF,WPG,3,2
20152016,2016-03-26,DET,PIT,2,7
20152016,2016-03-26,COL,MIN,0,4
20152016,2016-03-26,SJS,DAL,2,4
20152016,2016-03-26,TOR,BOS,1,3
20152016,2016-03-26,MTL,NYR,2,5
20152016,2016-03-26,OTT,ANA,3,4
20152016,2016-03-26,TBL,FLA,2,5
20152016,2016-03-26,WSH,STL,0,4
20152016,2016-03-26,CAR,NYI,3,4
20152016,2016-03-26,NSH,CBJ,5,1
20152016,2016-03-26,CGY,CHI,1,4
20152016,2016-03-26,ARI,PHI,2,1
20152016,2016-03-26,LAK,EDM,6,4
20152016,2016-03-27,CAR,NJD,3,2
20152016,2016-03-27,NYR,PIT,2,3
20152016,2016-03-27,VAN,CHI,2,3
20152016,2016-03-28,PHI,WPG,3,2
20152016,2016-03-28,WSH,CBJ,4,1
20152016,2016-03-28,DET,BUF,3,2
20152016,2016-03-28,TBL,TOR,3,0
20152016,2016-03-28,NSH,COL,3,4
20152016,2016-03-28,EDM,ANA,1,2
20152016,2016-03-28,ARI,CGY,2,5
20152016,2016-03-28,SJS,LAK,5,2
20152016,2016-03-29,NJD,BOS,2,1
20152016,2016-03-29,NYI,CAR,2,1
20152016,2016-03-29,PIT,BUF,5,4
20152016,2016-03-29,MTL,DET,4,3
20152016,2016-03-29,FLA,TOR,2,5
20152016,2016-03-29,MIN,CHI,4,1
20152016,2016-03-29,STL,COL,3,1
20152016,2016-03-29,DAL,NSH,5,2
20152016,2016-03-29,VAN,SJS,1,4
20152016,2016-03-30,WPG,OTT,1,2
20152016,2016-03-30,PHI,WSH,2,1
20152016,2016-03-30,ANA,CGY,8,3
20152016,2016-03-31,BUF,TOR,4,1
20152016,2016-03-31,NYI,CBJ,4,3
20152016,2016-03-31,PIT,NSH,5,2
20152016,2016-03-31,CAR,NYR,4,3
20152016,2016-03-31,TBL,MTL,0,3
20152016,2016-03-31,FLA,NJD,3,2
20152016,2016-03-31,MIN,OTT,2,3
20152016,2016-03-31,DAL,ARI,4,1
20152016,2016-03-31,LAK,CGY,3,0
20152016,2016-03-31,SJS,VAN,2,4
20152016,2016-04-01,DET,MIN,3,2
20152016,2016-04-01,STL,BOS,5,6
20152016,2016-04-01,WPG,CHI,4,5
20152016,2016-04-01,COL,WSH,2,4
20152016,2016-04-01,ANA,VAN,2,3
20152016,2016-04-02,NYI,PIT,0,5
20152016,2016-04-02,PHI,OTT,3,2
20152016,2016-04-02,LAK,DAL,2,3
20152016,2016-04-02,TOR,DET,2,3
20152016,2016-04-02,TBL,NJD,3,1
20152016,2016-04-02,FLA,MTL,4,3
20152016,2016-04-02,NYR,BUF,3,4
20152016,2016-04-02,CAR,CBJ,1,5
20152016,2016-04-02,NSH,SJS,2,3
20152016,2016-04-02,EDM,CGY,0,5
20152016,2016-04-02,ARI,WSH,3,0
20152016,2016-04-03,CHI,BOS,6,4
20152016,2016-04-03,PIT,PHI,6,2
20152016,2016-04-03,WPG,MIN,5,1
20152016,2016-04-03,COL,STL,1,5
20152016,2016-04-03,ANA,DAL,3,1
20152016,2016-04-04,NYI,TBL,5,2
20152016,2016-04-04,CBJ,NYR,2,4
20152016,2016-04-04,TOR,FLA,3,4
20152016,2016-04-04,STL,ARI,5,2
20152016,2016-04-04,VAN,LAK,3,2
20152016,2016-04-05,BOS,CAR,1,2
20152016,2016-04-05,NJD,BUF,1,3
20152016,2016-04-05,WSH,NYI,3,4
20152016,2016-04-05,NYR,TBL,3,2
20152016,2016-04-05,MTL,FLA,1,4
20152016,2016-04-05,OTT,PIT,3,5
20152016,2016-04-05,NSH,COL,4,3
20152016,2016-04-05,MIN,SJS,0,3
20152016,2016-04-05,CHI,ARI,6,2
20152016,2016-04-05,CGY,LAK,4,5
20152016,2016-04-05,ANA,WPG,1,2
20152016,2016-04-06,TOR,CBJ,1,5
20152016,2016-04-06,EDM,VAN,6,2
20152016,2016-04-06,DET,PHI,3,0
20152016,2016-04-07,BOS,DET,5,2
20152016,2016-04-07,NJD,TBL,2,4
20152016,2016-04-07,NYR,NYI,1,4
20152016,2016-04-07,PHI,TOR,3,4
20152016,2016-04-07,WSH,PIT,3,4
20152016,2016-04-07,CAR,MTL,2,4
20152016,2016-04-07,OTT,FLA,3,1
20152016,2016-04-07,NSH,ARI,3,2
20152016,2016-04-07,CHI,STL,1,2
20152016,2016-04-07,DAL,COL,4,2
20152016,2016-04-07,CGY,VAN,7,3
20152016,2016-04-07,LAK,ANA,2,1
20152016,2016-04-07,SJS,WPG,4,5
20152016,2016-04-08,BUF,CBJ,1,4
20152016,2016-04-09,BOS,OTT,1,6
20152016,2016-04-09,NYR,DET,3,2
20152016,2016-04-09,PHI,PIT,3,1
20152016,2016-04-09,COL,ANA,3,5
20152016,2016-04-09,MTL,TBL,5,2
20152016,2016-04-09,FLA,CAR,5,2
20152016,2016-04-09,NJD,TOR,5,1
20152016,2016-04-09,CBJ,CHI,5,4
20152016,2016-04-09,MIN,CGY,1,2
20152016,2016-04-09,NYI,BUF,3,4
20152016,2016-04-09,STL,WSH,1,5
20152016,2016-04-09,DAL,NSH,3,2
20152016,2016-04-09,VAN,EDM,4,3
20152016,2016-04-09,LAK,WPG,3,4
20152016,2016-04-09,SJS,ARI,1,0
20152016,2016-04-10,NYI,PHI,2,5
20152016,2016-04-10,WSH,ANA,0,2
20162017,2016-10-12,OTT,TOR,5,4
20162017,2016-10-12,CHI,STL,2,5
20162017,2016-10-12,EDM,CGY,7,4
20162017,2016-10-12,SJS,LAK,2,1
20162017,2016-10-13,BUF,MTL,1,4
20162017,2016-10-13,NYR,NYI,5,3
20162017,2016-10-13,CBJ,BOS,3,6
20162017,2016-10-13,TBL,DET,6,4
20162017,2016-10-13,FLA,NJD,2,1
20162017,2016-10-13,PIT,WSH,3,2
20162017,2016-10-13,STL,MIN,3,2
20162017,2016-10-13,WPG,CAR,5,4
20162017,2016-10-13,DAL,ANA,4,2
20162017,2016-10-14,NSH,CHI,3,2
20162017,2016-10-14,CGY,EDM,3,5
20162017,2016-10-14,LAK,PHI,2,4
20162017,2016-10-15,TOR,BOS,4,1
20162017,2016-10-15,OTT,MTL,4,3
20162017,2016-10-15,TBL,NJD,3,2
20162017,2016-10-15,FLA,DET,4,1
20162017,2016-10-15,PIT,ANA,3,2
20162017,2016-10-15,WSH,NYI,2,1
20162017,2016-10-15,CBJ,SJS,2,3
20162017,2016-10-15,MIN,WPG,4,3
20162017,2016-10-15,STL,NYR,3,2
20162017,2016-10-15,CHI,NSH,5,3
20162017,2016-10-15,COL,DAL,6,5
20162017,2016-10-15,ARI,PHI,4,3
20162017,2016-10-15,VAN,CGY,2,1
20162017,2016-10-16,NYI,ANA,3,2
20162017,2016-10-16,EDM,BUF,2,6
20162017,2016-10-16,VAN,CAR,4,3
20162017,2016-10-17,NYR,SJS,7,4
20162017,2016-10-17,PIT,COL,3,4
20162017,2016-10-17,DET,OTT,5,1
20162017,2016-10-17,WPG,BOS,1,4
20162017,2016-10-18,NJD,ANA,2,1
20162017,2016-10-18,NYI,SJS,2,3
20162017,2016-10-18,WSH,COL,3,0
20162017,2016-10-18,MTL,PIT,4,0
20162017,2016-10-18,OTT,ARI,7,4
20162017,2016-10-18,TBL,FLA,4,3
20162017,2016-10-18,NSH,DAL,1,2
20162017,2016-10-18,MIN,LAK,6,3
20162017,2016-10-18,CHI,PHI,7,4
20162017,2016-10-18,CGY,BUF,4,3
20162017,2016-10-18,EDM,CAR,3,2
20162017,2016-10-18,VAN,STL,2,1
20162017,2016-10-19,NYR,DET,1,2
20162017,2016-10-19,WPG,TOR,5,4
20162017,2016-10-20,BOS,NJD,2,1
20162017,2016-10-20,PHI,ANA,2,3
20162017,2016-10-20,PIT,SJS,3,2
20162017,2016-10-20,MTL,ARI,5,2
20162017,2016-10-20,TBL,COL,0,4
20162017,2016-10-20,FLA,WSH,2,4
20162017,2016-10-20,MIN,TOR,3,2
20162017,2016-10-20,DAL,LAK,3,4
20162017,2016-10-20,CGY,CAR,2,4
20162017,2016-10-20,EDM,STL,3,1
20162017,2016-10-20,VAN,BUF,2,1
20162017,2016-10-21,NYI,ARI,3,2
20162017,2016-10-21,CBJ,CHI,3,2
20162017,2016-10-21,DET,NSH,5,3
20162017,2016-10-22,BOS,MTL,2,4
20162017,2016-10-22,OTT,TBL,1,4
20162017,2016-10-22,DET,SJS,3,0
20162017,2016-10-22,FLA,COL,5,2
20162017,2016-10-22,NJD,MIN,2,1
20162017,2016-10-22,PHI,CAR,6,3
20162017,2016-10-22,WSH,NYR,2,4
20162017,2016-10-22,CHI,TOR,5,4
20162017,2016-10-22,NSH,PIT,5,1
20162017,2016-10-22,DAL,CBJ,0,3
20162017,2016-10-22,CGY,STL,4,6
20162017,2016-10-22,LAK,VAN,4,3
20162017,2016-10-23,WPG,EDM,0,3
20162017,2016-10-23,NYI,MIN,6,3
20162017,2016-10-23,NYR,ARI,3,2
20162017,2016-10-23,ANA,VAN,4,2
20162017,2016-10-24,MTL,PHI,3,1
20162017,2016-10-24,CHI,CGY,2,3
20162017,2016-10-25,BOS,MIN,0,5
20162017,2016-10-25,NJD,ARI,5,3
20162017,2016-10-25,PIT,FLA,3,2
20162017,2016-10-25,PHI,BUF,4,3
20162017,2016-10-25,TOR,TBL,3,7
20162017,2016-10-25,DET,CAR,4,2
20162017,2016-10-25,STL,CGY,1,4
20162017,2016-10-25,DAL,WPG,3,2
20162017,2016-10-25,VAN,OTT,0,3
20162017,2016-10-25,SJS,ANA,2,1
20162017,2016-10-25,LAK,CBJ,3,2
20162017,2016-10-26,NYI,MTL,2,3
20162017,2016-10-26,NYR,BOS,5,2
20162017,2016-10-26,EDM,WSH,4,1
20162017,2016-10-26,ANA,NSH,6,1
20162017,2016-10-27,BUF,MIN,0,4
20162017,2016-10-27,PHI,ARI,4,5
20162017,2016-10-27,PIT,NYI,4,2
20162017,2016-10-27,TOR,FLA,3,2
20162017,2016-10-27,MTL,TBL,3,1
20162017,2016-10-27,STL,DET,1,2
20162017,2016-10-27,WPG,DAL,4,1
20162017,2016-10-27,LAK,NSH,3,2
20162017,2016-10-27,SJS,CBJ,3,1
20162017,2016-10-28,NJD,CHI,2,3
20162017,2016-10-28,CAR,NYR,3,2
20162017,2016-10-28,COL,WPG,0,1
20162017,2016-10-28,CGY,OTT,5,2
20162017,2016-10-28,VAN,EDM,0,2
20162017,2016-10-28,ANA,CBJ,0,4
20162017,2016-10-29,BUF,FLA,3,0
20162017,2016-10-29,MTL,TOR,2,1
20162017,2016-10-29,DET,BOS,0,1
20162017,2016-10-29,NJD,TBL,3,1
20162017,2016-10-29,PHI,PIT,4,5
20162017,2016-10-29,STL,LAK,1,0
20162017,2016-10-29,MIN,DAL,4,0
20162017,2016-10-29,ARI,COL,2,3
20162017,2016-10-29,VAN,WSH,2,5
20162017,2016-10-29,SJS,NSH,4,1
20162017,2016-10-30,WPG,BUF,1,3
20162017,2016-10-30,DET,FLA,2,5
20162017,2016-10-30,CAR,PHI,3,4
20162017,2016-10-30,NYI,TOR,5,1
20162017,2016-10-30,NYR,TBL,6,1
20162017,2016-10-30,CHI,LAK,3,0
20162017,2016-10-30,EDM,OTT,0,2
20162017,2016-10-30,CGY,WSH,1,3
20162017,2016-11-01,NYR,STL,5,0
20162017,2016-11-01,CBJ,DAL,3,2
20162017,2016-11-01,NYI,TBL,1,6
20162017,2016-11-01,TOR,EDM,3,2
20162017,2016-11-01,OTT,CAR,2,1
20162017,2016-11-01,FLA,BOS,1,2
20162017,2016-11-01,MIN,BUF,1,2
20162017,2016-11-01,WPG,WSH,2,3
20162017,2016-11-01,CHI,CGY,5,1
20162017,2016-11-01,COL,NSH,1,5
20162017,2016-11-01,ARI,SJS,3,2
20162017,2016-11-01,LAK,ANA,0,4
20162017,2016-11-02,MTL,VAN,3,0
20162017,2016-11-02,PHI,DET,4,3
20162017,2016-11-02,ANA,PIT,1,5
20162017,2016-11-03,BUF,TOR,1,2
20162017,2016-11-03,NYI,PHI,2,3
20162017,2016-11-03,NYR,EDM,5,3
20162017,2016-11-03,WSH,WPG,4,3
20162017,2016-11-03,OTT,VAN,1,0
20162017,2016-11-03,TBL,BOS,3,4
20162017,2016-11-03,FLA,NJD,4,3
20162017,2016-11-03,CHI,COL,4,0
20162017,2016-11-03,DAL,STL,6,2
20162017,2016-11-03,ARI,NSH,3,2
20162017,2016-11-03,LAK,PIT,3,2
20162017,2016-11-03,SJS,CGY,2,3
20162017,2016-11-04,CBJ,MTL,10,0
20162017,2016-11-04,DET,WPG,3,5
20162017,2016-11-04,ANA,ARI,5,1
20162017,2016-11-05,COL,MIN,1,0
20162017,2016-11-05,BOS,NYR,2,5
20162017,2016-11-05,TOR,VAN,6,3
20162017,2016-11-05,MTL,PHI,5,4
20162017,2016-11-05,OTT,BUF,1,2
20162017,2016-11-05,TBL,NJD,4,1
20162017,2016-11-05,NYI,EDM,3,4
20162017,2016-11-05,WSH,FLA,4,2
20162017,2016-11-05,STL,CBJ,2,1
20162017,2016-11-05,NSH,CAR,2,3
20162017,2016-11-05,DAL,CHI,2,3
20162017,2016-11-05,LAK,CGY,5,0
20162017,2016-11-05,SJS,PIT,0,5
20162017,2016-11-06,DET,EDM,1,2
20162017,2016-11-06,STL,COL,5,1
20162017,2016-11-06,CAR,NJD,1,4
20162017,2016-11-06,NYR,WPG,5,2
20162017,2016-11-06,CHI,DAL,4,3
20162017,2016-11-06,ANA,CGY,4,1
20162017,2016-11-07,BOS,BUF,4,0
20162017,2016-11-07,NYI,VAN,4,2
20162017,2016-11-07,FLA,TBL,3,1
20162017,2016-11-08,NJD,CAR,3,2
20162017,2016-11-08,NYR,VAN,3,5
20162017,2016-11-08,PHI,DET,2,3
20162017,2016-11-08,PIT,EDM,4,3
20162017,2016-11-08,WSH,SJS,0,3
20162017,2016-11-08,TOR,LAK,0,7
20162017,2016-11-08,MTL,BOS,3,2
20162017,2016-11-08,NSH,OTT,3,1
20162017,2016-11-08,WPG,DAL,8,2
20162017,2016-11-08,COL,ARI,2,4
20162017,2016-11-09,CBJ,ANA,3,2
20162017,2016-11-09,BUF,OTT,1,2
20162017,2016-11-09,STL,CHI,1,2
20162017,2016-11-10,BOS,CBJ,5,2
20162017,2016-11-10,PIT,MIN,2,4
20162017,2016-11-10,CAR,ANA,2,4
20162017,2016-11-10,MTL,LAK,4,1
20162017,2016-11-10,DET,VAN,3,1
20162017,2016-11-10,TBL,NYI,4,1
20162017,2016-11-10,FLA,SJS,2,4
20162017,2016-11-10,NSH,STL,3,1
20162017,2016-11-10,CGY,DAL,2,4
20162017,2016-11-10,ARI,WPG,2,3
20162017,2016-11-11,BUF,NJD,1,2
20162017,2016-11-11,TOR,PHI,6,3
20162017,2016-11-11,OTT,LAK,2,1
20162017,2016-11-11,CHI,WSH,2,3
20162017,2016-11-11,COL,WPG,3,2
20162017,2016-11-11,EDM,DAL,2,3
20162017,2016-11-12,MTL,DET,5,0
20162017,2016-11-12,TBL,SJS,1,3
20162017,2016-11-12,FLA,NYI,3,2
20162017,2016-11-12,NJD,BUF,4,2
20162017,2016-11-12,PHI,MIN,3,2
20162017,2016-11-12,PIT,TOR,4,1
20162017,2016-11-12,CAR,WSH,5,1
20162017,2016-11-12,CBJ,STL,8,4
20162017,2016-11-12,NSH,ANA,5,0
20162017,2016-11-12,ARI,BOS,1,2
20162017,2016-11-12,CGY,NYR,1,4
20162017,2016-11-13,WPG,LAK,3,2
20162017,2016-11-13,VAN,DAL,5,4
20162017,2016-11-13,OTT,MIN,1,2
20162017,2016-11-13,CHI,MTL,3,2
20162017,2016-11-13,COL,BOS,0,2
20162017,2016-11-13,EDM,NYR,1,3
20162017,2016-11-14,NYI,TBL,0,4
20162017,2016-11-15,PHI,OTT,2,3
20162017,2016-11-15,CAR,SJS,1,0
20162017,2016-11-15,CBJ,WSH,2,1
20162017,2016-11-15,TOR,NSH,6,2
20162017,2016-11-15,MTL,FLA,3,4
20162017,2016-11-15,DET,TBL,3,4
20162017,2016-11-15,STL,BUF,4,1
20162017,2016-11-15,MIN,CGY,0,1
20162017,2016-11-15,WPG,CHI,4,0
20162017,2016-11-15,DAL,NJD,1,2
20162017,2016-11-15,COL,LAK,4,1
20162017,2016-11-15,VAN,NYR,2,7
20162017,2016-11-15,ANA,EDM,4,1
20162017,2016-11-16,WSH,PIT,7,1
20162017,2016-11-16,CGY,ARI,2,1
20162017,2016-11-17,BUF,TBL,1,4
20162017,2016-11-17,PHI,WPG,5,2
20162017,2016-11-17,TOR,FLA,6,1
20162017,2016-11-17,OTT,NSH,1,5
20162017,2016-11-17,STL,SJS,3,2
20162017,2016-11-17,MIN,BOS,1,0
20162017,2016-11-17,DAL,COL,3,2
20162017,2016-11-17,VAN,ARI,3,2
20162017,2016-11-17,ANA,NJD,3,2
20162017,2016-11-17,LAK,EDM,4,2
20162017,2016-11-18,NYI,PIT,2,3
20162017,2016-11-18,WSH,DET,1,0
20162017,2016-11-18,CBJ,NYR,4,2
20162017,2016-11-18,CAR,MTL,3,2
20162017,2016-11-18,CGY,CHI,2,3
20162017,2016-11-19,PHI,TBL,0,3
20162017,2016-11-19,LAK,NJD,4,2
20162017,2016-11-19,BOS,WPG,4,1
20162017,2016-11-19,BUF,PIT,2,1
20162017,2016-11-19,MTL,TOR,2,1
20162017,2016-11-19,OTT,FLA,1,4
20162017,2016-11-19,DAL,EDM,2,5
20162017,2016-11-19,STL,NSH,3,1
20162017,2016-11-19,MIN,COL,2,3
20162017,2016-11-19,ARI,SJS,3,2
20162017,2016-11-19,VAN,CHI,3,4
20162017,2016-11-20,WSH,CBJ,2,3
20162017,2016-11-20,CAR,WPG,3,1
20162017,2016-11-20,NYR,FLA,2,3
20162017,2016-11-20,DET,CGY,2,3
20162017,2016-11-20,ANA,LAK,2,3
20162017,2016-11-21,BUF,CGY,4,2
20162017,2016-11-21,PIT,NYR,2,5
20162017,2016-11-21,CBJ,COL,2,3
20162017,2016-11-21,NSH,TBL,3,1
20162017,2016-11-21,DAL,MIN,3,2
20162017,2016-11-21,EDM,CHI,5,0
20162017,2016-11-21,SJS,NJD,4,0
20162017,2016-11-22,BOS,STL,2,4
20162017,2016-11-22,TOR,CAR,1,2
20162017,2016-11-22,MTL,OTT,3,4
20162017,2016-11-22,FLA,PHI,1,3
20162017,2016-11-22,ANA,NYI,2,3
20162017,2016-11-23,BUF,DET,1,2
20162017,2016-11-23,NJD,TOR,5,4
20162017,2016-11-23,NYR,PIT,1,6
20162017,2016-11-23,WSH,STL,4,3
20162017,2016-11-23,CBJ,CGY,0,2
20162017,2016-11-23,MIN,WPG,3,1
20162017,2016-11-23,TBL,PHI,4,2
20162017,2016-11-23,NSH,DAL,5,2
20162017,2016-11-23,COL,EDM,3,6
20162017,2016-11-23,ARI,VAN,1,4
20162017,2016-11-23,SJS,CHI,2,1
20162017,2016-11-23,LAK,NYI,4,2
20162017,2016-11-24,MTL,CAR,2,1
20162017,2016-11-24,OTT,BOS,3,1
20162017,2016-11-25,PHI,NYR,2,3
20162017,2016-11-25,MIN,PIT,6,2
20162017,2016-11-25,ANA,CHI,2,3
20162017,2016-11-25,SJS,NYI,3,2
20162017,2016-11-25,WSH,BUF,3,1
20162017,2016-11-25,NSH,WPG,5,1
20162017,2016-11-25,BOS,CGY,1,2
20162017,2016-11-25,TBL,CBJ,3,5
20162017,2016-11-25,NJD,DET,4,5
20162017,2016-11-25,DAL,VAN,2,1
20162017,2016-11-25,ARI,EDM,3,2
20162017,2016-11-26,TOR,WSH,4,2
20162017,2016-11-26,OTT,CAR,2,1
20162017,2016-11-26,DET,MTL,1,2
20162017,2016-11-26,FLA,CBJ,2,1
20162017,2016-11-26,PIT,NJD,4,3
20162017,2016-11-26,STL,MIN,4,3
20162017,2016-11-26,COL,VAN,2,3
20162017,2016-11-26,LAK,CHI,2,1
20162017,2016-11-26,SJS,ANA,2,3
20162017,2016-11-27,BOS,TBL,4,1
20162017,2016-11-27,WPG,NSH,3,0
20162017,2016-11-27,EDM,ARI,1,2
20162017,2016-11-27,CAR,FLA,3,2
20162017,2016-11-27,NYR,OTT,0,2
20162017,2016-11-27,PHI,CGY,5,3
20162017,2016-11-28,NYI,CGY,2,1
20162017,2016-11-28,STL,DAL,4,3
20162017,2016-11-29,NYR,CAR,3,2
20162017,2016-11-29,CBJ,TBL,5,1
20162017,2016-11-29,PHI,BOS,3,2
20162017,2016-11-29,OTT,BUF,4,5
20162017,2016-11-29,DET,DAL,3,1
20162017,2016-11-29,WPG,NJD,3,2
20162017,2016-11-29,CHI,FLA,2,1
20162017,2016-11-29,COL,NSH,3,5
20162017,2016-11-29,EDM,TOR,2,4
20162017,2016-11-29,VAN,MIN,5,4
20162017,2016-11-29,ANA,MTL,2,1
20162017,2016-11-29,SJS,ARI,2,1
20162017,2016-11-30,NYI,PIT,5,3
20162017,2016-11-30,CGY,TOR,3,0
20162017,2016-11-30,LAK,SJS,1,4
20162017,2016-12-01,BOS,CAR,2,1
20162017,2016-12-01,BUF,NYR,4,3
20162017,2016-12-01,PIT,DAL,6,2
20162017,2016-12-01,WSH,NYI,0,3
20162017,2016-12-01,OTT,PHI,2,3
20162017,2016-12-01,DET,FLA,1,2
20162017,2016-12-01,STL,TBL,5,4
20162017,2016-12-01,WPG,EDM,3,6
20162017,2016-12-01,CHI,NJD,4,3
20162017,2016-12-01,COL,CBJ,2,3
20162017,2016-12-01,ARI,LAK,3,4
20162017,2016-12-01,VAN,ANA,1,3
20162017,2016-12-02,CGY,MIN,3,2
20162017,2016-12-02,SJS,MTL,2,1
20162017,2016-12-03,BUF,BOS,1,2
20162017,2016-12-03,NYR,CAR,4,2
20162017,2016-12-03,PHI,CHI,3,1
20162017,2016-12-03,NSH,NJD,4,5
20162017,2016-12-03,OTT,FLA,2,0
20162017,2016-12-03,TBL,WSH,2,1
20162017,2016-12-03,PIT,DET,5,3
20162017,2016-12-03,STL,WPG,2,3
20162017,2016-12-03,VAN,TOR,3,2
20162017,2016-12-03,ARI,CBJ,2,3
20162017,2016-12-03,COL,DAL,0,3
20162017,2016-12-03,EDM,ANA,3,2
20162017,2016-12-04,LAK,MTL,4,5
20162017,2016-12-04,CAR,TBL,1,0
20162017,2016-12-04,NYI,DET,3,4
20162017,2016-12-04,NSH,PHI,2,4
20162017,2016-12-04,CHI,WPG,1,2
20162017,2016-12-04,CGY,ANA,8,3
20162017,2016-12-04,EDM,MIN,1,2
20162017,2016-12-05,BOS,FLA,4,3
20162017,2016-12-05,PIT,OTT,8,5
20162017,2016-12-05,WSH,BUF,3,2
20162017,2016-12-05,CBJ,ARI,4,1
20162017,2016-12-06,BUF,EDM,4,3
20162017,2016-12-06,NJD,VAN,3,2
20162017,2016-12-06,NYI,NYR,4,2
20162017,2016-12-06,PHI,FLA,3,2
20162017,2016-12-06,STL,MTL,3,2
20162017,2016-12-06,NSH,COL,4,3
20162017,2016-12-06,WPG,DET,3,4
20162017,2016-12-06,CHI,ARI,4,0
20162017,2016-12-06,DAL,CGY,1,2
20162017,2016-12-07,TOR,MIN,2,3
20162017,2016-12-07,WSH,BOS,4,3
20162017,2016-12-07,ANA,CAR,6,5
20162017,2016-12-07,SJS,OTT,2,4
20162017,2016-12-08,BOS,COL,2,4
20162017,2016-12-08,NYI,STL,3,2
20162017,2016-12-08,PHI,EDM,6,5
20162017,2016-12-08,MTL,NJD,5,2
20162017,2016-12-08,TBL,VAN,1,5
20162017,2016-12-08,FLA,PIT,1,5
20162017,2016-12-08,WPG,NYR,1,2
20162017,2016-12-08,DAL,NSH,5,2
20162017,2016-12-08,ARI,CGY,1,2
20162017,2016-12-08,LAK,CAR,1,3
20162017,2016-12-09,BUF,WSH,1,4
20162017,2016-12-09,DET,CBJ,1,4
20162017,2016-12-09,NJD,STL,1,4
20162017,2016-12-09,MIN,EDM,3,2
20162017,2016-12-09,CHI,NYR,0,1
20162017,2016-12-09,ANA,SJS,3,2
20162017,2016-12-10,PHI,DAL,4,2
20162017,2016-12-10,LAK,OTT,4,1
20162017,2016-12-10,BOS,TOR,1,4
20162017,2016-12-10,MTL,COL,10,1
20162017,2016-12-10,TBL,PIT,3,4
20162017,2016-12-10,FLA,VAN,4,2
20162017,2016-12-10,CBJ,NYI,6,2
20162017,2016-12-10,ARI,NSH,4,1
20162017,2016-12-10,CGY,WPG,6,2
20162017,2016-12-10,SJS,CAR,4,3
20162017,2016-12-11,ANA,OTT,5,1
20162017,2016-12-11,DET,PHI,0,1
20162017,2016-12-11,WSH,VAN,3,0
20162017,2016-12-11,MIN,STL,3,1
20162017,2016-12-11,TOR,COL,1,3
20162017,2016-12-11,NYR,NJD,5,0
20162017,2016-12-11,CHI,DAL,3,1
20162017,2016-12-11,EDM,WPG,3,2
20162017,2016-12-12,PIT,ARI,7,0
20162017,2016-12-12,MTL,BOS,1,2
20162017,2016-12-13,BUF,LAK,6,3
20162017,2016-12-13,NYI,WSH,2,4
20162017,2016-12-13,NYR,CHI,1,2
20162017,2016-12-13,CAR,VAN,8,6
20162017,2016-12-13,TOR,SJS,2,3
20162017,2016-12-13,DET,ARI,1,4
20162017,2016-12-13,NSH,STL,6,3
20162017,2016-12-13,MIN,FLA,5,1
20162017,2016-12-13,DAL,ANA,6,2
20162017,2016-12-13,EDM,CBJ,1,3
20162017,2016-12-14,OTT,SJS,3,4
20162017,2016-12-14,PIT,BOS,4,3
20162017,2016-12-14,CGY,TBL,3,6
20162017,2016-12-14,COL,PHI,3,4
20162017,2016-12-15,BOS,ANA,3,4
20162017,2016-12-15,NYI,CHI,4,5
20162017,2016-12-15,TOR,ARI,2,3
20162017,2016-12-15,DET,LAK,1,4
20162017,2016-12-15,STL,NJD,5,2
20162017,2016-12-15,NSH,MIN,2,5
20162017,2016-12-15,WPG,FLA,4,3
20162017,2016-12-15,DAL,NYR,0,2
20162017,2016-12-16,BUF,NYI,3,2
20162017,2016-12-16,PIT,LAK,0,1
20162017,2016-12-16,MTL,SJS,2,4
20162017,2016-12-16,CAR,WSH,3,4
20162017,2016-12-16,COL,FLA,1,3
20162017,2016-12-16,CGY,CBJ,1,4
20162017,2016-12-16,VAN,TBL,4,2
20162017,2016-12-17,DAL,PHI,3,1
20162017,2016-12-17,MIN,ARI,4,1
20162017,2016-12-17,TOR,PIT,2,1
20162017,2016-12-17,OTT,NJD,3,1
20162017,2016-12-17,DET,ANA,6,4
20162017,2016-12-17,WSH,MTL,1,2
20162017,2016-12-17,CAR,BUF,2,1
20162017,2016-12-17,STL,CHI,4,6
20162017,2016-12-17,NSH,NYR,1,2
20162017,2016-12-17,EDM,TBL,3,2
20162017,2016-12-18,BOS,LAK,1,0
20162017,2016-12-18,WPG,COL,4,1
20162017,2016-12-18,VAN,CBJ,3,4
20162017,2016-12-18,NYI,OTT,2,6
20162017,2016-12-18,CHI,SJS,4,1
20162017,2016-12-18,NYR,NJD,3,2
20162017,2016-12-19,PHI,NSH,1,2
20162017,2016-12-19,TOR,ANA,2,3
20162017,2016-12-19,STL,EDM,2,3
20162017,2016-12-19,ARI,CGY,2,4
20162017,2016-12-20,BOS,NYI,2,4
20162017,2016-12-20,NJD,NSH,1,5
20162017,2016-12-20,PIT,NYR,7,2
20162017,2016-12-20,CBJ,LAK,3,2
20162017,2016-12-20,MTL,ANA,5,1
20162017,2016-12-20,TBL,DET,4,1
20162017,2016-12-20,FLA,BUF,4,3
20162017,2016-12-20,MIN,COL,2,0
20162017,2016-12-20,CHI,OTT,3,4
20162017,2016-12-20,DAL,STL,2,3
20162017,2016-12-20,VAN,WPG,4,1
20162017,2016-12-20,SJS,CGY,4,1
20162017,2016-12-21,PHI,WSH,3,2
20162017,2016-12-21,ARI,EDM,2,3
20162017,2016-12-22,BUF,CAR,1,3
20162017,2016-12-22,NJD,PHI,4,0
20162017,2016-12-22,CBJ,PIT,7,1
20162017,2016-12-22,MTL,MIN,2,4
20162017,2016-12-22,OTT,ANA,2,1
20162017,2016-12-22,TBL,STL,5,2
20162017,2016-12-22,FLA,BOS,1,3
20162017,2016-12-22,NSH,LAK,0,4
20162017,2016-12-22,COL,TOR,0,6
20162017,2016-12-22,VAN,WPG,1,4
20162017,2016-12-23,NYI,BUF,5,1
20162017,2016-12-23,NYR,MIN,4,7
20162017,2016-12-23,PIT,NJD,4,1
20162017,2016-12-23,WSH,TBL,4,0
20162017,2016-12-23,CBJ,MTL,2,1
20162017,2016-12-23,FLA,DET,3,4
20162017,2016-12-23,CAR,BOS,3,2
20162017,2016-12-23,CHI,COL,1,2
20162017,2016-12-23,DAL,LAK,3,2
20162017,2016-12-23,CGY,VAN,4,1
20162017,2016-12-23,ARI,TOR,1,4
20162017,2016-12-23,SJS,EDM,3,2
20162017,2016-12-27,NJD,PIT,2,5
20162017,2016-12-27,NYI,WSH,4,3
20162017,2016-12-27,NYR,OTT,4,3
20162017,2016-12-27,CBJ,BOS,4,3
20162017,2016-12-27,DET,BUF,3,4
20162017,2016-12-27,NSH,MIN,2,3
20162017,2016-12-27,CHI,WPG,1,3
20162017,2016-12-27,COL,CGY,3,6
20162017,2016-12-27,ARI,DAL,2,3
20162017,2016-12-27,ANA,SJS,2,3
20162017,2016-12-28,FLA,TOR,2,3
20162017,2016-12-28,PIT,CAR,3,2
20162017,2016-12-28,TBL,MTL,4,3
20162017,2016-12-28,STL,PHI,6,3
20162017,2016-12-28,VAN,LAK,2,1
20162017,2016-12-29,BUF,BOS,2,4
20162017,2016-12-29,WSH,NJD,1,2
20162017,2016-12-29,TBL,TOR,2,3
20162017,2016-12-29,FLA,MTL,2,3
20162017,2016-12-29,OTT,DET,2,3
20162017,2016-12-29,NSH,CHI,2,3
20162017,2016-12-29,MIN,NYI,6,4
20162017,2016-12-29,WPG,CBJ,3,5
20162017,2016-12-29,DAL,COL,4,2
20162017,2016-12-29,CGY,ANA,1,3
20162017,2016-12-29,EDM,LAK,3,1
20162017,2016-12-29,ARI,NYR,3,6
20162017,2016-12-30,CAR,CHI,3,2
20162017,2016-12-30,STL,NSH,0,4
20162017,2016-12-30,VAN,ANA,3,2
20162017,2016-12-30,SJS,PHI,2,0
20162017,2016-12-31,BOS,BUF,3,1
20162017,2016-12-31,NJD,WSH,2,6
20162017,2016-12-31,MIN,CBJ,2,4
20162017,2016-12-31,TBL,CAR,3,1
20162017,2016-12-31,PIT,MTL,4,3
20162017,2016-12-31,WPG,NYI,2,6
20162017,2016-12-31,DAL,FLA,1,3
20162017,2016-12-31,COL,NYR,2,6
20162017,2016-12-31,CGY,ARI,4,2
20162017,2016-12-31,EDM,VAN,2,3
20162017,2016-12-31,LAK,SJS,3,2
20162017,2017-01-01,TOR,DET,5,4
20162017,2017-01-01,WSH,OTT,2,1
20162017,2017-01-01,ANA,PHI,4,3
20162017,2017-01-02,STL,CHI,4,1
20162017,2017-01-02,NJD,BOS,3,0
20162017,2017-01-02,VAN,COL,3,2
20162017,2017-01-03,NYR,BUF,1,4
20162017,2017-01-03,WSH,TOR,6,5
20162017,2017-01-03,CAR,NJD,1,3
20162017,2017-01-03,CBJ,EDM,3,1
20162017,2017-01-03,TBL,WPG,4,6
20162017,2017-01-03,NSH,MTL,1,2
20162017,2017-01-03,SJS,LAK,1,2
20162017,2017-01-04,FLA,WPG,1,4
20162017,2017-01-04,PHI,NYR,2,5
20162017,2017-01-04,DAL,MTL,3,4
20162017,2017-01-04,CGY,COL,4,1
20162017,2017-01-04,VAN,ARI,3,0
20162017,2017-01-04,ANA,DET,2,0
20162017,2017-01-05,BOS,EDM,3,4
20162017,2017-01-05,WSH,CBJ,5,0
20162017,2017-01-05,TBL,NSH,1,6
20162017,2017-01-05,STL,CAR,2,4
20162017,2017-01-05,CHI,BUF,4,3
20162017,2017-01-05,LAK,DET,0,4
20162017,2017-01-05,SJS,MIN,4,5
20162017,2017-01-06,FLA,NSH,2,1
20162017,2017-01-06,NJD,TOR,2,4
20162017,2017-01-06,CHI,CAR,2,1
20162017,2017-01-06,COL,NYI,2,1
20162017,2017-01-06,VAN,CGY,4,2
20162017,2017-01-06,ANA,ARI,3,2
20162017,2017-01-07,BUF,WPG,4,3
20162017,2017-01-07,PHI,TBL,4,2
20162017,2017-01-07,LAK,MIN,4,3
20162017,2017-01-07,TOR,MTL,3,5
20162017,2017-01-07,OTT,WSH,0,1
20162017,2017-01-07,FLA,BOS,0,4
20162017,2017-01-07,NJD,EDM,1,2
20162017,2017-01-07,CBJ,NYR,4,5
20162017,2017-01-07,STL,DAL,4,3
20162017,2017-01-07,ARI,NYI,2,1
20162017,2017-01-07,CGY,VAN,3,1
20162017,2017-01-07,SJS,DET,6,3
20162017,2017-01-08,PIT,TBL,6,2
20162017,2017-01-08,CAR,BOS,4,3
20162017,2017-01-08,CBJ,PHI,2,1
20162017,2017-01-08,OTT,EDM,5,3
20162017,2017-01-08,CHI,NSH,5,2
20162017,2017-01-08,ANA,MIN,1,2
20162017,2017-01-09,NJD,FLA,0,3
20162017,2017-01-09,MTL,WSH,1,4
20162017,2017-01-09,WPG,CGY,2,0
20162017,2017-01-09,LAK,DAL,4,6
20162017,2017-01-10,BUF,PHI,4,1
20162017,2017-01-10,CAR,CBJ,5,3
20162017,2017-01-10,STL,BOS,3,5
20162017,2017-01-10,NSH,VAN,2,1
20162017,2017-01-10,CHI,DET,4,3
20162017,2017-01-10,EDM,SJS,3,5
20162017,2017-01-10,ANA,DAL,2,0
20162017,2017-01-11,NYI,FLA,1,2
20162017,2017-01-11,WPG,MTL,4,7
20162017,2017-01-11,WSH,PIT,5,2
20162017,2017-01-11,CGY,SJS,3,2
20162017,2017-01-12,PHI,VAN,5,4
20162017,2017-01-12,OTT,PIT,4,1
20162017,2017-01-12,TBL,BUF,4,2
20162017,2017-01-12,NSH,BOS,2,1
20162017,2017-01-12,MIN,MTL,7,1
20162017,2017-01-12,DAL,DET,5,2
20162017,2017-01-12,COL,ANA,1,4
20162017,2017-01-12,EDM,NJD,3,2
20162017,2017-01-12,LAK,STL,5,1
20162017,2017-01-13,NYR,TOR,2,4
20162017,2017-01-13,WSH,CHI,6,0
20162017,2017-01-13,FLA,NYI,2,5
20162017,2017-01-13,CAR,BUF,5,2
20162017,2017-01-13,TBL,CBJ,1,3
20162017,2017-01-13,CGY,NJD,1,2
20162017,2017-01-13,ARI,WPG,4,3
20162017,2017-01-14,BOS,PHI,6,3
20162017,2017-01-14,COL,NSH,2,3
20162017,2017-01-14,MTL,NYR,5,4
20162017,2017-01-14,OTT,TOR,2,4
20162017,2017-01-14,DET,PIT,6,3
20162017,2017-01-14,FLA,CBJ,4,3
20162017,2017-01-14,CAR,NYI,7,4
20162017,2017-01-14,ARI,ANA,0,3
20162017,2017-01-14,DAL,MIN,4,5
20162017,2017-01-14,EDM,CGY,2,1
20162017,2017-01-14,LAK,WPG,3,2
20162017,2017-01-14,SJS,STL,0,4
20162017,2017-01-15,WSH,PHI,5,0
20162017,2017-01-15,CHI,MIN,2,3
20162017,2017-01-15,VAN,NJD,1,2
20162017,2017-01-15,ANA,STL,1,2
20162017,2017-01-16,BOS,NYI,0,4
20162017,2017-01-16,BUF,DAL,4,1
20162017,2017-01-16,DET,MTL,1,0
20162017,2017-01-16,LAK,TBL,1,2
20162017,2017-01-16,SJS,WPG,5,2
20162017,2017-01-16,PIT,WSH,8,7
20162017,2017-01-16,EDM,ARI,3,1
20162017,2017-01-17,NYR,DAL,6,7
20162017,2017-01-17,CBJ,CAR,4,1
20162017,2017-01-17,TOR,BUF,4,3
20162017,2017-01-17,STL,OTT,4,6
20162017,2017-01-17,MIN,NJD,3,4
20162017,2017-01-17,COL,CHI,4,6
20162017,2017-01-17,CGY,FLA,5,2
20162017,2017-01-17,VAN,NSH,1,0
20162017,2017-01-17,ANA,TBL,2,1
20162017,2017-01-18,MTL,PIT,1,4
20162017,2017-01-18,WPG,ARI,6,3
20162017,2017-01-18,DET,BOS,6,5
20162017,2017-01-18,EDM,FLA,4,3
20162017,2017-01-18,LAK,SJS,2,3
20162017,2017-01-19,NYI,DAL,3,0
20162017,2017-01-19,CBJ,OTT,0,2
20162017,2017-01-19,TOR,NYR,2,5
20162017,2017-01-19,STL,WSH,3,7
20162017,2017-01-19,MIN,ARI,4,3
20162017,2017-01-19,CGY,NSH,3,4
20162017,2017-01-19,ANA,COL,2,1
20162017,2017-01-19,SJS,TBL,2,1
20162017,2017-01-20,BOS,CHI,0,1
20162017,2017-01-20,BUF,DET,3,2
20162017,2017-01-20,CAR,PIT,1,7
20162017,2017-01-20,NJD,MTL,1,3
20162017,2017-01-20,EDM,NSH,2,3
20162017,2017-01-20,VAN,FLA,2,1
20162017,2017-01-21,WPG,STL,5,3
20162017,2017-01-21,CBJ,CAR,3,2
20162017,2017-01-21,TOR,OTT,2,3
20162017,2017-01-21,MTL,BUF,2,3
20162017,2017-01-21,NYI,LAK,4,2
20162017,2017-01-21,PHI,NJD,1,4
20162017,2017-01-21,DAL,WSH,3,4
20162017,2017-01-21,ARI,TBL,5,3
20162017,2017-01-21,MIN,ANA,5,3
20162017,2017-01-21,CGY,EDM,3,7
20162017,2017-01-21,SJS,COL,3,2
20162017,2017-01-22,DET,NYR,0,1
20162017,2017-01-22,PIT,BOS,5,1
20162017,2017-01-22,OTT,CBJ,6,7
20162017,2017-01-22,NYI,PHI,2,3
20162017,2017-01-22,CHI,VAN,4,2
20162017,2017-01-22,MIN,NSH,2,4
20162017,2017-01-23,NYR,LAK,3,2
20162017,2017-01-23,WSH,CAR,6,1
20162017,2017-01-23,TOR,CGY,4,0
20162017,2017-01-23,WPG,ANA,2,3
20162017,2017-01-23,COL,SJS,2,5
20162017,2017-01-23,ARI,FLA,3,2
20162017,2017-01-24,BOS,DET,4,3
20162017,2017-01-24,NJD,LAK,1,3
20162017,2017-01-24,NYI,CBJ,4,2
20162017,2017-01-24,PIT,STL,0,3
20162017,2017-01-24,MTL,CGY,5,1
20162017,2017-01-24,OTT,WSH,3,0
20162017,2017-01-24,NSH,BUF,4,5
20162017,2017-01-24,WPG,SJS,3,4
20162017,2017-01-24,CHI,TBL,2,5
20162017,2017-01-24,DAL,MIN,2,3
20162017,2017-01-25,DET,TOR,0,4
20162017,2017-01-25,NYR,PHI,0,2
20162017,2017-01-25,COL,VAN,2,3
20162017,2017-01-25,ANA,EDM,0,4
20162017,2017-01-26,BOS,PIT,4,3
20162017,2017-01-26,NJD,WSH,2,5
20162017,2017-01-26,NYI,MTL,3,1
20162017,2017-01-26,PHI,TOR,2,1
20162017,2017-01-26,CAR,LAK,0,3
20162017,2017-01-26,OTT,CGY,2,3
20162017,2017-01-26,FLA,TBL,2,1
20162017,2017-01-26,NSH,CBJ,4,3
20162017,2017-01-26,MIN,STL,5,1
20162017,2017-01-26,CHI,WPG,3,5
20162017,2017-01-26,DAL,BUF,4,3
20162017,2017-01-26,ARI,VAN,3,0
20162017,2017-01-26,SJS,EDM,1,4
20162017,2017-01-31,NYI,WSH,3,2
20162017,2017-01-31,NYR,CBJ,4,6
20162017,2017-01-31,PIT,NSH,4,2
20162017,2017-01-31,CAR,PHI,5,1
20162017,2017-01-31,MTL,BUF,5,2
20162017,2017-01-31,DET,NJD,3,4
20162017,2017-01-31,TBL,BOS,3,4
20162017,2017-01-31,FLA,OTT,6,5
20162017,2017-01-31,STL,WPG,3,5
20162017,2017-01-31,DAL,TOR,6,3
20162017,2017-01-31,EDM,MIN,2,5
20162017,2017-01-31,ARI,LAK,2,3
20162017,2017-01-31,ANA,COL,5,1
20162017,2017-01-31,SJS,CHI,3,1
20162017,2017-02-01,WSH,BOS,5,3
20162017,2017-02-01,CGY,MIN,5,1
20162017,2017-02-01,LAK,COL,5,0
20162017,2017-02-02,PHI,MTL,3,1
20162017,2017-02-02,BUF,NYR,1,2
20162017,2017-02-02,TBL,OTT,2,5
20162017,2017-02-02,NSH,EDM,2,0
20162017,2017-02-02,DAL,WPG,3,4
20162017,2017-02-02,STL,TOR,5,1
20162017,2017-02-02,ARI,CHI,3,4
20162017,2017-02-02,VAN,SJS,1,4
20162017,2017-02-03,PIT,CBJ,4,3
20162017,2017-02-03,DET,NYI,5,4
20162017,2017-02-03,FLA,ANA,2,1
20162017,2017-02-03,NJD,CGY,3,4
20162017,2017-02-03,CAR,EDM,2,1
20162017,2017-02-04,MTL,WSH,2,3
20162017,2017-02-04,PHI,LAK,0,1
20162017,2017-02-04,COL,WPG,5,2
20162017,2017-02-04,BOS,TOR,5,6
20162017,2017-02-04,BUF,OTT,4,0
20162017,2017-02-04,TBL,ANA,3,2
20162017,2017-02-04,NYI,CAR,4,5
20162017,2017-02-04,CBJ,NJD,1,5
20162017,2017-02-04,STL,PIT,1,4
20162017,2017-02-04,NSH,DET,0,1
20162017,2017-02-04,DAL,CHI,3,5
20162017,2017-02-04,VAN,MIN,3,6
20162017,2017-02-04,SJS,ARI,2,3
20162017,2017-02-05,WSH,LAK,5,0
20162017,2017-02-05,MTL,EDM,0,1
20162017,2017-02-05,NYR,CGY,4,3
20162017,2017-02-06,NJD,BUF,2,1
20162017,2017-02-06,NYI,TOR,6,5
20162017,2017-02-06,PHI,STL,0,2
20162017,2017-02-07,BUF,SJS,5,4
20162017,2017-02-07,NYR,ANA,4,1
20162017,2017-02-07,PIT,CGY,2,3
20162017,2017-02-07,WSH,CAR,5,0
20162017,2017-02-07,TOR,DAL,3,1
20162017,2017-02-07,OTT,STL,0,6
20162017,2017-02-07,DET,CBJ,2,3
20162017,2017-02-07,TBL,LAK,5,0
20162017,2017-02-07,NSH,VAN,4,2
20162017,2017-02-07,WPG,MIN,2,4
20162017,2017-02-07,COL,MTL,4,0
20162017,2017-02-08,MIN,CHI,3,4
20162017,2017-02-09,BOS,SJS,6,3
20162017,2017-02-09,BUF,ANA,2,5
20162017,2017-02-09,NYR,NSH,4,3
20162017,2017-02-09,PHI,NYI,1,3
20162017,2017-02-09,WSH,DET,6,3
20162017,2017-02-09,CBJ,VAN,0,3
20162017,2017-02-09,TOR,STL,1,2
20162017,2017-02-09,OTT,DAL,3,2
20162017,2017-02-09,FLA,LAK,3,6
20162017,2017-02-09,COL,PIT,1,4
20162017,2017-02-09,ARI,MTL,4,5
20162017,2017-02-10,MIN,TBL,2,1
20162017,2017-02-10,WPG,CHI,2,5
20162017,2017-02-11,BOS,VAN,4,3
20162017,2017-02-11,OTT,NYI,3,0
20162017,2017-02-11,PHI,SJS,2,1
20162017,2017-02-11,NSH,FLA,4,7
20162017,2017-02-11,DAL,CAR,5,2
20162017,2017-02-11,CBJ,DET,2,1
20162017,2017-02-11,TOR,BUF,1,3
20162017,2017-02-11,MTL,STL,2,4
20162017,2017-02-11,NYR,COL,4,2
20162017,2017-02-11,WPG,TBL,1,4
20162017,2017-02-11,WSH,ANA,6,4
20162017,2017-02-11,ARI,PIT,4,3
20162017,2017-02-11,EDM,CHI,1,5
20162017,2017-02-12,NJD,SJS,1,4
20162017,2017-02-12,MIN,DET,6,3
20162017,2017-02-12,NYI,COL,5,1
20162017,2017-02-12,NSH,DAL,5,3
20162017,2017-02-12,BOS,MTL,4,0
20162017,2017-02-12,BUF,VAN,2,4
20162017,2017-02-13,CBJ,NYR,2,3
20162017,2017-02-13,CGY,ARI,0,5
20162017,2017-02-14,NJD,COL,3,2
20162017,2017-02-14,PIT,VAN,4,0
20162017,2017-02-14,TOR,NYI,7,1
20162017,2017-02-14,OTT,BUF,2,3
20162017,2017-02-14,MIN,ANA,0,1
20162017,2017-02-14,WPG,DAL,5,2
20162017,2017-02-14,EDM,ARI,5,2
20162017,2017-02-15,CBJ,TOR,5,2
20162017,2017-02-15,DET,STL,0,2
20162017,2017-02-15,CGY,PHI,3,1
20162017,2017-02-15,SJS,FLA,5,6
20162017,2017-02-16,NJD,OTT,0,3
20162017,2017-02-16,NYI,NYR,4,2
20162017,2017-02-16,PIT,WPG,4,3
20162017,2017-02-16,BUF,COL,2,0
20162017,2017-02-16,STL,VAN,4,3
20162017,2017-02-16,MIN,DAL,3,1
20162017,2017-02-16,EDM,PHI,6,3
20162017,2017-02-16,LAK,ARI,3,5
20162017,2017-02-17,CBJ,PIT,2,1
20162017,2017-02-17,CAR,COL,1,2
20162017,2017-02-17,ANA,FLA,1,4
20162017,2017-02-18,BUF,STL,3,2
20162017,2017-02-18,MTL,WPG,1,3
20162017,2017-02-18,DET,WSH,3,2
20162017,2017-02-18,TOR,OTT,3,6
20162017,2017-02-18,NJD,NYI,3,2
20162017,2017-02-18,CHI,EDM,1,3
20162017,2017-02-18,DAL,TBL,4,3
20162017,2017-02-18,MIN,NSH,5,2
20162017,2017-02-18,ARI,SJS,1,4
20162017,2017-02-18,VAN,CGY,2,1
20162017,2017-02-18,LAK,FLA,2,3
20162017,2017-02-19,NYR,WSH,2,1
20162017,2017-02-19,PIT,DET,2,5
20162017,2017-02-19,OTT,WPG,2,3
20162017,2017-02-19,BUF,CHI,1,5
20162017,2017-02-19,NYI,NJD,6,4
20162017,2017-02-19,CBJ,NSH,3,4
20162017,2017-02-19,CAR,TOR,0,4
20162017,2017-02-19,COL,TBL,2,3
20162017,2017-02-19,SJS,BOS,1,2
20162017,2017-02-19,ANA,LAK,1,0
20162017,2017-02-19,VAN,PHI,2,3
20162017,2017-02-20,STL,FLA,1,2
20162017,2017-02-20,ARI,ANA,3,2
20162017,2017-02-21,NJD,OTT,1,2
20162017,2017-02-21,NYR,MTL,2,3
20162017,2017-02-21,CAR,PIT,1,3
20162017,2017-02-21,TOR,WPG,5,4
20162017,2017-02-21,DET,NYI,1,3
20162017,2017-02-21,TBL,EDM,4,1
20162017,2017-02-21,NSH,CGY,5,6
20162017,2017-02-21,MIN,CHI,3,5
20162017,2017-02-21,COL,LAK,1,2
20162017,2017-02-22,FLA,EDM,3,4
20162017,2017-02-22,PHI,WSH,1,4
20162017,2017-02-22,ANA,BOS,5,3
20162017,2017-02-23,TOR,NYR,1,2
20162017,2017-02-23,MTL,NYI,0,3
20162017,2017-02-23,TBL,CGY,2,3
20162017,2017-02-23,NSH,COL,4,2
20162017,2017-02-23,CHI,ARI,6,3
20162017,2017-02-23,LAK,BOS,1,4
20162017,2017-02-24,WSH,EDM,2,1
20162017,2017-02-24,FLA,CGY,2,4
20162017,2017-02-24,CAR,OTT,3,0
20162017,2017-02-24,DAL,ARI,5,2
20162017,2017-02-25,LAK,ANA,4,1
20162017,2017-02-25,NJD,NYR,3,4
20162017,2017-02-25,NSH,WSH,5,2
20162017,2017-02-25,CBJ,NYI,7,0
20162017,2017-02-25,TOR,MTL,2,3
20162017,2017-02-25,PIT,PHI,4,2
20162017,2017-02-25,COL,BUF,5,3
20162017,2017-02-25,VAN,SJS,1,4
20162017,2017-02-26,DAL,BOS,3,6
20162017,2017-02-26,CAR,CGY,1,3
20162017,2017-02-26,NYR,CBJ,2,5
20162017,2017-02-26,NSH,EDM,5,4
20162017,2017-02-26,FLA,OTT,1,2
20162017,2017-02-26,CHI,STL,4,2
20162017,2017-02-26,ARI,BUF,3,2
20162017,2017-02-27,NJD,MTL,3,4
20162017,2017-02-27,TBL,OTT,5,1
20162017,2017-02-27,MIN,LAK,5,4
20162017,2017-02-28,BOS,ARI,4,1
20162017,2017-02-28,BUF,NSH,4,5
20162017,2017-02-28,NYR,WSH,1,4
20162017,2017-02-28,PHI,COL,4,0
20162017,2017-02-28,MTL,CBJ,1,0
20162017,2017-02-28,FLA,CAR,3,2
20162017,2017-02-28,STL,EDM,1,2
20162017,2017-02-28,WPG,MIN,5,6
20162017,2017-02-28,DAL,PIT,3,2
20162017,2017-02-28,CGY,LAK,2,1
20162017,2017-02-28,VAN,DET,2,3
20162017,2017-02-28,SJS,TOR,3,1
20162017,2017-03-01,TBL,CAR,4,3
20162017,2017-03-01,CHI,PIT,4,1
20162017,2017-03-02,BOS,NYR,1,2
20162017,2017-03-02,BUF,ARI,6,3
20162017,2017-03-02,PHI,FLA,2,1
20162017,2017-03-02,WSH,NJD,1,0
20162017,2017-03-02,CBJ,MIN,1,0
20162017,2017-03-02,MTL,NSH,2,1
20162017,2017-03-02,OTT,COL,2,1
20162017,2017-03-02,DAL,NYI,4,5
20162017,2017-03-02,LAK,TOR,3,2
20162017,2017-03-02,SJS,VAN,3,1
20162017,2017-03-03,PIT,TBL,5,2
20162017,2017-03-03,CAR,ARI,2,4
20162017,2017-03-03,WPG,STL,3,0
20162017,2017-03-03,CHI,NYI,2,1
20162017,2017-03-03,CGY,DET,3,2
20162017,2017-03-03,ANA,TOR,5,2
20162017,2017-03-04,BOS,NJD,3,2
20162017,2017-03-04,BUF,TBL,1,2
20162017,2017-03-04,OTT,CBJ,3,2
20162017,2017-03-04,FLA,DAL,1,2
20162017,2017-03-04,NYR,MTL,1,4
20162017,2017-03-04,WPG,COL,6,1
20162017,2017-03-04,WSH,PHI,2,1
20162017,2017-03-04,NSH,CHI,3,5
20162017,2017-03-04,EDM,DET,4,3
20162017,2017-03-04,LAK,VAN,3,4
20162017,2017-03-05,CGY,NYI,5,2
20162017,2017-03-05,NJD,CBJ,0,3
20162017,2017-03-05,PIT,BUF,4,3
20162017,2017-03-05,MIN,SJS,3,1
20162017,2017-03-05,COL,STL,0,3
20162017,2017-03-05,ANA,VAN,1,2
20162017,2017-03-05,ARI,CAR,1,2
20162017,2017-03-06,WSH,DAL,2,4
20162017,2017-03-06,OTT,BOS,4,2
20162017,2017-03-06,TBL,NYR,0,1
20162017,2017-03-06,WPG,SJS,2,3
20162017,2017-03-07,CBJ,NJD,2,0
20162017,2017-03-07,BUF,PHI,3,6
20162017,2017-03-07,TOR,DET,3,2
20162017,2017-03-07,FLA,NYR,2,5
20162017,2017-03-07,MIN,STL,1,2
20162017,2017-03-07,COL,CAR,3,1
20162017,2017-03-07,EDM,NYI,1,4
20162017,2017-03-07,VAN,MTL,1,2
20162017,2017-03-07,ANA,NSH,4,3
20162017,2017-03-08,BOS,DET,6,1
20162017,2017-03-08,DAL,OTT,2,5
20162017,2017-03-08,WPG,PIT,4,7
20162017,2017-03-09,CAR,NYR,4,3
20162017,2017-03-09,TOR,PHI,4,2
20162017,2017-03-09,TBL,MIN,4,1
20162017,2017-03-09,CHI,ANA,0,1
20162017,2017-03-09,COL,NJD,3,2
20162017,2017-03-09,CGY,MTL,5,0
20162017,2017-03-09,ARI,OTT,2,3
20162017,2017-03-09,VAN,NYI,3,4
20162017,2017-03-09,LAK,NSH,3,2
20162017,2017-03-09,SJS,WSH,4,2
20162017,2017-03-10,CBJ,BUF,4,3
20162017,2017-03-10,DET,CHI,4,2
20162017,2017-03-10,FLA,MIN,4,7
20162017,2017-03-10,STL,ANA,4,3
20162017,2017-03-10,EDM,PIT,2,3
20162017,2017-03-11,BOS,PHI,2,1
20162017,2017-03-11,SJS,NSH,1,3
20162017,2017-03-11,BUF,CBJ,5,3
20162017,2017-03-11,TBL,FLA,3,2
20162017,2017-03-11,CAR,TOR,2,3
20162017,2017-03-11,WPG,CGY,0,3
20162017,2017-03-11,COL,OTT,2,4
20162017,2017-03-11,STL,NYI,4,3
20162017,2017-03-11,ARI,NJD,5,4
20162017,2017-03-11,VAN,PIT,0,3
20162017,2017-03-11,LAK,WSH,4,2
20162017,2017-03-12,CHI,MIN,4,2
20162017,2017-03-12,DET,NYR,1,4
20162017,2017-03-12,EDM,MTL,1,4
20162017,2017-03-12,ANA,WSH,5,2
20162017,2017-03-12,SJS,DAL,5,1
20162017,2017-03-13,NYR,TBL,2,3
20162017,2017-03-13,PHI,CBJ,3,5
20162017,2017-03-13,NYI,CAR,4,8
20162017,2017-03-13,NSH,WPG,5,4
20162017,2017-03-13,CGY,PIT,4,3
20162017,2017-03-13,VAN,BOS,3,6
20162017,2017-03-13,ARI,COL,1,0
20162017,2017-03-13,LAK,STL,1,3
20162017,2017-03-14,WSH,MIN,4,2
20162017,2017-03-14,CAR,NYI,2,3
20162017,2017-03-14,MTL,CHI,2,4
20162017,2017-03-14,OTT,TBL,1,2
20162017,2017-03-14,FLA,TOR,7,2
20162017,2017-03-14,EDM,DAL,7,1
20162017,2017-03-14,LAK,ARI,2,3
20162017,2017-03-14,SJS,BUF,4,1
20162017,2017-03-15,PHI,PIT,4,0
20162017,2017-03-15,CGY,BOS,2,5
20162017,2017-03-15,COL,DET,3,1
20162017,2017-03-15,ANA,STL,2,1
20162017,2017-03-16,NJD,PHI,6,2
20162017,2017-03-16,NYI,WPG,2,4
20162017,2017-03-16,WSH,NSH,1,2
20162017,2017-03-16,CAR,MIN,3,1
20162017,2017-03-16,CBJ,FLA,2,1
20162017,2017-03-16,OTT,CHI,1,2
20162017,2017-03-16,TBL,TOR,0,5
20162017,2017-03-16,EDM,BOS,7,4
20162017,2017-03-16,VAN,DAL,2,4
20162017,2017-03-16,ARI,DET,4,5
20162017,2017-03-16,LAK,BUF,2,0
20162017,2017-03-16,SJS,STL,1,4
20162017,2017-03-17,NYR,FLA,3,4
20162017,2017-03-17,PIT,NJD,6,4
20162017,2017-03-17,CGY,DAL,3,1
20162017,2017-03-17,ANA,BUF,1,2
20162017,2017-03-18,DET,COL,5,1
20162017,2017-03-18,NYI,CBJ,2,3
20162017,2017-03-18,TOR,CHI,1,2
20162017,2017-03-18,OTT,MTL,3,4
20162017,2017-03-18,TBL,WSH,3,5
20162017,2017-03-18,CAR,NSH,4,2
20162017,2017-03-18,MIN,NYR,2,3
20162017,2017-03-18,ARI,STL,0,3
20162017,2017-03-18,EDM,VAN,2,0
20162017,2017-03-18,SJS,ANA,1,2
20162017,2017-03-19,NJD,CBJ,1,4
20162017,2017-03-19,PIT,FLA,4,0
20162017,2017-03-19,WPG,MIN,5,4
20162017,2017-03-19,CHI,COL,6,3
20162017,2017-03-19,PHI,CAR,4,3
20162017,2017-03-19,MTL,OTT,4,1
20162017,2017-03-19,CGY,LAK,5,2
20162017,2017-03-20,TOR,BOS,4,2
20162017,2017-03-20,DET,BUF,1,2
20162017,2017-03-20,NSH,ARI,3,1
20162017,2017-03-20,DAL,SJS,1,0
20162017,2017-03-20,EDM,LAK,2,0
20162017,2017-03-21,BOS,OTT,2,3
20162017,2017-03-21,BUF,PIT,1,3
20162017,2017-03-21,NJD,NYR,3,2
20162017,2017-03-21,WSH,CGY,4,2
20162017,2017-03-21,MTL,DET,1,2
20162017,2017-03-21,TBL,ARI,3,5
20162017,2017-03-21,FLA,CAR,3,4
20162017,2017-03-21,WPG,PHI,3,2
20162017,2017-03-21,MIN,SJS,3,2
20162017,2017-03-21,CHI,VAN,4,5
20162017,2017-03-21,COL,STL,2,4
20162017,2017-03-22,CBJ,TOR,2,5
20162017,2017-03-22,NYR,NYI,2,3
20162017,2017-03-22,ANA,EDM,4,3
20162017,2017-03-23,BOS,TBL,3,6
20162017,2017-03-23,WSH,CBJ,2,1
20162017,2017-03-23,TOR,NJD,4,2
20162017,2017-03-23,MTL,CAR,1,4
20162017,2017-03-23,OTT,PIT,2,1
20162017,2017-03-23,FLA,ARI,3,1
20162017,2017-03-23,STL,VAN,4,1
20162017,2017-03-23,NSH,CGY,3,1
20162017,2017-03-23,MIN,PHI,1,3
20162017,2017-03-23,CHI,DAL,3,2
20162017,2017-03-23,COL,EDM,4,7
20162017,2017-03-23,LAK,WPG,5,2
20162017,2017-03-24,PIT,NYI,3,4
20162017,2017-03-24,DET,TBL,1,2
20162017,2017-03-24,DAL,SJS,6,1
20162017,2017-03-24,ANA,WPG,3,1
20162017,2017-03-25,CBJ,PHI,1,0
20162017,2017-03-25,MIN,VAN,2,4
20162017,2017-03-25,BUF,TOR,5,2
20162017,2017-03-25,MTL,OTT,3,1
20162017,2017-03-25,FLA,CHI,7,0
20162017,2017-03-25,NJD,CAR,1,3
20162017,2017-03-25,NYI,BOS,1,2
20162017,2017-03-25,WSH,ARI,4,1
20162017,2017-03-25,STL,CGY,2,3
20162017,2017-03-25,NSH,SJS,7,2
20162017,2017-03-25,EDM,COL,4,1
20162017,2017-03-25,LAK,NYR,0,3
20162017,2017-03-26,DET,MIN,3,2
20162017,2017-03-26,NJD,DAL,1,2
20162017,2017-03-26,PIT,PHI,2,6
20162017,2017-03-26,WPG,VAN,2,1
20162017,2017-03-26,ANA,NYR,6,3
20162017,2017-03-27,CAR,DET,3,4
20162017,2017-03-27,BUF,FLA,4,2
20162017,2017-03-27,NYI,NSH,1,3
20162017,2017-03-27,TBL,CHI,5,4
20162017,2017-03-27,STL,ARI,4,1
20162017,2017-03-27,CGY,COL,4,2
20162017,2017-03-28,NJD,WPG,3,4
20162017,2017-03-28,BOS,NSH,4,1
20162017,2017-03-28,PHI,OTT,3,2
20162017,2017-03-28,CAR,DET,4,1
20162017,2017-03-28,CBJ,BUF,3,1
20162017,2017-03-28,TOR,FLA,3,2
20162017,2017-03-28,MTL,DAL,4,1
20162017,2017-03-28,MIN,WSH,4,5
20162017,2017-03-28,EDM,LAK,2,1
20162017,2017-03-28,VAN,ANA,1,4
20162017,2017-03-28,SJS,NYR,5,4
20162017,2017-03-29,PIT,CHI,1,5
20162017,2017-03-29,CGY,LAK,1,4
20162017,2017-03-29,COL,WSH,3,5
20162017,2017-03-29,ARI,STL,1,3
20162017,2017-03-30,PHI,NYI,6,3
20162017,2017-03-30,CAR,CBJ,2,1
20162017,2017-03-30,BOS,DAL,2,0
20162017,2017-03-30,MTL,FLA,6,2
20162017,2017-03-30,TBL,DET,5,3
20162017,2017-03-30,NSH,TOR,1,3
20162017,2017-03-30,MIN,OTT,5,1
20162017,2017-03-30,WPG,ANA,4,3
20162017,2017-03-30,EDM,SJS,3,2
20162017,2017-03-31,NYR,PIT,3,4
20162017,2017-03-31,NYI,NJD,2,1
20162017,2017-03-31,CHI,CBJ,3,1
20162017,2017-03-31,COL,STL,2,1
20162017,2017-03-31,CGY,SJS,5,2
20162017,2017-03-31,VAN,LAK,0,2
20162017,2017-03-31,ARI,WSH,6,3
20162017,2017-04-01,BOS,FLA,5,2
20162017,2017-04-01,NSH,MIN,3,0
20162017,2017-04-01,DET,TOR,4,5
20162017,2017-04-01,TBL,MTL,1,2
20162017,2017-04-01,PHI,NJD,3,0
20162017,2017-04-01,CAR,DAL,0,3
20162017,2017-04-01,WPG,OTT,4,2
20162017,2017-04-01,EDM,ANA,3,2
20162017,2017-04-02,CHI,BOS,2,3
20162017,2017-04-02,BUF,NYI,2,4
20162017,2017-04-02,STL,NSH,4,1
20162017,2017-04-02,PIT,CAR,3,2
20162017,2017-04-02,TBL,DAL,6,3
20162017,2017-04-02,CBJ,WSH,2,3
20162017,2017-04-02,MIN,COL,5,2
20162017,2017-04-02,VAN,SJS,1,3
20162017,2017-04-02,NYR,PHI,4,3
20162017,2017-04-02,CGY,ANA,3,4
20162017,2017-04-02,LAK,ARI,1,2
20162017,2017-04-03,BUF,TOR,2,4
20162017,2017-04-03,DET,OTT,5,4
20162017,2017-04-03,FLA,MTL,1,4
20162017,2017-04-04,BOS,TBL,4,0
20162017,2017-04-04,NJD,PHI,1,0
20162017,2017-04-04,PIT,CBJ,4,1
20162017,2017-04-04,TOR,WSH,1,4
20162017,2017-04-04,OTT,DET,2,0
20162017,2017-04-04,STL,WPG,2,5
20162017,2017-04-04,NSH,NYI,1,2
20162017,2017-04-04,MIN,CAR,5,3
20162017,2017-04-04,DAL,ARI,3,2
20162017,2017-04-04,COL,CHI,4,3
20162017,2017-04-04,ANA,CGY,3,1
20162017,2017-04-04,LAK,EDM,6,4
20162017,2017-04-04,SJS,VAN,3,1
20162017,2017-04-05,BUF,MTL,2,1
20162017,2017-04-05,WSH,NYR,2,0
20162017,2017-04-06,BOS,OTT,1,2
20162017,2017-04-06,NJD,PIT,4,7
20162017,2017-04-06,CAR,NYI,0,3
20162017,2017-04-06,CBJ,WPG,4,5
20162017,2017-04-06,TOR,TBL,1,4
20162017,2017-04-06,FLA,STL,3,6
20162017,2017-04-06,DAL,NSH,3,7
20162017,2017-04-06,COL,MIN,3,4
20162017,2017-04-06,ARI,VAN,4,3
20162017,2017-04-06,ANA,CHI,4,0
20162017,2017-04-06,LAK,CGY,1,4
20162017,2017-04-06,SJS,EDM,2,4
20162017,2017-04-07,MTL,TBL,2,4
20162017,2017-04-08,OTT,NYR,3,1
20162017,2017-04-08,PHI,CBJ,4,2
20162017,2017-04-08,BOS,WSH,1,3
20162017,2017-04-08,NJD,NYI,2,4
20162017,2017-04-08,LAK,CHI,3,2
20162017,2017-04-08,TOR,PIT,5,3
20162017,2017-04-08,DET,MTL,2,3
20162017,2017-04-08,FLA,BUF,3,0
20162017,2017-04-08,CAR,STL,4,5
20162017,2017-04-08,WPG,NSH,2,1
20162017,2017-04-08,DAL,COL,4,3
20162017,2017-04-08,ARI,MIN,1,3
20162017,2017-04-08,VAN,EDM,2,3
20162017,2017-04-08,SJS,CGY,3,1
20162017,2017-04-09,DET,NJD,4,1
20162017,2017-04-09,TBL,BUF,4,2
20162017,2017-04-09,NYI,OTT,4,2
20162017,2017-04-09,TOR,CBJ,2,3
20162017,2017-04-09,STL,COL,3,2
20162017,2017-04-09,NYR,PIT,3,2
20162017,2017-04-09,PHI,CAR,3,4
20162017,2017-04-09,WSH,FLA,0,2
20162017,2017-04-09,ANA,LAK,4,3
20162017,2017-04-09,EDM,VAN,5,2
20172018,2017-10-04,WPG,TOR,2,7
20172018,2017-10-04,PIT,STL,4,5
20172018,2017-10-04,EDM,CGY,3,0
20172018,2017-10-04,SJS,PHI,3,5
20172018,2017-10-05,BOS,NSH,4,3
20172018,2017-10-05,BUF,MTL,2,3
20172018,2017-10-05,NYR,COL,2,4
20172018,2017-10-05,OTT,WSH,4,5
20172018,2017-10-05,DET,MIN,4,2
20172018,2017-10-05,CHI,PIT,10,1
20172018,2017-10-05,ANA,ARI,5,4
20172018,2017-10-05,LAK,PHI,2,0
20172018,2017-10-06,CBJ,NYI,5,0
20172018,2017-10-06,TBL,FLA,5,3
20172018,2017-10-06,DAL,VGK,1,2
20172018,2017-10-07,NJD,COL,4,1
20172018,2017-10-07,TOR,NYR,8,5
20172018,2017-10-07,OTT,DET,1,2
20172018,2017-10-07,FLA,TBL,5,4
20172018,2017-10-07,NYI,BUF,6,3
20172018,2017-10-07,PIT,NSH,4,0
20172018,2017-10-07,WSH,MTL,6,1
20172018,2017-10-07,CAR,MIN,5,4
20172018,2017-10-07,STL,DAL,4,2
20172018,2017-10-07,CHI,CBJ,5,1
20172018,2017-10-07,ARI,VGK,1,2
20172018,2017-10-07,CGY,WPG,6,3
20172018,2017-10-07,VAN,EDM,3,2
20172018,2017-10-07,ANA,PHI,2,3
20172018,2017-10-07,SJS,LAK,1,4
20172018,2017-10-08,NYR,MTL,2,0
20172018,2017-10-09,BOS,COL,0,4
20172018,2017-10-09,NYI,STL,2,3
20172018,2017-10-09,BUF,NJD,2,6
20172018,2017-10-09,TOR,CHI,4,3
20172018,2017-10-09,TBL,WSH,4,3
20172018,2017-10-09,EDM,WPG,2,5
20172018,2017-10-09,ANA,CGY,0,2
20172018,2017-10-10,NYR,STL,1,3
20172018,2017-10-10,CAR,CBJ,1,2
20172018,2017-10-10,MTL,CHI,1,3
20172018,2017-10-10,NSH,PHI,6,5
20172018,2017-10-10,DAL,DET,4,2
20172018,2017-10-10,VAN,OTT,2,3
20172018,2017-10-10,VGK,ARI,5,2
20172018,2017-10-11,TOR,NJD,3,6
20172018,2017-10-11,WSH,PIT,2,3
20172018,2017-10-11,COL,BOS,6,3
20172018,2017-10-11,ANA,NYI,3,2
20172018,2017-10-11,LAK,CGY,3,4
20172018,2017-10-12,TBL,PIT,5,4
20172018,2017-10-12,FLA,STL,5,2
20172018,2017-10-12,NSH,DAL,4,1
20172018,2017-10-12,CHI,MIN,2,5
20172018,2017-10-12,VAN,WPG,2,4
20172018,2017-10-12,ARI,DET,2,4
20172018,2017-10-12,SJS,BUF,3,2
20172018,2017-10-13,NJD,WSH,2,5
20172018,2017-10-13,CBJ,NYR,3,1
20172018,2017-10-13,COL,ANA,3,1
20172018,2017-10-13,CGY,OTT,0,6
20172018,2017-10-13,VGK,DET,3,6
20172018,2017-10-14,MTL,TOR,3,4
20172018,2017-10-14,TBL,STL,2,1
20172018,2017-10-14,NYR,NJD,2,3
20172018,2017-10-14,PHI,WSH,8,2
20172018,2017-10-14,PIT,FLA,4,3
20172018,2017-10-14,WPG,CAR,2,1
20172018,2017-10-14,DAL,COL,3,1
20172018,2017-10-14,MIN,CBJ,4,5
20172018,2017-10-14,CHI,NSH,2,1
20172018,2017-10-14,ARI,BOS,2,6
20172018,2017-10-14,EDM,OTT,1,6
20172018,2017-10-14,VAN,CGY,2,5
20172018,2017-10-14,LAK,BUF,4,2
20172018,2017-10-14,SJS,NYI,1,3
20172018,2017-10-15,VGK,BOS,3,1
20172018,2017-10-15,ANA,BUF,1,3
20172018,2017-10-15,LAK,NYI,3,2
20172018,2017-10-16,DET,TBL,2,3
20172018,2017-10-17,NYR,PIT,4,5
20172018,2017-10-17,PHI,FLA,5,1
20172018,2017-10-17,WSH,TOR,0,2
20172018,2017-10-17,NJD,TBL,5,4
20172018,2017-10-17,OTT,VAN,0,3
20172018,2017-10-17,NSH,COL,4,1
20172018,2017-10-17,WPG,CBJ,2,5
20172018,2017-10-17,DAL,ARI,3,1
20172018,2017-10-17,EDM,CAR,3,5
20172018,2017-10-17,VGK,BUF,5,4
20172018,2017-10-17,SJS,MTL,5,2
20172018,2017-10-18,TOR,DET,6,3
20172018,2017-10-18,STL,CHI,5,2
20172018,2017-10-18,LAK,MTL,5,1
20172018,2017-10-19,BOS,VAN,6,3
20172018,2017-10-19,NYR,NYI,3,4
20172018,2017-10-19,PHI,NSH,0,1
20172018,2017-10-19,CBJ,TBL,0,2
20172018,2017-10-19,OTT,NJD,4,5
20172018,2017-10-19,CHI,EDM,1,2
20172018,2017-10-19,COL,STL,3,4
20172018,2017-10-19,CGY,CAR,1,2
20172018,2017-10-19,ARI,DAL,4,5
20172018,2017-10-20,BUF,VAN,2,4
20172018,2017-10-20,NJD,SJS,0,3
20172018,2017-10-20,DET,WSH,3,4
20172018,2017-10-20,FLA,PIT,3,4
20172018,2017-10-20,WPG,MIN,4,3
20172018,2017-10-20,ANA,MTL,6,2
20172018,2017-10-21,NYR,NSH,4,2
20172018,2017-10-21,PHI,EDM,2,1
20172018,2017-10-21,BOS,BUF,4,5
20172018,2017-10-21,OTT,TOR,6,3
20172018,2017-10-21,TBL,PIT,7,1
20172018,2017-10-21,NYI,SJS,5,3
20172018,2017-10-21,CBJ,LAK,4,6
20172018,2017-10-21,WSH,FLA,1,4
20172018,2017-10-21,DAL,CAR,4,3
20172018,2017-10-21,ARI,CHI,2,4
20172018,2017-10-21,CGY,MIN,2,4
20172018,2017-10-21,VGK,STL,3,2
20172018,2017-10-22,DET,VAN,1,4
20172018,2017-10-23,TOR,LAK,3,2
20172018,2017-10-23,NYR,SJS,1,4
20172018,2017-10-24,NYI,ARI,5,3
20172018,2017-10-24,PHI,ANA,2,6
20172018,2017-10-24,PIT,EDM,2,1
20172018,2017-10-24,CAR,TBL,1,5
20172018,2017-10-24,BUF,DET,1,0
20172018,2017-10-24,MTL,FLA,5,1
20172018,2017-10-24,OTT,LAK,2,3
20172018,2017-10-24,NSH,CGY,2,3
20172018,2017-10-24,MIN,VAN,0,1
20172018,2017-10-24,COL,DAL,5,3
20172018,2017-10-24,VGK,CHI,4,2
20172018,2017-10-25,CBJ,BUF,5,1
20172018,2017-10-25,STL,CGY,5,2
20172018,2017-10-26,BOS,SJS,2,1
20172018,2017-10-26,TOR,CAR,3,6
20172018,2017-10-26,NYR,ARI,5,2
20172018,2017-10-26,PIT,WPG,2,1
20172018,2017-10-26,MTL,LAK,0,4
20172018,2017-10-26,OTT,PHI,5,4
20172018,2017-10-26,TBL,DET,3,2
20172018,2017-10-26,FLA,ANA,8,3
20172018,2017-10-26,MIN,NYI,6,4
20172018,2017-10-26,EDM,DAL,5,4
20172018,2017-10-26,VAN,WSH,6,2
20172018,2017-10-27,VGK,COL,7,0
20172018,2017-10-27,NJD,OTT,5,4
20172018,2017-10-27,CBJ,WPG,2,1
20172018,2017-10-27,CAR,STL,1,2
20172018,2017-10-27,CHI,NSH,1,2
20172018,2017-10-27,CGY,DAL,1,2
20172018,2017-10-28,BUF,SJS,2,3
20172018,2017-10-28,BOS,LAK,1,2
20172018,2017-10-28,TOR,PHI,2,4
20172018,2017-10-28,MTL,NYR,5,4
20172018,2017-10-28,TBL,ANA,1,4
20172018,2017-10-28,FLA,DET,2,3
20172018,2017-10-28,NJD,ARI,4,3
20172018,2017-10-28,STL,CBJ,4,1
20172018,2017-10-28,NSH,NYI,2,6
20172018,2017-10-28,MIN,PIT,2,1
20172018,2017-10-28,COL,CHI,6,3
20172018,2017-10-28,EDM,WSH,2,5
20172018,2017-10-29,CAR,ANA,3,4
20172018,2017-10-29,WPG,PIT,7,1
20172018,2017-10-29,CGY,WSH,2,1
20172018,2017-10-30,NYI,VGK,6,3
20172018,2017-10-30,PHI,ARI,3,4
20172018,2017-10-30,CBJ,BOS,4,3
20172018,2017-10-30,OTT,MTL,3,8
20172018,2017-10-30,FLA,TBL,5,8
20172018,2017-10-30,STL,LAK,4,2
20172018,2017-10-30,VAN,DAL,1,2
20172018,2017-10-30,SJS,TOR,3,2
20172018,2017-10-31,NYR,VGK,6,4
20172018,2017-10-31,DET,ARI,5,3
20172018,2017-10-31,MIN,WPG,1,2
20172018,2017-11-01,CHI,PHI,3,0
20172018,2017-11-01,EDM,PIT,2,3
20172018,2017-11-01,VAN,NJD,0,2
20172018,2017-11-01,ANA,TOR,1,3
20172018,2017-11-01,SJS,NSH,4,1
20172018,2017-11-02,BOS,VGK,2,1
20172018,2017-11-02,WSH,NYI,4,3
20172018,2017-11-02,OTT,DET,3,1
20172018,2017-11-02,TBL,NYR,1,2
20172018,2017-11-02,FLA,CBJ,3,7
20172018,2017-11-02,STL,PHI,0,2
20172018,2017-11-02,MIN,MTL,6,3
20172018,2017-11-02,WPG,DAL,5,2
20172018,2017-11-02,COL,CAR,5,3
20172018,2017-11-02,CGY,PIT,2,1
20172018,2017-11-02,ARI,BUF,4,5
20172018,2017-11-02,LAK,TOR,5,3
20172018,2017-11-03,EDM,NJD,6,3
20172018,2017-11-03,ANA,NSH,3,5
20172018,2017-11-04,OTT,VGK,4,5
20172018,2017-11-04,BOS,WSH,2,3
20172018,2017-11-04,TBL,CBJ,5,4
20172018,2017-11-04,FLA,NYR,4,5
20172018,2017-11-04,PHI,COL,4,5
20172018,2017-11-04,STL,TOR,6,4
20172018,2017-11-04,WPG,MTL,4,5
20172018,2017-11-04,DAL,BUF,5,1
20172018,2017-11-04,MIN,CHI,0,2
20172018,2017-11-04,ARI,CAR,2,1
20172018,2017-11-04,VAN,PIT,4,2
20172018,2017-11-04,LAK,NSH,3,4
20172018,2017-11-04,SJS,ANA,2,1
20172018,2017-11-05,EDM,DET,0,4
20172018,2017-11-05,NYI,COL,6,4
20172018,2017-11-05,CHI,MTL,0,2
20172018,2017-11-05,CGY,NJD,5,4
20172018,2017-11-06,BOS,MIN,5,3
20172018,2017-11-06,TOR,VGK,4,3
20172018,2017-11-06,NYR,CBJ,5,3
20172018,2017-11-06,WSH,ARI,3,2
20172018,2017-11-06,DAL,WPG,1,4
20172018,2017-11-06,VAN,DET,2,3
20172018,2017-11-07,BUF,WSH,3,1
20172018,2017-11-07,NJD,STL,1,3
20172018,2017-11-07,NYI,EDM,1,2
20172018,2017-11-07,PIT,ARI,3,1
20172018,2017-11-07,CAR,FLA,3,1
20172018,2017-11-07,CBJ,NSH,1,3
20172018,2017-11-07,MTL,VGK,3,2
20172018,2017-11-07,CGY,VAN,3,5
20172018,2017-11-07,ANA,LAK,3,4
20172018,2017-11-08,TOR,MIN,4,2
20172018,2017-11-08,NYR,BOS,4,2
20172018,2017-11-08,SJS,TBL,1,5
20172018,2017-11-09,NJD,EDM,2,3
20172018,2017-11-09,PHI,CHI,3,1
20172018,2017-11-09,MTL,MIN,0,3
20172018,2017-11-09,STL,ARI,3,2
20172018,2017-11-09,CGY,DET,6,3
20172018,2017-11-09,ANA,VAN,4,1
20172018,2017-11-09,LAK,TBL,2,5
20172018,2017-11-10,COL,OTT,3,4
20172018,2017-11-10,BUF,FLA,1,4
20172018,2017-11-10,TOR,BOS,3,2
20172018,2017-11-10,WSH,PIT,4,1
20172018,2017-11-10,CBJ,CAR,1,3
20172018,2017-11-10,DAL,NYI,5,0
20172018,2017-11-10,VGK,WPG,5,2
20172018,2017-11-11,NYR,EDM,4,2
20172018,2017-11-11,OTT,COL,4,3
20172018,2017-11-11,BOS,TOR,1,4
20172018,2017-11-11,MTL,BUF,2,1
20172018,2017-11-11,DET,CBJ,1,2
20172018,2017-11-11,NJD,FLA,2,1
20172018,2017-11-11,PHI,MIN,0,1
20172018,2017-11-11,CAR,CHI,3,4
20172018,2017-11-11,STL,NYI,2,5
20172018,2017-11-11,NSH,PIT,5,4
20172018,2017-11-11,ARI,WPG,1,4
20172018,2017-11-11,SJS,VAN,5,0
20172018,2017-11-12,WSH,EDM,2,1
20172018,2017-11-12,CHI,NJD,5,7
20172018,2017-11-12,ANA,TBL,1,2
20172018,2017-11-12,LAK,SJS,1,2
20172018,2017-11-13,CAR,DAL,5,1
20172018,2017-11-13,CGY,STL,7,4
20172018,2017-11-14,PIT,BUF,5,4
20172018,2017-11-14,MTL,CBJ,1,2
20172018,2017-11-14,FLA,DAL,4,3
20172018,2017-11-14,NSH,WSH,6,3
20172018,2017-11-14,MIN,PHI,3,0
20172018,2017-11-14,WPG,ARI,4,1
20172018,2017-11-14,EDM,VGK,8,2
20172018,2017-11-14,LAK,VAN,2,3
20172018,2017-11-15,DET,CGY,8,2
20172018,2017-11-15,CHI,NYR,6,3
20172018,2017-11-15,ANA,BOS,4,2
20172018,2017-11-16,TOR,NJD,1,0
20172018,2017-11-16,NYI,CAR,6,4
20172018,2017-11-16,MTL,ARI,4,5
20172018,2017-11-16,OTT,PIT,1,3
20172018,2017-11-16,TBL,DAL,6,1
20172018,2017-11-16,MIN,NSH,6,4
20172018,2017-11-16,WPG,PHI,3,2
20172018,2017-11-16,COL,WSH,6,2
20172018,2017-11-16,EDM,STL,1,4
20172018,2017-11-16,VAN,VGK,2,5
20172018,2017-11-16,LAK,BOS,1,2
20172018,2017-11-16,SJS,FLA,0,2
20172018,2017-11-17,CBJ,NYR,2,0
20172018,2017-11-17,DET,BUF,3,1
20172018,2017-11-18,PHI,CGY,4,5
20172018,2017-11-18,OTT,ARI,2,3
20172018,2017-11-18,DAL,EDM,6,3
20172018,2017-11-18,WPG,NJD,5,2
20172018,2017-11-18,LAK,FLA,4,0
20172018,2017-11-18,BUF,CAR,1,3
20172018,2017-11-18,MTL,TOR,0,6
20172018,2017-11-18,TBL,NYI,3,5
20172018,2017-11-18,PIT,CHI,1,2
20172018,2017-11-18,WSH,MIN,3,1
20172018,2017-11-18,NSH,COL,5,2
20172018,2017-11-18,VAN,STL,3,4
20172018,2017-11-18,SJS,BOS,1,3
20172018,2017-11-19,CAR,NYI,4,2
20172018,2017-11-19,DET,COL,3,4
20172018,2017-11-19,NYR,OTT,3,0
20172018,2017-11-19,VGK,LAK,4,2
20172018,2017-11-19,ANA,FLA,3,2
20172018,2017-11-20,BUF,CBJ,2,3
20172018,2017-11-20,TOR,ARI,1,4
20172018,2017-11-20,WSH,CGY,1,4
20172018,2017-11-20,NSH,WPG,5,3
20172018,2017-11-20,MIN,NJD,3,4
20172018,2017-11-20,SJS,ANA,2,3
20172018,2017-11-21,PHI,VAN,2,5
20172018,2017-11-21,STL,EDM,8,3
20172018,2017-11-21,DAL,MTL,3,1
20172018,2017-11-22,BUF,MIN,4,5
20172018,2017-11-22,DET,EDM,2,6
20172018,2017-11-22,FLA,TOR,2,1
20172018,2017-11-22,NJD,BOS,2,3
20172018,2017-11-22,NYI,PHI,4,3
20172018,2017-11-22,PIT,VAN,2,5
20172018,2017-11-22,WSH,OTT,5,2
20172018,2017-11-22,CAR,NYR,1,6
20172018,2017-11-22,CBJ,CGY,1,0
20172018,2017-11-22,TBL,CHI,3,2
20172018,2017-11-22,NSH,MTL,3,2
20172018,2017-11-22,COL,DAL,3,0
20172018,2017-11-22,ARI,SJS,1,3
20172018,2017-11-22,ANA,VGK,2,4
20172018,2017-11-22,LAK,WPG,1,2
20172018,2017-11-24,BOS,PIT,4,3
20172018,2017-11-24,PHI,NYI,4,5
20172018,2017-11-24,MIN,COL,3,2
20172018,2017-11-24,ANA,WPG,1,4
20172018,2017-11-24,WSH,TBL,3,1
20172018,2017-11-24,VGK,SJS,5,4
20172018,2017-11-24,BUF,EDM,3,1
20172018,2017-11-24,NJD,VAN,3,2
20172018,2017-11-24,NYR,DET,2,1
20172018,2017-11-24,CBJ,OTT,5,2
20172018,2017-11-24,CAR,TOR,4,5
20172018,2017-11-24,STL,NSH,0,2
20172018,2017-11-24,DAL,CGY,6,4
20172018,2017-11-24,ARI,LAK,3,2
20172018,2017-11-25,TOR,WSH,2,4
20172018,2017-11-25,MTL,BUF,3,0
20172018,2017-11-25,OTT,NYI,1,2
20172018,2017-11-25,DET,NJD,3,4
20172018,2017-11-25,FLA,CHI,1,4
20172018,2017-11-25,PIT,TBL,5,2
20172018,2017-11-25,STL,MIN,6,3
20172018,2017-11-25,ARI,VGK,2,4
20172018,2017-11-25,COL,CGY,2,3
20172018,2017-11-25,SJS,WPG,4,0
20172018,2017-11-25,LAK,ANA,2,1
20172018,2017-11-26,CAR,NSH,4,3
20172018,2017-11-26,NYR,VAN,4,3
20172018,2017-11-26,BOS,EDM,2,4
20172018,2017-11-27,NJD,FLA,2,3
20172018,2017-11-27,PIT,PHI,5,4
20172018,2017-11-27,MTL,CBJ,3,1
20172018,2017-11-27,WPG,MIN,7,2
20172018,2017-11-27,CHI,ANA,7,3
20172018,2017-11-28,BUF,TBL,0,2
20172018,2017-11-28,NYI,VAN,5,2
20172018,2017-11-28,NYR,FLA,4,5
20172018,2017-11-28,PHI,SJS,1,3
20172018,2017-11-28,CBJ,CAR,3,2
20172018,2017-11-28,DET,LAK,1,4
20172018,2017-11-28,NSH,CHI,3,2
20172018,2017-11-28,CGY,TOR,1,4
20172018,2017-11-28,EDM,ARI,3,2
20172018,2017-11-28,VGK,DAL,0,3
20172018,2017-11-29,BOS,TBL,3,2
20172018,2017-11-29,MTL,OTT,2,1
20172018,2017-11-29,STL,ANA,2,3
20172018,2017-11-29,COL,WPG,3,2
20172018,2017-11-30,WSH,LAK,2,5
20172018,2017-11-30,DET,MTL,3,6
20172018,2017-11-30,NSH,VAN,3,5
20172018,2017-11-30,MIN,VGK,4,2
20172018,2017-11-30,CHI,DAL,3,4
20172018,2017-11-30,CGY,ARI,3,0
20172018,2017-11-30,EDM,TOR,4,6
20172018,2017-12-01,BUF,PIT,0,4
20172018,2017-12-01,NYI,OTT,5,6
20172018,2017-12-01,NYR,CAR,5,1
20172018,2017-12-01,CBJ,ANA,4,2
20172018,2017-12-01,FLA,SJS,1,2
20172018,2017-12-01,STL,LAK,1,4
20172018,2017-12-01,WPG,VGK,7,4
20172018,2017-12-01,COL,NJD,1,2
20172018,2017-12-02,PHI,BOS,0,3
20172018,2017-12-02,MIN,STL,2,1
20172018,2017-12-02,MTL,DET,10,1
20172018,2017-12-02,TBL,SJS,5,2
20172018,2017-12-02,PIT,BUF,5,1
20172018,2017-12-02,WSH,CBJ,4,3
20172018,2017-12-02,VAN,TOR,2,1
20172018,2017-12-02,CAR,FLA,3,2
20172018,2017-12-02,NSH,ANA,3,2
20172018,2017-12-02,ARI,NJD,5,0
20172018,2017-12-02,DAL,CHI,3,2
20172018,2017-12-02,CGY,EDM,5,7
20172018,2017-12-03,CHI,LAK,1,3
20172018,2017-12-03,WPG,OTT,5,0
20172018,2017-12-03,COL,DAL,2,7
20172018,2017-12-03,VGK,ARI,3,2
20172018,2017-12-04,WSH,SJS,4,1
20172018,2017-12-04,FLA,NYI,4,5
20172018,2017-12-04,NSH,BOS,5,3
20172018,2017-12-04,CGY,PHI,2,5
20172018,2017-12-05,CBJ,NJD,1,4
20172018,2017-12-05,PIT,NYR,3,4
20172018,2017-12-05,MTL,STL,3,4
20172018,2017-12-05,DET,WPG,5,1
20172018,2017-12-05,TBL,NYI,6,2
20172018,2017-12-05,DAL,NSH,2,5
20172018,2017-12-05,COL,BUF,2,4
20172018,2017-12-05,VAN,CAR,3,0
20172018,2017-12-05,VGK,ANA,4,3
20172018,2017-12-05,LAK,MIN,5,2
20172018,2017-12-06,TOR,CGY,2,1
20172018,2017-12-06,WSH,CHI,6,2
20172018,2017-12-06,EDM,PHI,2,4
20172018,2017-12-06,ANA,OTT,3,0
20172018,2017-12-07,BOS,ARI,6,1
20172018,2017-12-07,PIT,NYI,4,3
20172018,2017-12-07,MTL,CGY,2,3
20172018,2017-12-07,TBL,COL,5,2
20172018,2017-12-07,FLA,WPG,6,4
20172018,2017-12-07,STL,DAL,3,0
20172018,2017-12-07,VAN,PHI,1,4
20172018,2017-12-07,LAK,OTT,4,3
20172018,2017-12-07,SJS,CAR,5,4
20172018,2017-12-08,NJD,CBJ,3,5
20172018,2017-12-08,WSH,NYR,4,2
20172018,2017-12-08,NSH,VGK,3,4
20172018,2017-12-08,CHI,BUF,3,2
20172018,2017-12-08,ANA,MIN,2,3
20172018,2017-12-09,DET,STL,1,6
20172018,2017-12-09,BOS,NYI,3,1
20172018,2017-12-09,MTL,EDM,2,6
20172018,2017-12-09,TBL,WPG,4,3
20172018,2017-12-09,FLA,COL,3,7
20172018,2017-12-09,NYR,NJD,5,2
20172018,2017-12-09,PIT,TOR,3,4
20172018,2017-12-09,CBJ,ARI,1,0
20172018,2017-12-09,DAL,VGK,3,5
20172018,2017-12-09,CGY,VAN,4,2
20172018,2017-12-09,SJS,OTT,5,0
20172018,2017-12-09,LAK,CAR,3,2
20172018,2017-12-10,TOR,EDM,1,0
20172018,2017-12-10,CHI,ARI,3,1
20172018,2017-12-10,STL,BUF,3,2
20172018,2017-12-10,SJS,MIN,3,4
20172018,2017-12-11,NYI,WSH,3,1
20172018,2017-12-11,NYR,DAL,1,2
20172018,2017-12-11,PIT,COL,1,2
20172018,2017-12-11,DET,FLA,1,2
20172018,2017-12-11,WPG,VAN,5,1
20172018,2017-12-11,ANA,CAR,3,2
20172018,2017-12-12,BUF,OTT,3,2
20172018,2017-12-12,NJD,LAK,5,1
20172018,2017-12-12,PHI,TOR,4,2
20172018,2017-12-12,WSH,COL,5,2
20172018,2017-12-12,CBJ,EDM,2,7
20172018,2017-12-12,STL,TBL,0,3
20172018,2017-12-12,MIN,CGY,2,1
20172018,2017-12-12,CHI,FLA,3,2
20172018,2017-12-12,VGK,CAR,2,3
20172018,2017-12-13,OTT,NYR,3,2
20172018,2017-12-13,NYI,DAL,2,5
20172018,2017-12-13,DET,BOS,2,3
20172018,2017-12-13,VAN,NSH,1,7
20172018,2017-12-14,BOS,WSH,3,5
20172018,2017-12-14,PHI,BUF,2,1
20172018,2017-12-14,CBJ,NYI,6,4
20172018,2017-12-14,MTL,NJD,2,1
20172018,2017-12-14,STL,ANA,1,3
20172018,2017-12-14,MIN,TOR,2,0
20172018,2017-12-14,WPG,CHI,1,5
20172018,2017-12-14,COL,FLA,2,1
20172018,2017-12-14,CGY,SJS,2,3
20172018,2017-12-14,EDM,NSH,0,4
20172018,2017-12-14,ARI,TBL,1,4
20172018,2017-12-14,VGK,PIT,2,1
20172018,2017-12-15,BUF,CAR,4,5
20172018,2017-12-15,NJD,DAL,5,2
20172018,2017-12-15,NYR,LAK,4,2
20172018,2017-12-15,DET,TOR,3,1
20172018,2017-12-15,VAN,SJS,4,3
20172018,2017-12-16,MIN,EDM,2,3
20172018,2017-12-16,BOS,NYR,2,3
20172018,2017-12-16,OTT,MTL,3,0
20172018,2017-12-16,NYI,LAK,4,3
20172018,2017-12-16,PHI,DAL,2,1
20172018,2017-12-16,STL,WPG,2,0
20172018,2017-12-16,CAR,CBJ,2,1
20172018,2017-12-16,WSH,ANA,3,2
20172018,2017-12-16,ARI,PIT,2,4
20172018,2017-12-16,COL,TBL,5,6
20172018,2017-12-16,CGY,NSH,0,2
20172018,2017-12-17,WPG,STL,4,0
20172018,2017-12-17,CHI,MIN,4,1
20172018,2017-12-17,VAN,CGY,1,6
20172018,2017-12-17,VGK,FLA,5,2
20172018,2017-12-18,BOS,CBJ,7,2
20172018,2017-12-18,NJD,ANA,5,3
20172018,2017-12-18,PHI,LAK,1,4
20172018,2017-12-18,COL,PIT,4,2
20172018,2017-12-18,EDM,SJS,5,3
20172018,2017-12-19,TOR,CAR,8,1
20172018,2017-12-19,NYI,DET,3,6
20172018,2017-12-19,NYR,ANA,4,1
20172018,2017-12-19,OTT,MIN,4,6
20172018,2017-12-19,BUF,BOS,0,3
20172018,2017-12-19,NSH,WPG,4,6
20172018,2017-12-19,DAL,WSH,3,4
20172018,2017-12-19,ARI,FLA,2,3
20172018,2017-12-19,VAN,MTL,5,7
20172018,2017-12-19,VGK,TBL,4,3
20172018,2017-12-20,CBJ,TOR,4,2
20172018,2017-12-20,PHI,DET,4,3
20172018,2017-12-20,CGY,STL,2,1
20172018,2017-12-21,BOS,WPG,2,1
20172018,2017-12-21,NJD,NYR,4,3
20172018,2017-12-21,NYI,ANA,4,5
20172018,2017-12-21,PIT,CBJ,3,2
20172018,2017-12-21,TBL,OTT,4,3
20172018,2017-12-21,NSH,CAR,1,4
20172018,2017-12-21,DAL,CHI,4,0
20172018,2017-12-21,EDM,STL,3,2
20172018,2017-12-21,LAK,COL,2,1
20172018,2017-12-21,SJS,VAN,5,4
20172018,2017-12-22,BUF,PHI,4,2
20172018,2017-12-22,FLA,MIN,4,2
20172018,2017-12-22,CGY,MTL,2,3
20172018,2017-12-22,ARI,WSH,3,2
20172018,2017-12-23,BOS,DET,3,1
20172018,2017-12-23,NYI,WPG,5,2
20172018,2017-12-23,TBL,MIN,3,0
20172018,2017-12-23,FLA,OTT,1,0
20172018,2017-12-23,NJD,CHI,4,1
20172018,2017-12-23,NYR,TOR,2,3
20172018,2017-12-23,PIT,ANA,0,4
20172018,2017-12-23,CAR,BUF,4,2
20172018,2017-12-23,CBJ,PHI,2,1
20172018,2017-12-23,EDM,MTL,4,1
20172018,2017-12-23,DAL,NSH,4,3
20172018,2017-12-23,ARI,COL,2,6
20172018,2017-12-23,VGK,WSH,3,0
20172018,2017-12-23,VAN,STL,1,3
20172018,2017-12-23,SJS,LAK,2,0
20172018,2017-12-27,BOS,OTT,5,1
20172018,2017-12-27,NJD,DET,3,1
20172018,2017-12-27,NYI,BUF,3,2
20172018,2017-12-27,PIT,CBJ,5,4
20172018,2017-12-27,CAR,MTL,3,1
20172018,2017-12-27,NYR,WSH,1,0
20172018,2017-12-27,STL,NSH,1,2
20172018,2017-12-27,MIN,DAL,4,2
20172018,2017-12-27,WPG,EDM,4,3
20172018,2017-12-27,COL,ARI,1,3
20172018,2017-12-27,ANA,VGK,1,4
20172018,2017-12-28,WSH,BOS,4,3
20172018,2017-12-28,TBL,MTL,3,1
20172018,2017-12-28,FLA,PHI,3,2
20172018,2017-12-28,ARI,TOR,4,7
20172018,2017-12-28,VAN,CHI,5,2
20172018,2017-12-28,LAK,VGK,2,3
20172018,2017-12-28,SJS,CGY,3,2
20172018,2017-12-29,NJD,BUF,3,4
20172018,2017-12-29,OTT,CBJ,5,4
20172018,2017-12-29,DET,NYR,3,2
20172018,2017-12-29,TBL,PHI,3,5
20172018,2017-12-29,CAR,PIT,2,1
20172018,2017-12-29,MIN,NSH,4,2
20172018,2017-12-29,WPG,NYI,4,2
20172018,2017-12-29,DAL,STL,4,2
20172018,2017-12-29,COL,TOR,4,3
20172018,2017-12-29,EDM,CHI,3,4
20172018,2017-12-29,ANA,CGY,2,1
20172018,2017-12-30,OTT,BOS,0,5
20172018,2017-12-30,FLA,MTL,2,0
20172018,2017-12-30,WSH,NJD,5,2
20172018,2017-12-30,STL,CAR,3,2
20172018,2017-12-30,NSH,MIN,3,0
20172018,2017-12-30,VAN,LAK,3,4
20172018,2017-12-31,VGK,TOR,6,3
20172018,2017-12-31,ANA,ARI,5,2
20172018,2017-12-31,CBJ,TBL,0,5
20172018,2017-12-31,DET,PIT,4,1
20172018,2017-12-31,EDM,WPG,0,5
20172018,2017-12-31,DAL,SJS,6,0
20172018,2017-12-31,COL,NYI,6,1
20172018,2017-12-31,CGY,CHI,4,3
20172018,2018-01-01,BUF,NYR,2,3
20172018,2018-01-02,TOR,TBL,0,2
20172018,2018-01-02,NYI,BOS,1,5
20172018,2018-01-02,PHI,PIT,1,5
20172018,2018-01-02,CAR,WSH,4,5
20172018,2018-01-02,MTL,SJS,1,4
20172018,2018-01-02,STL,NJD,3,2
20172018,2018-01-02,MIN,FLA,5,1
20172018,2018-01-02,DAL,CBJ,1,2
20172018,2018-01-02,COL,WPG,3,2
20172018,2018-01-02,EDM,LAK,0,5
20172018,2018-01-02,VAN,ANA,0,5
20172018,2018-01-02,VGK,NSH,3,0
20172018,2018-01-03,DET,OTT,2,1
20172018,2018-01-03,NYR,CHI,2,5
20172018,2018-01-04,TOR,SJS,3,2
20172018,2018-01-04,PHI,NYI,6,4
20172018,2018-01-04,PIT,CAR,0,4
20172018,2018-01-04,MTL,TBL,2,1
20172018,2018-01-04,STL,VGK,2,1
20172018,2018-01-04,MIN,BUF,6,2
20172018,2018-01-04,DAL,NJD,4,3
20172018,2018-01-04,COL,CBJ,2,0
20172018,2018-01-04,CGY,LAK,4,3
20172018,2018-01-04,EDM,ANA,2,1
20172018,2018-01-04,ARI,NSH,3,2
20172018,2018-01-05,NYI,PIT,0,4
20172018,2018-01-05,OTT,SJS,6,5
20172018,2018-01-05,DET,FLA,4,2
20172018,2018-01-05,WPG,BUF,4,3
20172018,2018-01-05,CHI,VGK,4,5
20172018,2018-01-06,PHI,STL,6,3
20172018,2018-01-06,DAL,EDM,5,1
20172018,2018-01-06,BOS,CAR,7,1
20172018,2018-01-06,TOR,VAN,3,2
20172018,2018-01-06,OTT,TBL,6,3
20172018,2018-01-06,ARI,NYR,1,2
20172018,2018-01-06,COL,MIN,7,2
20172018,2018-01-06,CGY,ANA,3,2
20172018,2018-01-06,LAK,NSH,3,4
20172018,2018-01-07,NYI,NJD,5,4
20172018,2018-01-07,PHI,BUF,4,1
20172018,2018-01-07,WSH,STL,4,3
20172018,2018-01-07,CHI,EDM,4,1
20172018,2018-01-07,WPG,SJS,4,1
20172018,2018-01-07,CBJ,FLA,3,2
20172018,2018-01-07,MTL,VAN,5,2
20172018,2018-01-07,DET,TBL,2,5
20172018,2018-01-07,PIT,BOS,6,5
20172018,2018-01-07,VGK,NYR,2,1
20172018,2018-01-08,TOR,CBJ,2,3
20172018,2018-01-09,BUF,WPG,4,7
20172018,2018-01-09,WSH,VAN,3,1
20172018,2018-01-09,OTT,CHI,2,8
20172018,2018-01-09,TBL,CAR,5,4
20172018,2018-01-09,STL,FLA,4,7
20172018,2018-01-09,NSH,EDM,2,1
20172018,2018-01-09,MIN,CGY,2,3
20172018,2018-01-10,TOR,OTT,3,4
20172018,2018-01-10,CHI,MIN,1,2
20172018,2018-01-11,BUF,CBJ,3,1
20172018,2018-01-11,WSH,CAR,1,3
20172018,2018-01-11,TBL,CGY,1,5
20172018,2018-01-12,CBJ,VAN,2,5
20172018,2018-01-12,FLA,CGY,2,4
20172018,2018-01-12,CAR,WSH,3,4
20172018,2018-01-12,CHI,WPG,2,1
20172018,2018-01-12,ARI,EDM,2,4
20172018,2018-01-13,NYR,NYI,2,7
20172018,2018-01-13,PIT,DET,4,1
20172018,2018-01-13,MTL,BOS,3,4
20172018,2018-01-13,NJD,PHI,3,5
20172018,2018-01-13,MIN,WPG,4,1
20172018,2018-01-13,DAL,COL,1,4
20172018,2018-01-13,VGK,EDM,2,3
20172018,2018-01-13,LAK,ANA,2,4
20172018,2018-01-13,SJS,ARI,6,5
20172018,2018-01-14,CHI,DET,0,4
20172018,2018-01-14,CAR,CGY,1,4
20172018,2018-01-14,PIT,NYR,5,2
20172018,2018-01-14,MIN,VAN,2,3
20172018,2018-01-15,BOS,DAL,2,3
20172018,2018-01-15,COL,ANA,3,1
20172018,2018-01-15,LAK,SJS,1,4
20172018,2018-01-15,MTL,NYI,4,5
20172018,2018-01-16,TOR,STL,1,2
20172018,2018-01-16,NYI,NJD,1,4
20172018,2018-01-16,NYR,PHI,5,1
20172018,2018-01-16,DET,DAL,2,4
20172018,2018-01-16,NSH,VGK,1,0
20172018,2018-01-16,ARI,SJS,2,3
20172018,2018-01-17,BOS,MTL,4,1
20172018,2018-01-17,ANA,PIT,5,3
20172018,2018-01-18,NJD,WSH,4,3
20172018,2018-01-18,NYI,BOS,2,5
20172018,2018-01-18,PHI,TOR,3,2
20172018,2018-01-18,CBJ,DAL,2,1
20172018,2018-01-18,NYR,BUF,4,3
20172018,2018-01-18,OTT,STL,1,4
20172018,2018-01-18,TBL,VGK,1,4
20172018,2018-01-18,NSH,ARI,3,2
20172018,2018-01-18,COL,SJS,5,3
20172018,2018-01-18,LAK,PIT,1,3
20172018,2018-01-19,FLA,VGK,4,3
20172018,2018-01-19,WSH,MTL,2,3
20172018,2018-01-19,ANA,LAK,2,1
20172018,2018-01-20,BUF,DAL,1,7
20172018,2018-01-20,PHI,NJD,3,1
20172018,2018-01-20,COL,NYR,3,1
20172018,2018-01-20,CGY,WPG,1,2
20172018,2018-01-20,MTL,BOS,1,4
20172018,2018-01-20,OTT,TOR,3,4
20172018,2018-01-20,DET,CAR,1,3
20172018,2018-01-20,STL,ARI,2,5
20172018,2018-01-20,NSH,FLA,4,3
20172018,2018-01-20,SJS,PIT,2,1
20172018,2018-01-20,CHI,NYI,3,7
20172018,2018-01-20,MIN,TBL,5,2
20172018,2018-01-20,EDM,VAN,5,2
20172018,2018-01-21,WSH,PHI,1,2
20172018,2018-01-21,CAR,VGK,1,5
20172018,2018-01-21,WPG,VAN,1,0
20172018,2018-01-21,ANA,SJS,2,6
20172018,2018-01-21,LAK,NYR,4,2
20172018,2018-01-22,TOR,COL,2,4
20172018,2018-01-22,NJD,DET,0,3
20172018,2018-01-22,MIN,OTT,3,1
20172018,2018-01-22,CHI,TBL,0,2
20172018,2018-01-22,CGY,BUF,1,2
20172018,2018-01-22,ARI,NYI,3,2
20172018,2018-01-23,BOS,NJD,3,2
20172018,2018-01-23,PIT,CAR,3,1
20172018,2018-01-23,MTL,COL,4,2
20172018,2018-01-23,DET,PHI,2,3
20172018,2018-01-23,STL,OTT,3,0
20172018,2018-01-23,NSH,TBL,3,4
20172018,2018-01-23,DAL,FLA,6,1
20172018,2018-01-23,EDM,BUF,0,5
20172018,2018-01-23,VAN,LAK,6,2
20172018,2018-01-23,VGK,CBJ,6,3
20172018,2018-01-23,ANA,NYR,6,3
20172018,2018-01-23,SJS,WPG,4,5
20172018,2018-01-24,CHI,TOR,2,3
20172018,2018-01-24,CGY,LAK,1,2
20172018,2018-01-25,NJD,NSH,0,3
20172018,2018-01-25,PHI,TBL,1,5
20172018,2018-01-25,PIT,MIN,6,3
20172018,2018-01-25,MTL,CAR,5,6
20172018,2018-01-25,OTT,BOS,2,3
20172018,2018-01-25,DET,CHI,1,5
20172018,2018-01-25,FLA,WSH,2,4
20172018,2018-01-25,STL,COL,3,1
20172018,2018-01-25,DAL,TOR,1,4
20172018,2018-01-25,EDM,CGY,4,3
20172018,2018-01-25,ARI,CBJ,1,2
20172018,2018-01-25,VAN,BUF,0,4
20172018,2018-01-25,VGK,NYI,1,2
20172018,2018-01-25,ANA,WPG,4,3
20172018,2018-01-25,SJS,NYR,5,6
20172018,2018-01-30,BOS,ANA,1,3
20172018,2018-01-30,BUF,NJD,1,3
20172018,2018-01-30,NYI,FLA,1,4
20172018,2018-01-30,PIT,SJS,5,2
20172018,2018-01-30,CAR,OTT,2,1
20172018,2018-01-30,CBJ,MIN,2,3
20172018,2018-01-30,STL,MTL,3,1
20172018,2018-01-30,NSH,CHI,1,2
20172018,2018-01-30,WPG,TBL,3,1
20172018,2018-01-30,DAL,LAK,0,3
20172018,2018-01-30,CGY,VGK,2,4
20172018,2018-01-30,VAN,COL,4,3
20172018,2018-01-31,TOR,NYI,5,0
20172018,2018-01-31,DET,SJS,2,1
20172018,2018-01-31,WSH,PHI,5,3
20172018,2018-02-01,BOS,STL,3,1
20172018,2018-02-01,BUF,FLA,2,4
20172018,2018-02-01,NJD,PHI,4,3
20172018,2018-02-01,NYR,TOR,0,4
20172018,2018-02-01,CAR,MTL,2,0
20172018,2018-02-01,OTT,ANA,2,1
20172018,2018-02-01,WPG,VGK,2,3
20172018,2018-02-01,NSH,LAK,5,0
20172018,2018-02-01,CGY,TBL,4,7
20172018,2018-02-01,EDM,COL,3,4
20172018,2018-02-01,ARI,DAL,1,4
20172018,2018-02-01,VAN,CHI,4,2
20172018,2018-02-02,PIT,WSH,7,4
20172018,2018-02-02,CAR,DET,1,4
20172018,2018-02-02,CBJ,SJS,1,3
20172018,2018-02-02,MIN,VGK,5,2
20172018,2018-02-03,MTL,ANA,5,2
20172018,2018-02-03,PHI,OTT,3,4
20172018,2018-02-03,BOS,TOR,4,1
20172018,2018-02-03,BUF,STL,0,1
20172018,2018-02-03,FLA,DET,3,2
20172018,2018-02-03,NJD,PIT,3,1
20172018,2018-02-03,NYI,CBJ,4,3
20172018,2018-02-03,WPG,COL,3,0
20172018,2018-02-03,NSH,NYR,5,2
20172018,2018-02-03,DAL,MIN,6,1
20172018,2018-02-03,CGY,CHI,4,3
20172018,2018-02-03,VAN,TBL,2,4
20172018,2018-02-03,LAK,ARI,6,0
20172018,2018-02-04,WSH,VGK,3,4
20172018,2018-02-04,MTL,OTT,4,1
20172018,2018-02-04,CAR,SJS,1,3
20172018,2018-02-05,TOR,ANA,7,4
20172018,2018-02-05,NYI,NSH,4,5
20172018,2018-02-05,DAL,NYR,2,1
20172018,2018-02-05,EDM,TBL,6,2
20172018,2018-02-06,BUF,ANA,3,4
20172018,2018-02-06,PIT,VGK,5,4
20172018,2018-02-06,CAR,PHI,1,2
20172018,2018-02-06,CBJ,WSH,2,3
20172018,2018-02-06,OTT,NJD,5,3
20172018,2018-02-06,DET,BOS,2,3
20172018,2018-02-06,FLA,VAN,3,1
20172018,2018-02-06,STL,MIN,2,6
20172018,2018-02-06,WPG,ARI,4,3
20172018,2018-02-06,CHI,CGY,2,3
20172018,2018-02-06,COL,SJS,3,1
20172018,2018-02-07,TOR,NSH,3,2
20172018,2018-02-07,NYR,BOS,1,6
20172018,2018-02-07,LAK,EDM,5,2
20172018,2018-02-08,BUF,NYI,4,3
20172018,2018-02-08,NJD,CGY,2,3
20172018,2018-02-08,PHI,MTL,5,3
20172018,2018-02-08,OTT,NSH,4,3
20172018,2018-02-08,TBL,VAN,5,2
20172018,2018-02-08,STL,COL,6,1
20172018,2018-02-08,MIN,ARI,3,4
20172018,2018-02-08,CHI,DAL,2,4
20172018,2018-02-08,SJS,VGK,3,5
20172018,2018-02-09,NYI,DET,7,6
20172018,2018-02-09,NYR,CGY,4,3
20172018,2018-02-09,WSH,CBJ,4,2
20172018,2018-02-09,FLA,LAK,1,3
20172018,2018-02-09,CAR,VAN,4,1
20172018,2018-02-09,WPG,STL,2,5
20172018,2018-02-09,DAL,PIT,4,3
20172018,2018-02-09,ANA,EDM,3,2
20172018,2018-02-10,BOS,BUF,2,4
20172018,2018-02-10,TOR,OTT,6,3
20172018,2018-02-10,MTL,NSH,2,3
20172018,2018-02-10,TBL,LAK,4,3
20172018,2018-02-10,CBJ,NJD,6,1
20172018,2018-02-10,CAR,COL,3,1
20172018,2018-02-10,MIN,CHI,3,0
20172018,2018-02-10,ARI,PHI,3,4
20172018,2018-02-10,SJS,EDM,6,4
20172018,2018-02-11,STL,PIT,1,4
20172018,2018-02-11,WSH,DET,4,5
20172018,2018-02-11,WPG,NYR,1,3
20172018,2018-02-11,DAL,VAN,0,6
20172018,2018-02-11,BUF,COL,4,5
20172018,2018-02-11,NJD,BOS,3,5
20172018,2018-02-11,NYI,CGY,2,3
20172018,2018-02-11,VGK,PHI,1,4
20172018,2018-02-11,ANA,SJS,2,3
20172018,2018-02-12,TOR,TBL,4,3
20172018,2018-02-12,EDM,FLA,5,7
20172018,2018-02-12,ARI,CHI,6,1
20172018,2018-02-13,BOS,CGY,5,2
20172018,2018-02-13,BUF,TBL,5,3
20172018,2018-02-13,NYI,CBJ,1,4
20172018,2018-02-13,PHI,NJD,4,5
20172018,2018-02-13,PIT,OTT,6,3
20172018,2018-02-13,CAR,LAK,7,3
20172018,2018-02-13,DET,ANA,2,1
20172018,2018-02-13,NSH,STL,4,3
20172018,2018-02-13,MIN,NYR,3,2
20172018,2018-02-13,WPG,WSH,4,3
20172018,2018-02-13,VGK,CHI,5,2
20172018,2018-02-13,SJS,ARI,1,2
20172018,2018-02-14,TOR,CBJ,6,3
20172018,2018-02-14,COL,MTL,2,0
20172018,2018-02-14,VAN,FLA,3,4
20172018,2018-02-15,NJD,CAR,5,2
20172018,2018-02-15,NYI,NYR,3,0
20172018,2018-02-15,PIT,LAK,3,1
20172018,2018-02-15,OTT,BUF,3,2
20172018,2018-02-15,TBL,DET,4,1
20172018,2018-02-15,NSH,CGY,3,4
20172018,2018-02-15,MIN,WSH,2,5
20172018,2018-02-15,CHI,ANA,2,3
20172018,2018-02-15,ARI,MTL,5,2
20172018,2018-02-15,VGK,EDM,4,1
20172018,2018-02-15,SJS,VAN,4,1
20172018,2018-02-16,CBJ,PHI,1,2
20172018,2018-02-16,CAR,NYI,0,3
20172018,2018-02-16,WPG,COL,6,1
20172018,2018-02-16,DAL,STL,2,1
20172018,2018-02-17,BUF,LAK,2,4
20172018,2018-02-17,OTT,NYR,6,3
20172018,2018-02-17,MIN,ANA,2,3
20172018,2018-02-17,ARI,EDM,1,0
20172018,2018-02-17,TBL,NJD,3,4
20172018,2018-02-17,PIT,TOR,5,3
20172018,2018-02-17,VGK,MTL,6,3
20172018,2018-02-17,NSH,DET,1,3
20172018,2018-02-17,CHI,WSH,7,1
20172018,2018-02-17,CGY,FLA,3,6
20172018,2018-02-17,VAN,BOS,6,1
20172018,2018-02-18,NYR,PHI,4,7
20172018,2018-02-18,COL,EDM,2,4
20172018,2018-02-18,CAR,NJD,2,3
20172018,2018-02-18,CBJ,PIT,2,5
20172018,2018-02-18,DET,TOR,2,3
20172018,2018-02-18,WPG,FLA,7,2
20172018,2018-02-18,SJS,DAL,5,2
20172018,2018-02-19,NYI,MIN,3,5
20172018,2018-02-19,BUF,WSH,2,3
20172018,2018-02-19,CGY,BOS,1,2
20172018,2018-02-19,NSH,OTT,5,2
20172018,2018-02-19,CHI,LAK,1,3
20172018,2018-02-19,VGK,ANA,0,2
20172018,2018-02-20,TOR,FLA,1,0
20172018,2018-02-20,NJD,CBJ,1,2
20172018,2018-02-20,PHI,MTL,3,2
20172018,2018-02-20,WSH,TBL,2,4
20172018,2018-02-20,DET,NSH,2,3
20172018,2018-02-20,STL,SJS,2,3
20172018,2018-02-20,WPG,LAK,3,4
20172018,2018-02-20,EDM,BOS,2,3
20172018,2018-02-20,VAN,COL,4,5
20172018,2018-02-21,CHI,OTT,3,2
20172018,2018-02-21,ANA,DAL,2,0
20172018,2018-02-21,VGK,CGY,7,3
20172018,2018-02-22,TOR,NYI,4,3
20172018,2018-02-22,NJD,MIN,2,4
20172018,2018-02-22,PHI,CBJ,2,1
20172018,2018-02-22,MTL,NYR,3,1
20172018,2018-02-22,OTT,TBL,3,4
20172018,2018-02-22,DET,BUF,2,3
20172018,2018-02-22,FLA,WSH,3,2
20172018,2018-02-22,NSH,SJS,7,1
20172018,2018-02-22,EDM,COL,3,2
20172018,2018-02-22,ARI,CGY,2,5
20172018,2018-02-22,LAK,DAL,0,2
20172018,2018-02-23,NYR,MIN,1,4
20172018,2018-02-23,CAR,PIT,1,6
20172018,2018-02-23,STL,WPG,0,4
20172018,2018-02-23,CHI,SJS,3,1
20172018,2018-02-23,VGK,VAN,6,3
20172018,2018-02-24,OTT,PHI,3,5
20172018,2018-02-24,CGY,COL,5,1
20172018,2018-02-24,NJD,NYI,2,1
20172018,2018-02-24,TOR,BOS,4,3
20172018,2018-02-24,MTL,TBL,3,4
20172018,2018-02-24,DET,CAR,3,1
20172018,2018-02-24,FLA,PIT,6,5
20172018,2018-02-24,WSH,BUF,5,1
20172018,2018-02-24,CBJ,CHI,3,2
20172018,2018-02-24,DAL,WPG,3,5
20172018,2018-02-24,ARI,ANA,2,0
20172018,2018-02-24,LAK,EDM,3,4
20172018,2018-02-25,NSH,STL,4,0
20172018,2018-02-25,BUF,BOS,4,1
20172018,2018-02-25,NYR,DET,2,3
20172018,2018-02-25,MIN,SJS,3,2
20172018,2018-02-25,ANA,EDM,5,6
20172018,2018-02-25,ARI,VAN,1,3
20172018,2018-02-26,CBJ,WSH,5,1
20172018,2018-02-26,MTL,PHI,0,1
20172018,2018-02-26,TBL,TOR,4,3
20172018,2018-02-26,COL,VAN,3,1
20172018,2018-02-26,LAK,VGK,3,2
20172018,2018-02-27,BOS,CAR,4,3
20172018,2018-02-27,PIT,NJD,2,3
20172018,2018-02-27,WSH,OTT,3,2
20172018,2018-02-27,FLA,TOR,3,2
20172018,2018-02-27,MIN,STL,8,3
20172018,2018-02-27,WPG,NSH,5,6
20172018,2018-02-27,DAL,CGY,2,0
20172018,2018-02-27,VGK,LAK,1,4
20172018,2018-02-27,SJS,EDM,5,2
20172018,2018-02-28,MTL,NYI,3,1
20172018,2018-02-28,TBL,BUF,1,2
20172018,2018-02-28,STL,DET,2,1
20172018,2018-02-28,COL,CGY,5,2
20172018,2018-02-28,VAN,NYR,5,6
20172018,2018-03-01,BOS,PIT,8,4
20172018,2018-03-01,PHI,CAR,1,4
20172018,2018-03-01,FLA,NJD,3,2
20172018,2018-03-01,DAL,TBL,4,5
20172018,2018-03-01,EDM,NSH,2,4
20172018,2018-03-01,ARI,MIN,5,3
20172018,2018-03-01,SJS,CHI,7,2
20172018,2018-03-01,LAK,CBJ,5,2
20172018,2018-03-02,NYI,MTL,3,6
20172018,2018-03-02,FLA,BUF,4,1
20172018,2018-03-02,CAR,NJD,3,1
20172018,2018-03-02,WPG,DET,4,3
20172018,2018-03-02,COL,MIN,7,1
20172018,2018-03-02,CGY,NYR,1,3
20172018,2018-03-02,VAN,NSH,3,4
20172018,2018-03-02,VGK,OTT,4,5
20172018,2018-03-02,ANA,CBJ,4,2
20172018,2018-03-03,TBL,PHI,7,6
20172018,2018-03-03,DAL,STL,3,2
20172018,2018-03-03,LAK,CHI,3,5
20172018,2018-03-03,BOS,MTL,2,1
20172018,2018-03-03,PIT,NYI,3,2
20172018,2018-03-03,WSH,TOR,5,2
20172018,2018-03-03,ARI,OTT,2,1
20172018,2018-03-03,EDM,NYR,2,3
20172018,2018-03-04,FLA,PHI,4,1
20172018,2018-03-04,COL,NSH,3,4
20172018,2018-03-04,ANA,CHI,6,3
20172018,2018-03-04,NJD,VGK,2,3
20172018,2018-03-04,CAR,WPG,2,3
20172018,2018-03-04,MIN,DET,4,1
20172018,2018-03-04,SJS,CBJ,2,4
20172018,2018-03-05,PIT,CGY,4,3
20172018,2018-03-05,BUF,TOR,5,3
20172018,2018-03-05,DAL,OTT,2,3
20172018,2018-03-05,EDM,ARI,4,3
20172018,2018-03-05,VAN,NYI,4,3
20172018,2018-03-06,BOS,DET,6,5
20172018,2018-03-06,NJD,MTL,6,4
20172018,2018-03-06,NYR,WPG,0,3
20172018,2018-03-06,CBJ,VGK,4,1
20172018,2018-03-06,TBL,FLA,5,4
20172018,2018-03-06,NSH,DAL,2,0
20172018,2018-03-06,MIN,CAR,6,2
20172018,2018-03-06,CHI,COL,2,1
20172018,2018-03-06,ANA,WSH,4,0
20172018,2018-03-07,BUF,CGY,1,5
20172018,2018-03-07,PHI,PIT,2,5
20172018,2018-03-07,VAN,ARI,1,2
20172018,2018-03-08,BOS,PHI,3,2
20172018,2018-03-08,NJD,WPG,2,3
20172018,2018-03-08,CBJ,COL,5,4
20172018,2018-03-08,OTT,BUF,3,4
20172018,2018-03-08,DET,VGK,0,4
20172018,2018-03-08,TBL,NYR,5,3
20172018,2018-03-08,FLA,MTL,5,0
20172018,2018-03-08,NSH,ANA,4,2
20172018,2018-03-08,CHI,CAR,2,3
20172018,2018-03-08,EDM,NYI,2,1
20172018,2018-03-08,LAK,WSH,3,1
20172018,2018-03-08,SJS,STL,2,0
20172018,2018-03-09,CBJ,DET,3,2
20172018,2018-03-09,OTT,CGY,1,2
20172018,2018-03-09,DAL,ANA,2,1
20172018,2018-03-09,VAN,MIN,2,5
20172018,2018-03-10,BOS,CHI,7,4
20172018,2018-03-10,BUF,VGK,1,2
20172018,2018-03-10,TBL,MTL,3,2
20172018,2018-03-10,PHI,WPG,2,1
20172018,2018-03-10,COL,ARI,5,2
20172018,2018-03-10,LAK,STL,2,7
20172018,2018-03-10,SJS,WSH,0,2
20172018,2018-03-10,TOR,PIT,5,2
20172018,2018-03-10,FLA,NYR,4,3
20172018,2018-03-10,NSH,NJD,2,3
20172018,2018-03-10,EDM,MIN,4,1
20172018,2018-03-11,CHI,BOS,3,1
20172018,2018-03-11,CGY,NYI,2,5
20172018,2018-03-11,PIT,DAL,3,1
20172018,2018-03-11,ARI,VAN,1,0
20172018,2018-03-12,NYR,CAR,6,3
20172018,2018-03-12,PHI,VGK,2,3
20172018,2018-03-12,WSH,WPG,3,2
20172018,2018-03-12,CBJ,MTL,5,2
20172018,2018-03-12,FLA,OTT,3,5
20172018,2018-03-12,ANA,STL,2,4
20172018,2018-03-12,LAK,VAN,3,0
20172018,2018-03-12,SJS,DET,5,3
20172018,2018-03-13,CAR,BOS,4,6
20172018,2018-03-13,MTL,DAL,4,2
20172018,2018-03-13,TBL,OTT,4,7
20172018,2018-03-13,NSH,WPG,3,1
20172018,2018-03-13,MIN,COL,1,5
20172018,2018-03-13,CGY,EDM,1,0
20172018,2018-03-13,ARI,LAK,4,3
20172018,2018-03-14,TOR,DAL,6,5
20172018,2018-03-14,NYR,PIT,4,3
20172018,2018-03-14,EDM,SJS,3,4
20172018,2018-03-14,VGK,NJD,3,8
20172018,2018-03-14,ANA,VAN,3,0
20172018,2018-03-15,BUF,TOR,2,5
20172018,2018-03-15,NYI,WSH,3,7
20172018,2018-03-15,PHI,CBJ,3,5
20172018,2018-03-15,MTL,PIT,3,5
20172018,2018-03-15,FLA,BOS,3,0
20172018,2018-03-15,STL,COL,1,4
20172018,2018-03-15,WPG,CHI,6,2
20172018,2018-03-15,ARI,NSH,2,3
20172018,2018-03-15,LAK,DET,4,1
20172018,2018-03-16,WSH,NYI,6,3
20172018,2018-03-16,OTT,DAL,3,2
20172018,2018-03-16,COL,NSH,2,4
20172018,2018-03-16,CGY,SJS,4,7
20172018,2018-03-16,ANA,DET,4,2
20172018,2018-03-16,VGK,MIN,2,4
20172018,2018-03-17,BUF,CHI,5,3
20172018,2018-03-17,FLA,EDM,2,4
20172018,2018-03-17,LAK,NJD,0,3
20172018,2018-03-17,TOR,MTL,4,0
20172018,2018-03-17,TBL,BOS,0,3
20172018,2018-03-17,CAR,PHI,2,4
20172018,2018-03-17,CBJ,OTT,2,1
20172018,2018-03-17,STL,NYR,4,3
20172018,2018-03-17,ARI,MIN,1,3
20172018,2018-03-17,VAN,SJS,3,5
20172018,2018-03-18,COL,DET,5,1
20172018,2018-03-18,VGK,CGY,4,0
20172018,2018-03-18,TBL,EDM,3,1
20172018,2018-03-18,NYI,CAR,3,4
20172018,2018-03-18,PHI,WSH,6,3
20172018,2018-03-18,CHI,STL,4,5
20172018,2018-03-18,WPG,DAL,4,2
20172018,2018-03-18,ANA,NJD,4,2
20172018,2018-03-19,BOS,CBJ,4,5
20172018,2018-03-19,BUF,NSH,0,4
20172018,2018-03-19,MTL,FLA,0,2
20172018,2018-03-19,MIN,LAK,3,4
20172018,2018-03-19,ARI,CGY,5,2
20172018,2018-03-20,NYI,PIT,4,1
20172018,2018-03-20,NYR,CBJ,3,5
20172018,2018-03-20,WSH,DAL,4,3
20172018,2018-03-20,CAR,EDM,3,7
20172018,2018-03-20,OTT,FLA,2,7
20172018,2018-03-20,DET,PHI,5,4
20172018,2018-03-20,TBL,TOR,4,3
20172018,2018-03-20,WPG,LAK,2,1
20172018,2018-03-20,CHI,COL,1,5
20172018,2018-03-20,VGK,VAN,4,1
20172018,2018-03-20,SJS,NJD,6,2
20172018,2018-03-21,BUF,ARI,1,4
20172018,2018-03-21,PIT,MTL,5,3
20172018,2018-03-21,STL,BOS,2,1
20172018,2018-03-21,CGY,ANA,0,4
20172018,2018-03-22,NYI,TBL,6,7
20172018,2018-03-22,PHI,NYR,4,3
20172018,2018-03-22,CAR,ARI,6,5
20172018,2018-03-22,CBJ,FLA,4,0
20172018,2018-03-22,OTT,EDM,2,6
20172018,2018-03-22,DET,WSH,0,1
20172018,2018-03-22,NSH,TOR,2,5
20172018,2018-03-22,CHI,VAN,2,5
20172018,2018-03-22,COL,LAK,1,7
20172018,2018-03-22,SJS,VGK,2,1
20172018,2018-03-23,BUF,MTL,0,3
20172018,2018-03-23,PIT,NJD,3,4
20172018,2018-03-23,STL,VAN,4,1
20172018,2018-03-23,WPG,ANA,3,2
20172018,2018-03-23,DAL,BOS,2,3
20172018,2018-03-24,COL,VGK,2,1
20172018,2018-03-24,SJS,CGY,5,1
20172018,2018-03-24,TOR,DET,4,3
20172018,2018-03-24,MTL,WSH,4,6
20172018,2018-03-24,OTT,CAR,2,5
20172018,2018-03-24,FLA,ARI,4,2
20172018,2018-03-24,NJD,TBL,2,1
20172018,2018-03-24,NYI,CHI,1,3
20172018,2018-03-24,NYR,BUF,5,1
20172018,2018-03-24,CBJ,STL,1,2
20172018,2018-03-24,MIN,NSH,4,1
20172018,2018-03-24,EDM,LAK,3,2
20172018,2018-03-25,PIT,PHI,5,4
20172018,2018-03-25,DAL,VAN,1,4
20172018,2018-03-25,WPG,NSH,5,4
20172018,2018-03-25,MIN,BOS,1,2
20172018,2018-03-25,EDM,ANA,4,5
20172018,2018-03-26,TOR,BUF,2,3
20172018,2018-03-26,NYI,FLA,0,3
20172018,2018-03-26,CAR,OTT,4,1
20172018,2018-03-26,NYR,WSH,2,4
20172018,2018-03-26,MTL,DET,4,2
20172018,2018-03-26,TBL,ARI,1,4
20172018,2018-03-26,CHI,SJS,3,4
20172018,2018-03-26,VGK,COL,4,1
20172018,2018-03-26,LAK,CGY,3,0
20172018,2018-03-27,NJD,CAR,4,3
20172018,2018-03-27,OTT,NYI,3,4
20172018,2018-03-27,DET,PIT,5,2
20172018,2018-03-27,STL,SJS,3,2
20172018,2018-03-27,NSH,MIN,2,1
20172018,2018-03-27,WPG,BOS,5,4
20172018,2018-03-27,DAL,PHI,3,2
20172018,2018-03-27,EDM,CBJ,3,7
20172018,2018-03-27,VAN,ANA,4,1
20172018,2018-03-28,TOR,FLA,4,3
20172018,2018-03-28,WSH,NYR,3,2
20172018,2018-03-28,COL,PHI,1,2
20172018,2018-03-28,VGK,ARI,2,3
20172018,2018-03-29,BOS,TBL,4,2
20172018,2018-03-29,BUF,DET,3,6
20172018,2018-03-29,NJD,PIT,3,4
20172018,2018-03-29,OTT,FLA,3,2
20172018,2018-03-29,NSH,SJS,5,3
20172018,2018-03-29,MIN,DAL,5,2
20172018,2018-03-29,CHI,WPG,6,2
20172018,2018-03-29,CGY,CBJ,1,5
20172018,2018-03-29,VAN,EDM,2,1
20172018,2018-03-29,LAK,ARI,4,2
20172018,2018-03-30,NYI,TOR,4,5
20172018,2018-03-30,NYR,TBL,3,7
20172018,2018-03-30,WSH,CAR,1,4
20172018,2018-03-30,COL,CHI,5,0
20172018,2018-03-30,ANA,LAK,2,1
20172018,2018-03-30,VGK,STL,4,3
20172018,2018-03-31,BOS,FLA,5,1
20172018,2018-03-31,DET,OTT,2,0
20172018,2018-03-31,VAN,CBJ,5,4
20172018,2018-03-31,TOR,WPG,1,3
20172018,2018-03-31,NJD,NYI,4,3
20172018,2018-03-31,PIT,MTL,5,2
20172018,2018-03-31,CAR,NYR,1,2
20172018,2018-03-31,NSH,BUF,4,7
20172018,2018-03-31,DAL,MIN,4,1
20172018,2018-03-31,ARI,STL,6,0
20172018,2018-03-31,CGY,EDM,3,2
20172018,2018-03-31,VGK,SJS,3,2
20172018,2018-04-01,PHI,BOS,4,3
20172018,2018-04-01,TBL,NSH,1,4
20172018,2018-04-01,MTL,NJD,1,2
20172018,2018-04-01,PIT,WSH,1,3
20172018,2018-04-01,ANA,COL,4,3
20172018,2018-04-02,TOR,BUF,5,2
20172018,2018-04-02,OTT,WPG,5,6
20172018,2018-04-02,FLA,CAR,3,2
20172018,2018-04-02,STL,WSH,2,4
20172018,2018-04-02,MIN,EDM,3,0
20172018,2018-04-02,LAK,COL,3,1
20172018,2018-04-03,NJD,NYR,5,2
20172018,2018-04-03,NYI,PHI,5,4
20172018,2018-04-03,CBJ,DET,5,4
20172018,2018-04-03,MTL,WPG,4,5
20172018,2018-04-03,TBL,BOS,4,0
20172018,2018-04-03,FLA,NSH,2,1
20172018,2018-04-03,CGY,ARI,1,4
20172018,2018-04-03,VAN,VGK,4,5
20172018,2018-04-03,SJS,DAL,2,4
20172018,2018-04-04,BUF,OTT,2,4
20172018,2018-04-04,STL,CHI,3,4
20172018,2018-04-04,ANA,MIN,3,1
20172018,2018-04-05,NJD,TOR,2,1
20172018,2018-04-05,NYI,NYR,2,1
20172018,2018-04-05,PHI,CAR,4,3
20172018,2018-04-05,WSH,NSH,3,4
20172018,2018-04-05,CBJ,PIT,4,5
20172018,2018-04-05,DET,MTL,3,4
20172018,2018-04-05,FLA,BOS,3,2
20172018,2018-04-05,WPG,CGY,2,1
20172018,2018-04-05,EDM,VGK,4,3
20172018,2018-04-05,VAN,ARI,4,3
20172018,2018-04-05,LAK,MIN,5,4
20172018,2018-04-05,SJS,COL,4,2
20172018,2018-04-06,PIT,OTT,4,0
20172018,2018-04-06,TBL,BUF,7,5
20172018,2018-04-06,CHI,STL,1,4
20172018,2018-04-06,ANA,DAL,5,3
20172018,2018-04-07,PHI,NYR,5,0
20172018,2018-04-07,BOS,OTT,5,2
20172018,2018-04-07,TOR,MTL,4,2
20172018,2018-04-07,DET,NYI,3,4
20172018,2018-04-07,FLA,BUF,4,3
20172018,2018-04-07,WSH,NJD,5,3
20172018,2018-04-07,CAR,TBL,3,2
20172018,2018-04-07,WPG,CHI,4,1
20172018,2018-04-07,NSH,CBJ,4,2
20172018,2018-04-07,COL,STL,5,2
20172018,2018-04-07,ARI,ANA,0,3
20172018,2018-04-07,CGY,VGK,7,1
20172018,2018-04-07,EDM,VAN,3,2
20172018,2018-04-07,LAK,DAL,2,4
20172018,2018-04-07,SJS,MIN,3,6
20172018,2018-04-08,BOS,FLA,2,4
20182019,2018-10-03,TOR,MTL,3,2
20182019,2018-10-03,WSH,BOS,7,0
20182019,2018-10-03,VAN,CGY,5,2
20182019,2018-10-03,SJS,ANA,2,5
20182019,2018-10-04,BUF,BOS,0,4
20182019,2018-10-04,PIT,WSH,7,6
20182019,2018-10-04,CAR,NYI,1,2
20182019,2018-10-04,NYR,NSH,2,3
20182019,2018-10-04,OTT,CHI,3,4
20182019,2018-10-04,DET,CBJ,2,3
20182019,2018-10-04,STL,WPG,1,5
20182019,2018-10-04,DAL,ARI,3,0
20182019,2018-10-04,COL,MIN,4,1
20182019,2018-10-04,VGK,PHI,2,5
20182019,2018-10-05,CBJ,CAR,1,3
20182019,2018-10-05,LAK,SJS,2,3
20182019,2018-10-06,NJD,EDM,5,2
20182019,2018-10-06,BUF,NYR,3,1
20182019,2018-10-06,TOR,OTT,3,5
20182019,2018-10-06,TBL,FLA,2,1
20182019,2018-10-06,NYI,NSH,3,4
20182019,2018-10-06,PIT,MTL,1,5
20182019,2018-10-06,DAL,WPG,5,1
20182019,2018-10-06,STL,CHI,4,5
20182019,2018-10-06,MIN,VGK,1,2
20182019,2018-10-06,COL,PHI,5,2
20182019,2018-10-06,ARI,ANA,0,1
20182019,2018-10-06,CGY,VAN,7,4
20182019,2018-10-07,CAR,NYR,8,5
20182019,2018-10-07,CHI,TOR,6,7
20182019,2018-10-07,LAK,DET,4,2
20182019,2018-10-08,BOS,OTT,6,3
20182019,2018-10-08,NYI,SJS,4,0
20182019,2018-10-08,BUF,VGK,4,2
20182019,2018-10-08,ANA,DET,3,2
20182019,2018-10-09,PHI,SJS,2,8
20182019,2018-10-09,CAR,VAN,5,3
20182019,2018-10-09,CBJ,COL,5,2
20182019,2018-10-09,NSH,CGY,0,3
20182019,2018-10-09,WPG,LAK,2,1
20182019,2018-10-09,DAL,TOR,4,7
20182019,2018-10-10,OTT,PHI,4,7
20182019,2018-10-10,WSH,VGK,5,2
20182019,2018-10-10,ANA,ARI,2,3
20182019,2018-10-11,BOS,EDM,4,1
20182019,2018-10-11,BUF,COL,1,6
20182019,2018-10-11,FLA,CBJ,4,5
20182019,2018-10-11,NJD,WSH,6,0
20182019,2018-10-11,NYR,SJS,3,2
20182019,2018-10-11,PIT,VGK,4,2
20182019,2018-10-11,MTL,LAK,0,3
20182019,2018-10-11,DET,TOR,3,5
20182019,2018-10-11,TBL,VAN,1,4
20182019,2018-10-11,STL,CGY,5,3
20182019,2018-10-11,NSH,WPG,3,0
20182019,2018-10-11,MIN,CHI,4,3
20182019,2018-10-13,NYR,EDM,1,2
20182019,2018-10-13,PHI,VGK,0,1
20182019,2018-10-13,OTT,LAK,5,1
20182019,2018-10-13,BOS,DET,8,2
20182019,2018-10-13,MIN,CAR,4,5
20182019,2018-10-13,MTL,PIT,4,3
20182019,2018-10-13,TBL,CBJ,8,2
20182019,2018-10-13,FLA,VAN,2,3
20182019,2018-10-13,WSH,TOR,2,4
20182019,2018-10-13,NSH,NYI,5,2
20182019,2018-10-13,DAL,ANA,5,3
20182019,2018-10-13,CHI,STL,4,3
20182019,2018-10-13,ARI,BUF,0,3
20182019,2018-10-13,COL,CGY,2,3
20182019,2018-10-14,NJD,SJS,3,2
20182019,2018-10-14,STL,ANA,2,3
20182019,2018-10-14,WPG,CAR,3,1
20182019,2018-10-15,TOR,LAK,4,1
20182019,2018-10-15,MTL,DET,7,3
20182019,2018-10-15,OTT,DAL,4,1
20182019,2018-10-15,NSH,MIN,4,2
20182019,2018-10-16,NJD,DAL,3,0
20182019,2018-10-16,NYR,COL,3,2
20182019,2018-10-16,PHI,FLA,6,5
20182019,2018-10-16,PIT,VAN,2,3
20182019,2018-10-16,TBL,CAR,4,2
20182019,2018-10-16,MIN,ARI,2,1
20182019,2018-10-16,WPG,EDM,4,5
20182019,2018-10-16,VGK,BUF,4,1
20182019,2018-10-17,MTL,STL,3,2
20182019,2018-10-17,WSH,NYR,4,3
20182019,2018-10-17,CGY,BOS,5,2
20182019,2018-10-17,ANA,NYI,4,1
20182019,2018-10-18,TOR,PIT,0,3
20182019,2018-10-18,NJD,COL,3,5
20182019,2018-10-18,CBJ,PHI,6,3
20182019,2018-10-18,TBL,DET,3,1
20182019,2018-10-18,WPG,VAN,4,1
20182019,2018-10-18,CHI,ARI,1,4
20182019,2018-10-18,EDM,BOS,3,2
20182019,2018-10-18,LAK,NYI,2,7
20182019,2018-10-18,SJS,BUF,5,1
20182019,2018-10-19,WSH,FLA,5,6
20182019,2018-10-19,DAL,MIN,1,3
20182019,2018-10-19,CGY,NSH,3,5
20182019,2018-10-20,PHI,NJD,5,2
20182019,2018-10-20,CAR,COL,1,3
20182019,2018-10-20,LAK,BUF,1,5
20182019,2018-10-20,WPG,ARI,5,3
20182019,2018-10-20,TOR,STL,1,4
20182019,2018-10-20,OTT,MTL,4,3
20182019,2018-10-20,FLA,DET,3,4
20182019,2018-10-20,CBJ,CHI,1,4
20182019,2018-10-20,MIN,TBL,5,4
20182019,2018-10-20,EDM,NSH,0,3
20182019,2018-10-20,VAN,BOS,2,1
20182019,2018-10-20,VGK,ANA,3,1
20182019,2018-10-20,SJS,NYI,4,1
20182019,2018-10-21,NYR,CGY,1,4
20182019,2018-10-21,CHI,TBL,3,6
20182019,2018-10-21,ANA,BUF,2,4
20182019,2018-10-22,PHI,COL,1,4
20182019,2018-10-22,DET,CAR,1,3
20182019,2018-10-22,WPG,STL,5,4
20182019,2018-10-22,VAN,WSH,2,5
20182019,2018-10-23,NYR,FLA,5,2
20182019,2018-10-23,CBJ,ARI,1,4
20182019,2018-10-23,MTL,CGY,3,2
20182019,2018-10-23,OTT,BOS,1,4
20182019,2018-10-23,NSH,SJS,4,5
20182019,2018-10-23,CHI,ANA,3,1
20182019,2018-10-23,DAL,LAK,4,2
20182019,2018-10-23,EDM,PIT,5,6
20182019,2018-10-24,NYI,FLA,2,3
20182019,2018-10-24,WPG,TOR,2,4
20182019,2018-10-24,COL,TBL,0,1
20182019,2018-10-24,VGK,VAN,2,3
20182019,2018-10-25,BOS,PHI,3,0
20182019,2018-10-25,BUF,MTL,4,3
20182019,2018-10-25,NJD,NSH,3,4
20182019,2018-10-25,STL,CBJ,4,7
20182019,2018-10-25,MIN,LAK,4,1
20182019,2018-10-25,CHI,NYR,4,1
20182019,2018-10-25,DAL,ANA,5,2
20182019,2018-10-25,CGY,PIT,1,9
20182019,2018-10-25,EDM,WSH,4,1
20182019,2018-10-25,ARI,VAN,4,1
20182019,2018-10-26,VGK,TBL,2,3
20182019,2018-10-26,DET,WPG,1,2
20182019,2018-10-26,CAR,SJS,4,3
20182019,2018-10-26,COL,OTT,6,3
20182019,2018-10-27,NJD,FLA,3,2
20182019,2018-10-27,PHI,NYI,1,6
20182019,2018-10-27,NSH,EDM,3,5
20182019,2018-10-27,CGY,WSH,3,4
20182019,2018-10-27,BOS,MTL,0,3
20182019,2018-10-27,TOR,WPG,3,2
20182019,2018-10-27,CBJ,BUF,5,4
20182019,2018-10-27,STL,CHI,7,3
20182019,2018-10-27,MIN,COL,3,2
20182019,2018-10-27,ARI,TBL,7,1
20182019,2018-10-27,VAN,PIT,0,5
20182019,2018-10-28,LAK,NYR,4,3
20182019,2018-10-28,DET,DAL,4,2
20182019,2018-10-28,CAR,NYI,1,2
20182019,2018-10-28,CHI,EDM,1,2
20182019,2018-10-28,VGK,OTT,4,3
20182019,2018-10-28,ANA,SJS,3,4
20182019,2018-10-29,TOR,CGY,1,3
20182019,2018-10-29,VAN,MIN,5,2
20182019,2018-10-30,BUF,CGY,1,2
20182019,2018-10-30,PIT,NYI,3,6
20182019,2018-10-30,CAR,BOS,2,3
20182019,2018-10-30,CBJ,DET,3,5
20182019,2018-10-30,MTL,DAL,1,4
20182019,2018-10-30,TBL,NJD,8,3
20182019,2018-10-30,NSH,VGK,4,1
20182019,2018-10-30,EDM,MIN,3,4
20182019,2018-10-30,ARI,OTT,5,1
20182019,2018-10-30,ANA,PHI,2,3
20182019,2018-10-30,SJS,NYR,3,4
20182019,2018-10-31,VAN,CHI,4,2
20182019,2018-11-01,FLA,WPG,2,4
20182019,2018-11-01,TOR,DAL,1,2
20182019,2018-11-01,NYI,PIT,3,2
20182019,2018-11-01,MTL,WSH,6,4
20182019,2018-11-01,OTT,BUF,4,2
20182019,2018-11-01,DET,NJD,4,3
20182019,2018-11-01,TBL,NSH,1,4
20182019,2018-11-01,STL,VGK,5,3
20182019,2018-11-01,CGY,COL,6,5
20182019,2018-11-01,EDM,CHI,4,0
20182019,2018-11-01,ANA,NYR,2,3
20182019,2018-11-01,LAK,PHI,2,5
20182019,2018-11-01,SJS,CBJ,1,4
20182019,2018-11-02,WPG,FLA,2,4
20182019,2018-11-02,VAN,COL,7,6
20182019,2018-11-02,ARI,CAR,4,3
20182019,2018-11-03,BUF,OTT,9,2
20182019,2018-11-03,MTL,TBL,1,4
20182019,2018-11-03,DET,EDM,3,4
20182019,2018-11-03,NYI,NJD,3,0
20182019,2018-11-03,PIT,TOR,0,5
20182019,2018-11-03,WSH,DAL,3,4
20182019,2018-11-03,STL,MIN,1,5
20182019,2018-11-03,NSH,BOS,1,0
20182019,2018-11-03,CGY,CHI,5,3
20182019,2018-11-03,VGK,CAR,3,0
20182019,2018-11-03,LAK,CBJ,4,1
20182019,2018-11-03,SJS,PHI,4,3
20182019,2018-11-04,OTT,TBL,3,4
20182019,2018-11-04,NYR,BUF,3,1
20182019,2018-11-04,ANA,CBJ,3,2
20182019,2018-11-05,BOS,DAL,2,1
20182019,2018-11-05,NYI,MTL,3,4
20182019,2018-11-05,PIT,NJD,1,5
20182019,2018-11-05,WSH,EDM,4,2
20182019,2018-11-05,ARI,PHI,2,5
20182019,2018-11-06,TOR,VGK,3,1
20182019,2018-11-06,NYR,MTL,5,3
20182019,2018-11-06,CBJ,DAL,4,1
20182019,2018-11-06,OTT,NJD,7,3
20182019,2018-11-06,DET,VAN,3,2
20182019,2018-11-06,TBL,EDM,5,2
20182019,2018-11-06,STL,CAR,4,1
20182019,2018-11-06,LAK,ANA,4,1
20182019,2018-11-06,SJS,MIN,4,3
20182019,2018-11-07,WSH,PIT,2,1
20182019,2018-11-07,COL,NSH,1,4
20182019,2018-11-07,ANA,CGY,3,2
20182019,2018-11-08,BOS,VAN,5,8
20182019,2018-11-08,FLA,EDM,4,1
20182019,2018-11-08,PHI,ARI,5,4
20182019,2018-11-08,MTL,BUF,5,6
20182019,2018-11-08,OTT,VGK,3,5
20182019,2018-11-08,TBL,NYI,4,2
20182019,2018-11-08,CHI,CAR,3,4
20182019,2018-11-08,DAL,SJS,4,3
20182019,2018-11-08,LAK,MIN,1,3
20182019,2018-11-09,TOR,NJD,6,1
20182019,2018-11-09,WSH,CBJ,1,2
20182019,2018-11-09,DET,NYR,3,2
20182019,2018-11-09,STL,SJS,4,0
20182019,2018-11-09,WPG,COL,5,2
20182019,2018-11-09,ANA,MIN,1,5
20182019,2018-11-10,BUF,VAN,4,3
20182019,2018-11-10,PHI,CHI,4,0
20182019,2018-11-10,DAL,NSH,4,5
20182019,2018-11-10,BOS,TOR,5,1
20182019,2018-11-10,MTL,VGK,5,4
20182019,2018-11-10,TBL,OTT,4,6
20182019,2018-11-10,FLA,NYI,4,2
20182019,2018-11-10,PIT,ARI,4,0
20182019,2018-11-10,CAR,DET,3,4
20182019,2018-11-10,CBJ,NYR,4,5
20182019,2018-11-10,LAK,CGY,0,1
20182019,2018-11-11,STL,MIN,2,3
20182019,2018-11-11,FLA,OTT,5,1
20182019,2018-11-11,WSH,ARI,1,4
20182019,2018-11-11,BOS,VGK,4,1
20182019,2018-11-11,WPG,NJD,5,2
20182019,2018-11-11,SJS,CGY,3,1
20182019,2018-11-11,EDM,COL,1,4
20182019,2018-11-12,NYR,VAN,2,1
20182019,2018-11-12,CAR,CHI,3,2
20182019,2018-11-12,DAL,CBJ,1,2
20182019,2018-11-12,ANA,NSH,2,1
20182019,2018-11-13,NJD,PIT,4,2
20182019,2018-11-13,NYI,VAN,5,2
20182019,2018-11-13,PHI,FLA,1,2
20182019,2018-11-13,BUF,TBL,2,1
20182019,2018-11-13,DET,ARI,6,1
20182019,2018-11-13,MIN,WSH,2,5
20182019,2018-11-13,EDM,MTL,6,2
20182019,2018-11-13,LAK,TOR,1,5
20182019,2018-11-13,SJS,NSH,5,4
20182019,2018-11-14,CHI,STL,1,0
20182019,2018-11-14,WPG,WSH,3,1
20182019,2018-11-14,COL,BOS,6,3
20182019,2018-11-14,VGK,ANA,5,0
20182019,2018-11-15,NYI,NYR,7,5
20182019,2018-11-15,PHI,NJD,0,3
20182019,2018-11-15,PIT,TBL,3,4
20182019,2018-11-15,CBJ,FLA,7,3
20182019,2018-11-15,OTT,DET,2,1
20182019,2018-11-15,MIN,VAN,6,2
20182019,2018-11-15,CGY,MTL,2,3
20182019,2018-11-15,ARI,NSH,2,1
20182019,2018-11-15,SJS,TOR,3,5
20182019,2018-11-16,DAL,BOS,1,0
20182019,2018-11-16,WPG,BUF,1,2
20182019,2018-11-16,CHI,LAK,1,2
20182019,2018-11-16,COL,WSH,2,3
20182019,2018-11-16,VGK,STL,1,4
20182019,2018-11-16,ANA,TOR,1,2
20182019,2018-11-17,NJD,DET,2,3
20182019,2018-11-17,PHI,TBL,5,6
20182019,2018-11-17,MIN,BUF,2,3
20182019,2018-11-17,OTT,PIT,6,4
20182019,2018-11-17,NYR,FLA,4,2
20182019,2018-11-17,CAR,CBJ,1,4
20182019,2018-11-17,VAN,MTL,2,3
20182019,2018-11-17,NSH,LAK,5,3
20182019,2018-11-17,ARI,BOS,1,2
20182019,2018-11-17,CGY,EDM,4,2
20182019,2018-11-17,SJS,STL,4,0
20182019,2018-11-18,NYI,DAL,2,6
20182019,2018-11-18,CAR,NJD,2,1
20182019,2018-11-18,CHI,MIN,3,1
20182019,2018-11-18,EDM,VGK,3,6
20182019,2018-11-18,ANA,COL,3,4
20182019,2018-11-19,TOR,CBJ,4,2
20182019,2018-11-19,NYR,DAL,2,1
20182019,2018-11-19,PIT,BUF,4,5
20182019,2018-11-19,MTL,WSH,4,5
20182019,2018-11-19,OTT,FLA,5,7
20182019,2018-11-19,STL,LAK,0,2
20182019,2018-11-19,NSH,TBL,3,2
20182019,2018-11-19,CGY,VGK,7,2
20182019,2018-11-19,VAN,WPG,3,6
20182019,2018-11-20,SJS,EDM,3,4
20182019,2018-11-21,NJD,MTL,5,2
20182019,2018-11-21,NYR,NYI,5,0
20182019,2018-11-21,PIT,DAL,5,1
20182019,2018-11-21,WSH,CHI,4,2
20182019,2018-11-21,CAR,TOR,5,2
20182019,2018-11-21,BUF,PHI,5,2
20182019,2018-11-21,DET,BOS,3,2
20182019,2018-11-21,TBL,FLA,7,3
20182019,2018-11-21,NSH,STL,4,1
20182019,2018-11-21,MIN,OTT,6,4
20182019,2018-11-21,ARI,VGK,2,3
20182019,2018-11-21,CGY,WPG,6,3
20182019,2018-11-21,ANA,VAN,4,3
20182019,2018-11-21,LAK,COL,3,7
20182019,2018-11-23,PHI,NYR,4,0
20182019,2018-11-23,BUF,MTL,3,2
20182019,2018-11-23,NJD,NYI,3,4
20182019,2018-11-23,WSH,DET,3,1
20182019,2018-11-23,MIN,WPG,4,2
20182019,2018-11-23,ANA,EDM,2,1
20182019,2018-11-23,VGK,CGY,2,0
20182019,2018-11-23,CBJ,TOR,4,2
20182019,2018-11-23,BOS,PIT,2,1
20182019,2018-11-23,TBL,CHI,4,2
20182019,2018-11-23,CAR,FLA,4,1
20182019,2018-11-23,STL,NSH,6,2
20182019,2018-11-23,DAL,OTT,6,4
20182019,2018-11-23,ARI,COL,1,5
20182019,2018-11-23,SJS,VAN,4,0
20182019,2018-11-24,NYR,WSH,3,5
20182019,2018-11-24,TOR,PHI,6,0
20182019,2018-11-24,MTL,BOS,2,3
20182019,2018-11-24,DET,BUF,2,3
20182019,2018-11-24,FLA,CHI,4,5
20182019,2018-11-24,NYI,CAR,4,1
20182019,2018-11-24,PIT,CBJ,4,2
20182019,2018-11-24,STL,WPG,4,8
20182019,2018-11-24,COL,DAL,3,2
20182019,2018-11-24,VGK,SJS,6,0
20182019,2018-11-24,LAK,VAN,2,4
20182019,2018-11-25,ARI,CGY,1,6
20182019,2018-11-25,TBL,NJD,5,2
20182019,2018-11-25,NSH,ANA,5,2
20182019,2018-11-25,LAK,EDM,5,2
20182019,2018-11-26,TOR,BOS,4,2
20182019,2018-11-26,FLA,NJD,4,3
20182019,2018-11-26,NYI,WSH,1,4
20182019,2018-11-26,NYR,OTT,4,2
20182019,2018-11-26,DET,CBJ,5,7
20182019,2018-11-27,BUF,SJS,3,2
20182019,2018-11-27,PHI,OTT,3,4
20182019,2018-11-27,MTL,CAR,1,2
20182019,2018-11-27,TBL,ANA,1,3
20182019,2018-11-27,NSH,COL,2,3
20182019,2018-11-27,MIN,ARI,3,4
20182019,2018-11-27,WPG,PIT,3,4
20182019,2018-11-27,CHI,VGK,3,8
20182019,2018-11-27,EDM,DAL,1,0
20182019,2018-11-27,VAN,LAK,1,2
20182019,2018-11-28,DET,STL,4,3
20182019,2018-11-28,FLA,ANA,2,3
20182019,2018-11-28,TOR,SJS,5,3
20182019,2018-11-28,CGY,DAL,3,4
20182019,2018-11-28,COL,PIT,6,3
20182019,2018-11-29,BOS,NYI,2,1
20182019,2018-11-29,CBJ,MIN,4,2
20182019,2018-11-29,OTT,NYR,3,0
20182019,2018-11-29,TBL,BUF,5,4
20182019,2018-11-29,NSH,ARI,0,3
20182019,2018-11-29,WPG,CHI,6,5
20182019,2018-11-29,EDM,LAK,3,2
20182019,2018-11-29,VAN,VGK,3,4
20182019,2018-11-30,FLA,BUF,3,2
20182019,2018-11-30,WSH,NJD,6,3
20182019,2018-11-30,CAR,ANA,1,2
20182019,2018-11-30,COL,STL,2,3
20182019,2018-11-30,CGY,LAK,4,1
20182019,2018-12-01,OTT,SJS,6,2
20182019,2018-12-01,VAN,DAL,1,2
20182019,2018-12-01,BOS,DET,2,4
20182019,2018-12-01,MTL,NYR,5,2
20182019,2018-12-01,FLA,TBL,4,5
20182019,2018-12-01,NJD,WPG,3,4
20182019,2018-12-01,NYI,CBJ,3,2
20182019,2018-12-01,PIT,PHI,2,4
20182019,2018-12-01,MIN,TOR,3,5
20182019,2018-12-01,NSH,CHI,5,2
20182019,2018-12-01,ARI,STL,6,1
20182019,2018-12-01,EDM,VGK,2,1
20182019,2018-12-02,WSH,ANA,5,6
20182019,2018-12-02,NYR,WPG,3,4
20182019,2018-12-02,MTL,SJS,1,3
20182019,2018-12-02,DET,COL,0,2
20182019,2018-12-02,CHI,CGY,2,3
20182019,2018-12-02,LAK,CAR,2,0
20182019,2018-12-03,NJD,TBL,1,5
20182019,2018-12-03,NSH,BUF,2,1
20182019,2018-12-03,DAL,EDM,4,1
20182019,2018-12-04,FLA,BOS,5,0
20182019,2018-12-04,NYI,WPG,1,3
20182019,2018-12-04,PIT,COL,6,3
20182019,2018-12-04,CBJ,CGY,6,9
20182019,2018-12-04,BUF,TOR,3,4
20182019,2018-12-04,MTL,OTT,5,2
20182019,2018-12-04,DET,TBL,5,6
20182019,2018-12-04,VAN,MIN,2,3
20182019,2018-12-04,VGK,WSH,5,3
20182019,2018-12-04,LAK,ARI,1,2
20182019,2018-12-05,STL,EDM,2,3
20182019,2018-12-05,ANA,CHI,4,2
20182019,2018-12-05,SJS,CAR,5,1
20182019,2018-12-06,TOR,DET,4,5
20182019,2018-12-06,FLA,COL,2,5
20182019,2018-12-06,PHI,CBJ,3,4
20182019,2018-12-06,PIT,NYI,6,2
20182019,2018-12-06,OTT,MTL,2,5
20182019,2018-12-06,TBL,BOS,3,2
20182019,2018-12-06,CGY,MIN,2,0
20182019,2018-12-06,ARI,WSH,2,4
20182019,2018-12-06,VAN,NSH,5,3
20182019,2018-12-06,VGK,CHI,4,3
20182019,2018-12-06,LAK,NJD,3,6
20182019,2018-12-07,DAL,SJS,3,2
20182019,2018-12-07,WPG,STL,0,1
20182019,2018-12-07,EDM,MIN,7,2
20182019,2018-12-07,ANA,CAR,1,4
20182019,2018-12-08,BUF,PHI,2,6
20182019,2018-12-08,LAK,VGK,5,1
20182019,2018-12-08,BOS,TOR,6,3
20182019,2018-12-08,OTT,PIT,2,1
20182019,2018-12-08,DET,NYI,2,3
20182019,2018-12-08,TBL,COL,7,1
20182019,2018-12-08,FLA,NYR,4,5
20182019,2018-12-08,CBJ,WSH,0,4
20182019,2018-12-08,ARI,SJS,3,5
20182019,2018-12-08,CGY,NSH,5,2
20182019,2018-12-09,STL,VAN,1,6
20182019,2018-12-09,WPG,PHI,7,1
20182019,2018-12-09,OTT,BOS,1,2
20182019,2018-12-09,CHI,MTL,2,3
20182019,2018-12-09,ANA,NJD,6,5
20182019,2018-12-09,EDM,CGY,1,0
20182019,2018-12-09,VGK,DAL,4,2
20182019,2018-12-10,NYI,PIT,1,2
20182019,2018-12-10,DET,LAK,3,1
20182019,2018-12-10,TBL,NYR,6,3
20182019,2018-12-10,SJS,NJD,5,2
20182019,2018-12-11,BOS,ARI,4,3
20182019,2018-12-11,BUF,LAK,4,3
20182019,2018-12-11,CAR,TOR,1,4
20182019,2018-12-11,CBJ,VAN,2,3
20182019,2018-12-11,WSH,DET,6,2
20182019,2018-12-11,STL,FLA,4,3
20182019,2018-12-11,NSH,OTT,3,1
20182019,2018-12-11,MIN,MTL,7,1
20182019,2018-12-11,WPG,CHI,6,3
20182019,2018-12-11,COL,EDM,4,6
20182019,2018-12-12,NYI,VGK,2,3
20182019,2018-12-12,CHI,PIT,6,3
20182019,2018-12-12,CGY,PHI,6,5
20182019,2018-12-12,ANA,DAL,6,3
20182019,2018-12-13,BUF,ARI,3,1
20182019,2018-12-13,CBJ,LAK,4,1
20182019,2018-12-13,MTL,CAR,6,4
20182019,2018-12-13,TBL,TOR,4,1
20182019,2018-12-13,NSH,VAN,4,3
20182019,2018-12-13,MIN,FLA,5,1
20182019,2018-12-13,WPG,EDM,5,4
20182019,2018-12-13,SJS,DAL,3,2
20182019,2018-12-14,NJD,VGK,5,4
20182019,2018-12-14,NYR,ARI,3,4
20182019,2018-12-14,PIT,BOS,5,3
20182019,2018-12-14,DET,OTT,2,4
20182019,2018-12-14,CAR,WSH,5,6
20182019,2018-12-14,STL,COL,4,3
20182019,2018-12-14,CHI,WPG,3,4
20182019,2018-12-14,EDM,PHI,4,1
20182019,2018-12-15,MIN,CGY,1,2
20182019,2018-12-15,MTL,OTT,5,2
20182019,2018-12-15,FLA,TOR,4,3
20182019,2018-12-15,NYI,DET,4,3
20182019,2018-12-15,PIT,LAK,4,3
20182019,2018-12-15,WSH,BUF,4,3
20182019,2018-12-15,CBJ,ANA,1,2
20182019,2018-12-15,NSH,NJD,2,1
20182019,2018-12-15,COL,DAL,6,4
20182019,2018-12-15,VAN,PHI,5,1
20182019,2018-12-16,NYR,VGK,3,4
20182019,2018-12-16,CAR,ARI,3,0
20182019,2018-12-16,STL,CGY,2,7
20182019,2018-12-16,BOS,BUF,2,4
20182019,2018-12-16,CHI,SJS,3,7
20182019,2018-12-16,WPG,TBL,5,4
20182019,2018-12-16,VAN,EDM,4,2
20182019,2018-12-17,PIT,ANA,2,4
20182019,2018-12-17,CBJ,VGK,1,0
20182019,2018-12-17,MTL,BOS,0,4
20182019,2018-12-17,OTT,NSH,4,3
20182019,2018-12-17,COL,NYI,1,4
20182019,2018-12-18,BUF,FLA,2,5
20182019,2018-12-18,NJD,TOR,2,7
20182019,2018-12-18,NYR,ANA,3,1
20182019,2018-12-18,PHI,DET,3,2
20182019,2018-12-18,MIN,SJS,0,4
20182019,2018-12-18,CHI,NSH,2,1
20182019,2018-12-18,DAL,CGY,2,0
20182019,2018-12-18,EDM,STL,1,4
20182019,2018-12-18,ARI,NYI,1,3
20182019,2018-12-18,VAN,TBL,2,5
20182019,2018-12-18,LAK,WPG,4,1
20182019,2018-12-19,WSH,PIT,1,2
20182019,2018-12-19,COL,MTL,2,1
20182019,2018-12-20,BOS,ANA,3,1
20182019,2018-12-20,TOR,FLA,6,1
20182019,2018-12-20,PHI,NSH,2,1
20182019,2018-12-20,PIT,MIN,2,1
20182019,2018-12-20,CAR,DET,1,4
20182019,2018-12-20,CBJ,NJD,2,1
20182019,2018-12-20,DAL,CHI,2,5
20182019,2018-12-20,CGY,TBL,4,5
20182019,2018-12-20,ARI,MTL,1,2
20182019,2018-12-20,VAN,STL,5,1
20182019,2018-12-20,VGK,NYI,4,2
20182019,2018-12-20,SJS,WPG,3,5
20182019,2018-12-21,NJD,OTT,5,2
20182019,2018-12-21,WSH,BUF,2,1
20182019,2018-12-21,COL,CHI,1,2
20182019,2018-12-22,BOS,NSH,5,2
20182019,2018-12-22,PHI,CBJ,3,4
20182019,2018-12-22,DET,FLA,1,2
20182019,2018-12-22,CGY,STL,1,3
20182019,2018-12-22,VGK,MTL,3,4
20182019,2018-12-22,SJS,LAK,2,3
20182019,2018-12-22,BUF,ANA,3,0
20182019,2018-12-22,TOR,NYR,5,3
20182019,2018-12-22,OTT,WSH,0,4
20182019,2018-12-22,CAR,PIT,0,3
20182019,2018-12-22,ARI,COL,6,4
20182019,2018-12-22,MIN,DAL,1,2
20182019,2018-12-22,EDM,TBL,3,6
20182019,2018-12-22,VAN,WPG,0,1
20182019,2018-12-23,NJD,CBJ,0,3
20182019,2018-12-23,CAR,BOS,5,3
20182019,2018-12-23,NYR,PHI,2,3
20182019,2018-12-23,CHI,FLA,3,6
20182019,2018-12-23,TOR,DET,5,4
20182019,2018-12-23,DAL,NYI,1,3
20182019,2018-12-23,VGK,LAK,3,4
20182019,2018-12-23,SJS,ARI,3,4
20182019,2018-12-27,BOS,NJD,2,5
20182019,2018-12-27,NYR,CBJ,3,4
20182019,2018-12-27,PIT,DET,5,2
20182019,2018-12-27,WSH,CAR,3,1
20182019,2018-12-27,TBL,PHI,6,5
20182019,2018-12-27,STL,BUF,4,1
20182019,2018-12-27,NSH,DAL,0,2
20182019,2018-12-27,WPG,CGY,1,4
20182019,2018-12-27,CHI,MIN,5,2
20182019,2018-12-27,EDM,VAN,2,4
20182019,2018-12-27,VGK,COL,2,1
20182019,2018-12-27,LAK,ARI,2,1
20182019,2018-12-27,SJS,ANA,4,2
20182019,2018-12-28,FLA,MTL,3,5
20182019,2018-12-28,NYI,OTT,6,3
20182019,2018-12-28,CBJ,TOR,2,4
20182019,2018-12-29,NJD,CAR,2,0
20182019,2018-12-29,WPG,MIN,1,3
20182019,2018-12-29,EDM,SJS,4,7
20182019,2018-12-29,LAK,VGK,1,4
20182019,2018-12-29,BUF,BOS,2,3
20182019,2018-12-29,TOR,NYI,0,4
20182019,2018-12-29,OTT,WSH,2,3
20182019,2018-12-29,TBL,MTL,6,5
20182019,2018-12-29,FLA,PHI,2,1
20182019,2018-12-29,STL,PIT,1,6
20182019,2018-12-29,NSH,NYR,3,4
20182019,2018-12-29,DAL,DET,5,1
20182019,2018-12-29,COL,CHI,2,3
20182019,2018-12-29,CGY,VAN,2,3
20182019,2018-12-29,ANA,ARI,4,5
20182019,2018-12-30,ARI,VGK,1,5
20182019,2018-12-31,WSH,NSH,3,6
20182019,2018-12-31,NJD,VAN,4,0
20182019,2018-12-31,BUF,NYI,1,3
20182019,2018-12-31,CAR,PHI,3,1
20182019,2018-12-31,MIN,PIT,2,3
20182019,2018-12-31,CBJ,OTT,6,3
20182019,2018-12-31,STL,NYR,1,2
20182019,2018-12-31,DET,FLA,3,4
20182019,2018-12-31,COL,LAK,2,3
20182019,2018-12-31,ANA,TBL,1,2
20182019,2018-12-31,DAL,MTL,2,3
20182019,2018-12-31,CGY,SJS,8,5
20182019,2018-12-31,EDM,WPG,3,4
20182019,2019-01-01,CHI,BOS,2,4
20182019,2019-01-01,NSH,PHI,4,0
20182019,2019-01-01,VGK,LAK,2,0
20182019,2019-01-02,OTT,VAN,3,4
20182019,2019-01-02,DET,CGY,3,5
20182019,2019-01-02,NYR,PIT,2,7
20182019,2019-01-02,DAL,NJD,5,4
20182019,2019-01-02,COL,SJS,4,5
20182019,2019-01-02,ARI,EDM,1,3
20182019,2019-01-03,TOR,MIN,3,4
20182019,2019-01-03,BOS,CGY,6,4
20182019,2019-01-03,BUF,FLA,4,3
20182019,2019-01-03,PHI,CAR,3,5
20182019,2019-01-03,NYI,CHI,3,2
20182019,2019-01-03,MTL,VAN,2,0
20182019,2019-01-03,STL,WSH,5,2
20182019,2019-01-03,LAK,TBL,2,6
20182019,2019-01-04,PIT,WPG,4,0
20182019,2019-01-04,DET,NSH,4,3
20182019,2019-01-04,CAR,CBJ,4,2
20182019,2019-01-04,DAL,WSH,2,1
20182019,2019-01-04,COL,NYR,6,1
20182019,2019-01-04,ARI,NJD,2,3
20182019,2019-01-04,ANA,VGK,2,3
20182019,2019-01-05,PHI,CGY,2,3
20182019,2019-01-05,OTT,MIN,3,4
20182019,2019-01-05,BOS,BUF,2,1
20182019,2019-01-05,TOR,VAN,5,0
20182019,2019-01-05,MTL,NSH,1,4
20182019,2019-01-05,FLA,CBJ,3,4
20182019,2019-01-05,STL,NYI,3,4
20182019,2019-01-05,LAK,EDM,4,0
20182019,2019-01-05,SJS,TBL,5,2
20182019,2019-01-06,OTT,CAR,4,5
20182019,2019-01-06,ARI,NYR,5,0
20182019,2019-01-06,VGK,NJD,3,2
20182019,2019-01-06,DET,WSH,2,3
20182019,2019-01-06,WPG,DAL,5,1
20182019,2019-01-06,PIT,CHI,3,5
20182019,2019-01-06,ANA,EDM,0,4
20182019,2019-01-07,TOR,NSH,0,4
20182019,2019-01-07,PHI,STL,0,3
20182019,2019-01-07,MTL,MIN,0,1
20182019,2019-01-07,CHI,CGY,3,4
20182019,2019-01-07,SJS,LAK,3,1
20182019,2019-01-08,BOS,MIN,4,0
20182019,2019-01-08,BUF,NJD,5,1
20182019,2019-01-08,NYI,CAR,3,4
20182019,2019-01-08,PIT,FLA,5,1
20182019,2019-01-08,WSH,PHI,5,3
20182019,2019-01-08,DET,MTL,2,3
20182019,2019-01-08,TBL,CBJ,4,0
20182019,2019-01-08,STL,DAL,1,3
20182019,2019-01-08,WPG,COL,7,4
20182019,2019-01-08,VGK,NYR,4,2
20182019,2019-01-08,SJS,EDM,7,2
20182019,2019-01-09,CHI,NSH,3,4
20182019,2019-01-09,CGY,COL,5,3
20182019,2019-01-09,ANA,OTT,1,2
20182019,2019-01-10,BOS,WSH,2,4
20182019,2019-01-10,NJD,TOR,2,4
20182019,2019-01-10,NYR,NYI,3,4
20182019,2019-01-10,PHI,DAL,2,1
20182019,2019-01-10,CBJ,NSH,4,3
20182019,2019-01-10,TBL,CAR,3,1
20182019,2019-01-10,STL,MTL,4,1
20182019,2019-01-10,MIN,WPG,3,2
20182019,2019-01-10,EDM,FLA,4,3
20182019,2019-01-10,VAN,ARI,3,4
20182019,2019-01-10,VGK,SJS,2,3
20182019,2019-01-10,LAK,OTT,1,4
20182019,2019-01-11,CAR,BUF,4,3
20182019,2019-01-11,WPG,DET,4,2
20182019,2019-01-11,CGY,FLA,4,3
20182019,2019-01-11,ANA,PIT,4,7
20182019,2019-01-12,NJD,PHI,3,2
20182019,2019-01-12,NYI,NYR,1,2
20182019,2019-01-12,BUF,TBL,3,5
20182019,2019-01-12,TOR,BOS,2,3
20182019,2019-01-12,MTL,COL,3,0
20182019,2019-01-12,WSH,CBJ,1,2
20182019,2019-01-12,MIN,DET,2,5
20182019,2019-01-12,CHI,VGK,3,4
20182019,2019-01-12,DAL,STL,1,3
20182019,2019-01-12,EDM,ARI,2,3
20182019,2019-01-12,SJS,OTT,4,1
20182019,2019-01-12,LAK,PIT,5,2
20182019,2019-01-13,CAR,NSH,6,3
20182019,2019-01-13,CBJ,NYR,7,5
20182019,2019-01-13,WPG,ANA,4,3
20182019,2019-01-13,NYI,TBL,5,1
20182019,2019-01-13,VAN,FLA,5,1
20182019,2019-01-13,CGY,ARI,7,1
20182019,2019-01-14,TOR,COL,3,6
20182019,2019-01-14,NJD,CHI,8,5
20182019,2019-01-14,PHI,MIN,7,4
20182019,2019-01-14,WSH,STL,1,4
20182019,2019-01-14,BOS,MTL,2,3
20182019,2019-01-14,EDM,BUF,7,2
20182019,2019-01-15,NYI,STL,2,1
20182019,2019-01-15,NYR,CAR,6,2
20182019,2019-01-15,CBJ,NJD,4,1
20182019,2019-01-15,MTL,FLA,5,1
20182019,2019-01-15,DET,ANA,3,1
20182019,2019-01-15,NSH,WSH,7,2
20182019,2019-01-15,MIN,LAK,3,2
20182019,2019-01-15,WPG,VGK,4,1
20182019,2019-01-15,DAL,TBL,0,2
20182019,2019-01-15,SJS,PIT,5,2
20182019,2019-01-16,OTT,COL,5,2
20182019,2019-01-16,PHI,BOS,4,3
20182019,2019-01-16,CGY,BUF,3,4
20182019,2019-01-16,VAN,EDM,2,3
20182019,2019-01-16,ARI,SJS,6,3
20182019,2019-01-17,BOS,STL,5,2
20182019,2019-01-17,NYI,NJD,4,1
20182019,2019-01-17,NYR,CHI,4,3
20182019,2019-01-17,TBL,TOR,2,4
20182019,2019-01-17,NSH,WPG,1,5
20182019,2019-01-17,MIN,ANA,0,3
20182019,2019-01-17,DAL,LAK,1,2
20182019,2019-01-18,FLA,TOR,3,1
20182019,2019-01-18,CBJ,MTL,1,4
20182019,2019-01-18,WSH,NYI,0,2
20182019,2019-01-18,CAR,OTT,1,4
20182019,2019-01-18,CGY,DET,6,4
20182019,2019-01-18,ARI,PIT,2,3
20182019,2019-01-18,VAN,BUF,4,3
20182019,2019-01-19,NJD,ANA,2,3
20182019,2019-01-19,COL,LAK,7,1
20182019,2019-01-19,BOS,NYR,2,3
20182019,2019-01-19,MTL,PHI,2,5
20182019,2019-01-19,TBL,SJS,6,3
20182019,2019-01-19,STL,OTT,3,2
20182019,2019-01-19,DAL,WPG,4,2
20182019,2019-01-19,NSH,FLA,2,4
20182019,2019-01-19,MIN,CBJ,2,1
20182019,2019-01-19,EDM,CGY,2,5
20182019,2019-01-19,VGK,PIT,7,3
20182019,2019-01-20,CHI,WSH,8,5
20182019,2019-01-20,NYI,ANA,3,0
20182019,2019-01-20,VAN,DET,3,2
20182019,2019-01-20,TOR,ARI,2,4
20182019,2019-01-20,EDM,CAR,4,7
20182019,2019-01-21,COL,NSH,1,4
20182019,2019-01-21,LAK,STL,4,3
20182019,2019-01-21,VGK,MIN,2,4
20182019,2019-01-21,FLA,SJS,6,2
20182019,2019-01-22,WSH,SJS,6,7
20182019,2019-01-22,OTT,ARI,2,3
20182019,2019-01-22,CHI,NYI,3,2
20182019,2019-01-22,CGY,CAR,3,2
20182019,2019-01-22,EDM,DET,2,3
20182019,2019-01-23,TOR,WSH,6,3
20182019,2019-01-23,MTL,ARI,2,1
20182019,2019-01-23,COL,MIN,2,5
20182019,2019-01-23,VGK,NSH,1,2
20182019,2019-01-23,ANA,STL,1,5
20182019,2019-01-23,VAN,CAR,2,5
20182019,2019-01-28,PHI,WPG,3,1
20182019,2019-01-28,PIT,NJD,3,6
20182019,2019-01-29,BOS,WPG,3,4
20182019,2019-01-29,CBJ,BUF,4,5
20182019,2019-01-29,NYR,PHI,0,1
20182019,2019-01-30,PIT,TBL,4,2
20182019,2019-01-30,DAL,BUF,1,0
20182019,2019-01-31,BOS,PHI,2,3
20182019,2019-01-31,NJD,NYR,3,4
20182019,2019-01-31,WPG,CBJ,4,3
20182019,2019-02-01,BUF,CHI,3,7
20182019,2019-02-01,FLA,NSH,1,4
20182019,2019-02-01,NYI,TBL,0,1
20182019,2019-02-01,PIT,OTT,5,3
20182019,2019-02-01,WSH,CGY,4,3
20182019,2019-02-01,DET,TOR,3,2
20182019,2019-02-01,CAR,VGK,5,2
20182019,2019-02-01,DAL,MIN,3,1
20182019,2019-02-02,PHI,EDM,5,4
20182019,2019-02-02,MTL,NJD,2,3
20182019,2019-02-02,TOR,PIT,3,2
20182019,2019-02-02,OTT,DET,0,2
20182019,2019-02-02,FLA,VGK,3,1
20182019,2019-02-02,NYI,LAK,4,2
20182019,2019-02-02,CBJ,STL,2,4
20182019,2019-02-02,WPG,ANA,9,3
20182019,2019-02-02,NYR,TBL,2,3
20182019,2019-02-02,NSH,DAL,1,3
20182019,2019-02-02,MIN,CHI,3,4
20182019,2019-02-02,COL,VAN,1,5
20182019,2019-02-02,SJS,ARI,3,2
20182019,2019-02-03,WSH,BOS,0,1
20182019,2019-02-03,MTL,EDM,4,3
20182019,2019-02-03,CAR,CGY,3,4
20182019,2019-02-04,TOR,ANA,6,1
20182019,2019-02-04,NYR,LAK,3,4
20182019,2019-02-04,PHI,VAN,2,1
20182019,2019-02-04,DAL,ARI,5,4
20182019,2019-02-05,BOS,NYI,3,1
20182019,2019-02-05,BUF,MIN,5,4
20182019,2019-02-05,FLA,STL,2,3
20182019,2019-02-05,NJD,LAK,1,5
20182019,2019-02-05,PIT,CAR,0,4
20182019,2019-02-05,WSH,VAN,3,2
20182019,2019-02-05,MTL,ANA,4,1
20182019,2019-02-05,TBL,VGK,2,3
20182019,2019-02-05,NSH,ARI,5,2
20182019,2019-02-05,WPG,SJS,2,3
20182019,2019-02-05,COL,CBJ,3,6
20182019,2019-02-05,EDM,CHI,2,6
20182019,2019-02-06,TOR,OTT,5,4
20182019,2019-02-06,NYR,BOS,4,3
20182019,2019-02-07,BUF,CAR,5,6
20182019,2019-02-07,FLA,PIT,3,2
20182019,2019-02-07,NJD,NYI,1,2
20182019,2019-02-07,PHI,LAK,2,3
20182019,2019-02-07,WSH,COL,4,3
20182019,2019-02-07,MTL,WPG,5,2
20182019,2019-02-07,OTT,ANA,4,0
20182019,2019-02-07,DET,VGK,3,4
20182019,2019-02-07,TBL,STL,0,1
20182019,2019-02-07,NSH,DAL,3,2
20182019,2019-02-07,MIN,EDM,1,4
20182019,2019-02-07,CHI,VAN,4,3
20182019,2019-02-07,CGY,SJS,2,5
20182019,2019-02-07,ARI,CBJ,2,4
20182019,2019-02-08,NYR,CAR,0,3
20182019,2019-02-09,BOS,LAK,5,4
20182019,2019-02-09,BUF,DET,3,1
20182019,2019-02-09,NJD,MIN,2,4
20182019,2019-02-09,NYI,COL,4,3
20182019,2019-02-09,PHI,ANA,6,2
20182019,2019-02-09,OTT,WPG,5,2
20182019,2019-02-09,STL,NSH,3,2
20182019,2019-02-09,ARI,DAL,3,2
20182019,2019-02-09,MTL,TOR,3,4
20182019,2019-02-09,TBL,PIT,5,4
20182019,2019-02-09,WSH,FLA,4,5
20182019,2019-02-09,EDM,SJS,2,5
20182019,2019-02-09,VAN,CGY,4,3
20182019,2019-02-09,VGK,CBJ,3,4
20182019,2019-02-10,NSH,STL,4,5
20182019,2019-02-10,BOS,COL,2,1
20182019,2019-02-10,BUF,WPG,1,3
20182019,2019-02-10,NJD,CAR,3,2
20182019,2019-02-10,NYI,MIN,2,1
20182019,2019-02-10,CHI,DET,5,2
20182019,2019-02-10,FLA,TBL,2,5
20182019,2019-02-10,NYR,TOR,4,1
20182019,2019-02-11,PHI,PIT,1,4
20182019,2019-02-11,WSH,LAK,6,4
20182019,2019-02-11,VAN,SJS,2,7
20182019,2019-02-12,BOS,CHI,6,3
20182019,2019-02-12,BUF,NYI,3,1
20182019,2019-02-12,FLA,DAL,0,3
20182019,2019-02-12,CBJ,WSH,3,0
20182019,2019-02-12,OTT,CAR,1,4
20182019,2019-02-12,TBL,CGY,6,3
20182019,2019-02-12,STL,NJD,8,3
20182019,2019-02-12,NSH,DET,2,3
20182019,2019-02-12,MIN,PHI,4,5
20182019,2019-02-12,WPG,NYR,4,3
20182019,2019-02-12,COL,TOR,2,5
20182019,2019-02-12,VGK,ARI,2,5
20182019,2019-02-13,PIT,EDM,3,1
20182019,2019-02-13,ANA,VAN,1,0
20182019,2019-02-14,FLA,CGY,3,2
20182019,2019-02-14,CBJ,NYI,0,3
20182019,2019-02-14,DET,OTT,3,2
20182019,2019-02-14,TBL,DAL,6,0
20182019,2019-02-14,NSH,MTL,3,1
20182019,2019-02-14,WPG,COL,1,4
20182019,2019-02-14,CHI,NJD,5,2
20182019,2019-02-14,ARI,STL,0,4
20182019,2019-02-14,VGK,TOR,3,6
20182019,2019-02-14,LAK,VAN,3,4
20182019,2019-02-14,SJS,WSH,1,5
20182019,2019-02-15,BUF,NYR,2,6
20182019,2019-02-15,CAR,EDM,3,1
20182019,2019-02-15,MIN,NJD,4,5
20182019,2019-02-15,ANA,BOS,0,3
20182019,2019-02-16,PHI,DET,6,5
20182019,2019-02-16,PIT,CGY,4,5
20182019,2019-02-16,COL,STL,0,3
20182019,2019-02-16,TBL,MTL,3,0
20182019,2019-02-16,NYI,EDM,5,2
20182019,2019-02-16,WPG,OTT,3,4
20182019,2019-02-16,ARI,TOR,2,0
20182019,2019-02-16,CAR,DAL,3,0
20182019,2019-02-16,CHI,CBJ,2,5
20182019,2019-02-16,VGK,NSH,5,1
20182019,2019-02-16,SJS,VAN,3,2
20182019,2019-02-16,LAK,BOS,2,4
20182019,2019-02-17,PIT,NYR,6,5
20182019,2019-02-17,MIN,STL,0,4
20182019,2019-02-17,NJD,BUF,4,1
20182019,2019-02-17,DET,PHI,1,3
20182019,2019-02-17,FLA,MTL,6,3
20182019,2019-02-17,ANA,WSH,5,2
20182019,2019-02-18,CGY,ARI,5,2
20182019,2019-02-18,CBJ,TBL,1,5
20182019,2019-02-18,CHI,OTT,8,7
20182019,2019-02-18,COL,VGK,3,0
20182019,2019-02-18,SJS,BOS,5,6
20182019,2019-02-18,LAK,WSH,2,3
20182019,2019-02-19,FLA,BUF,4,2
20182019,2019-02-19,NJD,PIT,3,4
20182019,2019-02-19,PHI,TBL,2,5
20182019,2019-02-19,CAR,NYR,1,2
20182019,2019-02-19,MTL,CBJ,3,2
20182019,2019-02-19,STL,TOR,3,2
20182019,2019-02-19,MIN,ANA,0,4
20182019,2019-02-19,DAL,NSH,3,5
20182019,2019-02-19,EDM,ARI,2,3
20182019,2019-02-20,DET,CHI,4,5
20182019,2019-02-20,COL,WPG,7,1
20182019,2019-02-20,CGY,NYI,4,2
20182019,2019-02-20,VGK,BOS,2,3
20182019,2019-02-21,TOR,WSH,2,3
20182019,2019-02-21,FLA,CAR,3,4
20182019,2019-02-21,NJD,OTT,4,0
20182019,2019-02-21,NYR,MIN,1,4
20182019,2019-02-21,PIT,SJS,0,4
20182019,2019-02-21,MTL,PHI,5,1
20182019,2019-02-21,TBL,BUF,2,1
20182019,2019-02-21,NSH,LAK,2,1
20182019,2019-02-21,DAL,STL,5,2
20182019,2019-02-21,EDM,NYI,4,3
20182019,2019-02-21,VAN,ARI,2,3
20182019,2019-02-22,OTT,CBJ,0,3
20182019,2019-02-22,DET,MIN,2,3
20182019,2019-02-22,CHI,COL,3,5
20182019,2019-02-22,CGY,ANA,2,1
20182019,2019-02-22,VGK,WPG,3,6
20182019,2019-02-23,BUF,WSH,5,2
20182019,2019-02-23,NYR,NJD,5,2
20182019,2019-02-23,STL,BOS,2,1
20182019,2019-02-23,FLA,LAK,6,1
20182019,2019-02-23,CBJ,SJS,4,0
20182019,2019-02-23,DAL,CAR,0,3
20182019,2019-02-23,NSH,COL,0,5
20182019,2019-02-23,TOR,MTL,6,3
20182019,2019-02-23,PHI,PIT,4,3
20182019,2019-02-23,EDM,ANA,2,1
20182019,2019-02-23,VAN,NYI,0,4
20182019,2019-02-24,WSH,NYR,6,5
20182019,2019-02-24,DET,SJS,3,5
20182019,2019-02-24,CHI,DAL,3,4
20182019,2019-02-24,OTT,CGY,1,2
20182019,2019-02-24,MIN,STL,2,1
20182019,2019-02-24,ARI,WPG,4,1
20182019,2019-02-25,TOR,BUF,5,3
20182019,2019-02-25,NJD,MTL,2,1
20182019,2019-02-25,TBL,LAK,4,3
20182019,2019-02-25,NSH,EDM,3,2
20182019,2019-02-25,COL,FLA,3,4
20182019,2019-02-25,VAN,ANA,4,0
20182019,2019-02-26,BOS,SJS,4,1
20182019,2019-02-26,NYI,CGY,1,3
20182019,2019-02-26,PHI,BUF,5,2
20182019,2019-02-26,WSH,OTT,7,2
20182019,2019-02-26,CAR,LAK,6,1
20182019,2019-02-26,CBJ,PIT,2,5
20182019,2019-02-26,DET,MTL,1,8
20182019,2019-02-26,STL,NSH,2,0
20182019,2019-02-26,WPG,MIN,2,3
20182019,2019-02-26,ARI,FLA,4,3
20182019,2019-02-26,VGK,DAL,4,1
20182019,2019-02-27,TOR,EDM,6,2
20182019,2019-02-27,NJD,CGY,1,2
20182019,2019-02-27,NYR,TBL,3,4
20182019,2019-02-27,COL,VAN,3,2
20182019,2019-02-27,ANA,CHI,3,4
20182019,2019-02-28,NYI,TOR,6,1
20182019,2019-02-28,CBJ,PHI,4,3
20182019,2019-02-28,BOS,TBL,4,1
20182019,2019-02-28,OTT,EDM,2,4
20182019,2019-02-28,ARI,VAN,5,2
20182019,2019-02-28,VGK,FLA,6,5
20182019,2019-02-28,LAK,DAL,3,4
20182019,2019-03-01,BUF,PIT,4,3
20182019,2019-03-01,NJD,PHI,3,6
20182019,2019-03-01,NYI,WSH,1,3
20182019,2019-03-01,NYR,MTL,2,4
20182019,2019-03-01,CAR,STL,5,2
20182019,2019-03-01,WPG,NSH,5,3
20182019,2019-03-01,ANA,VGK,0,3
20182019,2019-03-01,SJS,COL,4,3
20182019,2019-03-02,CBJ,EDM,0,4
20182019,2019-03-02,LAK,CHI,6,3
20182019,2019-03-02,BOS,NJD,1,0
20182019,2019-03-02,TOR,BUF,5,2
20182019,2019-03-02,MTL,PIT,1,5
20182019,2019-03-02,TBL,OTT,5,1
20182019,2019-03-02,FLA,CAR,3,4
20182019,2019-03-02,STL,DAL,1,4
20182019,2019-03-02,ARI,DET,3,1
20182019,2019-03-02,CGY,MIN,2,4
20182019,2019-03-03,NYR,WSH,2,3
20182019,2019-03-03,NYI,PHI,1,4
20182019,2019-03-03,VGK,VAN,3,0
20182019,2019-03-03,ANA,COL,2,1
20182019,2019-03-03,FLA,OTT,2,3
20182019,2019-03-03,CBJ,WPG,2,5
20182019,2019-03-03,MIN,NSH,2,3
20182019,2019-03-03,SJS,CHI,5,2
20182019,2019-03-04,BUF,EDM,3,4
20182019,2019-03-04,CGY,TOR,2,6
20182019,2019-03-05,BOS,CAR,4,3
20182019,2019-03-05,NJD,CBJ,1,2
20182019,2019-03-05,NYI,OTT,5,4
20182019,2019-03-05,PIT,FLA,3,2
20182019,2019-03-05,TBL,WPG,5,2
20182019,2019-03-05,NSH,MIN,5,4
20182019,2019-03-05,DAL,NYR,1,0
20182019,2019-03-05,COL,DET,4,3
20182019,2019-03-05,ARI,ANA,1,3
20182019,2019-03-05,LAK,MTL,1,3
20182019,2019-03-06,PHI,WSH,3,5
20182019,2019-03-06,VAN,TOR,3,2
20182019,2019-03-06,ANA,STL,4,5
20182019,2019-03-06,VGK,CGY,2,1
20182019,2019-03-07,BOS,FLA,4,3
20182019,2019-03-07,PIT,CBJ,3,0
20182019,2019-03-07,OTT,NYI,2,4
20182019,2019-03-07,DET,NYR,3,2
20182019,2019-03-07,TBL,MIN,0,3
20182019,2019-03-07,CHI,BUF,5,4
20182019,2019-03-07,DAL,COL,4,0
20182019,2019-03-07,EDM,VAN,3,2
20182019,2019-03-07,ARI,CGY,2,0
20182019,2019-03-07,LAK,STL,0,4
20182019,2019-03-07,SJS,MTL,5,2
20182019,2019-03-08,FLA,MIN,6,2
20182019,2019-03-08,WSH,NJD,3,0
20182019,2019-03-08,CAR,WPG,1,8
20182019,2019-03-08,ANA,MTL,8,2
20182019,2019-03-09,COL,BUF,3,0
20182019,2019-03-09,SJS,STL,3,2
20182019,2019-03-09,BOS,OTT,3,2
20182019,2019-03-09,TBL,DET,3,2
20182019,2019-03-09,NYI,PHI,2,5
20182019,2019-03-09,NYR,NJD,4,2
20182019,2019-03-09,CBJ,PIT,4,1
20182019,2019-03-09,EDM,TOR,2,3
20182019,2019-03-09,NSH,CAR,3,5
20182019,2019-03-09,DAL,CHI,1,2
20182019,2019-03-09,ARI,LAK,4,2
20182019,2019-03-09,VAN,VGK,2,6
20182019,2019-03-10,FLA,DET,6,1
20182019,2019-03-10,WSH,WPG,3,1
20182019,2019-03-10,PIT,BOS,4,2
20182019,2019-03-10,CGY,VGK,6,3
20182019,2019-03-10,ANA,LAK,2,3
20182019,2019-03-11,TOR,TBL,2,6
20182019,2019-03-11,NYI,CBJ,2,0
20182019,2019-03-11,PHI,OTT,3,2
20182019,2019-03-11,MIN,SJS,0,3
20182019,2019-03-11,CHI,ARI,7,1
20182019,2019-03-11,COL,CAR,0,3
20182019,2019-03-11,EDM,NYR,3,2
20182019,2019-03-12,BUF,DAL,0,2
20182019,2019-03-12,PIT,WSH,5,3
20182019,2019-03-12,CBJ,BOS,7,4
20182019,2019-03-12,MTL,DET,3,1
20182019,2019-03-12,STL,ARI,1,3
20182019,2019-03-12,WPG,SJS,4,5
20182019,2019-03-12,CGY,NJD,9,4
20182019,2019-03-12,ANA,NSH,3,2
20182019,2019-03-13,TOR,CHI,4,5
20182019,2019-03-13,EDM,NJD,3,6
20182019,2019-03-13,VAN,NYR,4,1
20182019,2019-03-14,BUF,PIT,0,5
20182019,2019-03-14,NYI,MTL,2,1
20182019,2019-03-14,PHI,WSH,2,5
20182019,2019-03-14,OTT,STL,2,0
20182019,2019-03-14,DET,TBL,4,5
20182019,2019-03-14,MIN,DAL,1,4
20182019,2019-03-14,WPG,BOS,4,3
20182019,2019-03-14,ARI,ANA,6,1
20182019,2019-03-14,LAK,NSH,1,3
20182019,2019-03-14,SJS,FLA,2,4
20182019,2019-03-15,TOR,PHI,7,6
20182019,2019-03-15,CBJ,CAR,3,0
20182019,2019-03-15,DAL,VGK,1,2
20182019,2019-03-15,COL,ANA,3,5
20182019,2019-03-15,CGY,NYR,5,1
20182019,2019-03-15,VAN,NJD,2,3
20182019,2019-03-16,PIT,STL,1,5
20182019,2019-03-16,DET,NYI,2,1
20182019,2019-03-16,LAK,FLA,3,4
20182019,2019-03-16,BOS,CBJ,2,1
20182019,2019-03-16,MTL,CHI,0,2
20182019,2019-03-16,OTT,TOR,6,2
20182019,2019-03-16,TBL,WSH,6,3
20182019,2019-03-16,CAR,BUF,4,2
20182019,2019-03-16,WPG,CGY,2,1
20182019,2019-03-16,MIN,NYR,5,2
20182019,2019-03-16,ARI,EDM,2,3
20182019,2019-03-16,SJS,NSH,2,4
20182019,2019-03-17,COL,NJD,3,0
20182019,2019-03-17,BUF,STL,4,3
20182019,2019-03-17,MIN,NYI,2,3
20182019,2019-03-17,DAL,VAN,2,3
20182019,2019-03-17,PIT,PHI,1,2
20182019,2019-03-17,ANA,FLA,3,2
20182019,2019-03-17,VGK,EDM,6,3
20182019,2019-03-18,TBL,ARI,4,1
20182019,2019-03-18,CHI,VAN,2,3
20182019,2019-03-18,LAK,WPG,2,3
20182019,2019-03-18,SJS,VGK,3,7
20182019,2019-03-19,NYI,BOS,0,5
20182019,2019-03-19,NYR,DET,2,3
20182019,2019-03-19,PHI,MTL,1,3
20182019,2019-03-19,CAR,PIT,3,2
20182019,2019-03-19,NJD,WSH,1,4
20182019,2019-03-19,STL,EDM,7,2
20182019,2019-03-19,NSH,TOR,3,0
20182019,2019-03-19,MIN,COL,1,3
20182019,2019-03-19,DAL,FLA,4,2
20182019,2019-03-19,CGY,CBJ,4,2
20182019,2019-03-20,BUF,TOR,2,4
20182019,2019-03-20,WSH,TBL,4,5
20182019,2019-03-20,VAN,OTT,7,4
20182019,2019-03-20,ANA,WPG,0,3
20182019,2019-03-21,FLA,ARI,4,2
20182019,2019-03-21,NJD,BOS,1,5
20182019,2019-03-21,CAR,TBL,3,6
20182019,2019-03-21,MTL,NYI,4,0
20182019,2019-03-21,STL,DET,5,2
20182019,2019-03-21,NSH,PIT,1,2
20182019,2019-03-21,CHI,PHI,1,3
20182019,2019-03-21,DAL,COL,1,3
20182019,2019-03-21,CGY,OTT,5,1
20182019,2019-03-21,EDM,CBJ,4,1
20182019,2019-03-21,VGK,WPG,5,0
20182019,2019-03-21,LAK,SJS,4,2
20182019,2019-03-22,WSH,MIN,1,2
20182019,2019-03-22,ANA,SJS,4,3
20182019,2019-03-23,NJD,ARI,2,1
20182019,2019-03-23,PHI,NYI,2,4
20182019,2019-03-23,COL,CHI,4,2
20182019,2019-03-23,EDM,OTT,3,4
20182019,2019-03-23,TOR,NYR,1,2
20182019,2019-03-23,MTL,BUF,7,4
20182019,2019-03-23,FLA,BOS,3,7
20182019,2019-03-23,CAR,MIN,5,1
20182019,2019-03-23,WPG,NSH,5,0
20182019,2019-03-23,STL,TBL,4,3
20182019,2019-03-23,DAL,PIT,2,3
20182019,2019-03-23,VAN,CGY,1,3
20182019,2019-03-23,VGK,DET,2,3
20182019,2019-03-23,LAK,ANA,4,3
20182019,2019-03-24,WSH,PHI,3,1
20182019,2019-03-24,NYI,ARI,2,0
20182019,2019-03-24,CAR,MTL,2,1
20182019,2019-03-24,CHI,COL,2,1
20182019,2019-03-24,VAN,CBJ,0,5
20182019,2019-03-25,TOR,FLA,7,5
20182019,2019-03-25,NJD,BUF,3,1
20182019,2019-03-25,NYR,PIT,2,5
20182019,2019-03-25,TBL,BOS,5,4
20182019,2019-03-25,STL,VGK,3,1
20182019,2019-03-25,MIN,NSH,0,1
20182019,2019-03-25,WPG,DAL,2,5
20182019,2019-03-25,CGY,LAK,0,3
20182019,2019-03-25,SJS,DET,2,3
20182019,2019-03-26,WSH,CAR,4,1
20182019,2019-03-26,CBJ,NYI,4,0
20182019,2019-03-26,MTL,FLA,6,1
20182019,2019-03-26,OTT,BUF,4,0
20182019,2019-03-26,EDM,LAK,8,4
20182019,2019-03-26,VAN,ANA,4,5
20182019,2019-03-26,ARI,CHI,1,0
20182019,2019-03-27,PHI,TOR,5,4
20182019,2019-03-27,BOS,NYR,6,3
20182019,2019-03-27,CGY,DAL,1,2
20182019,2019-03-27,COL,VGK,4,3
20182019,2019-03-28,BUF,DET,4,5
20182019,2019-03-28,CAR,WSH,2,3
20182019,2019-03-28,CBJ,MTL,6,2
20182019,2019-03-28,OTT,FLA,2,5
20182019,2019-03-28,WPG,NYI,4,5
20182019,2019-03-28,EDM,DAL,2,3
20182019,2019-03-28,VAN,LAK,3,2
20182019,2019-03-28,SJS,CHI,4,5
20182019,2019-03-29,NYR,STL,4,2
20182019,2019-03-29,PIT,NSH,1,3
20182019,2019-03-29,DET,NJD,4,0
20182019,2019-03-29,COL,ARI,3,2
20182019,2019-03-29,CGY,ANA,6,1
20182019,2019-03-29,VGK,MIN,2,3
20182019,2019-03-30,BOS,FLA,1,4
20182019,2019-03-30,CAR,PHI,5,2
20182019,2019-03-30,OTT,TOR,4,2
20182019,2019-03-30,TBL,WSH,3,6
20182019,2019-03-30,NJD,STL,2,3
20182019,2019-03-30,NYI,BUF,5,1
20182019,2019-03-30,WPG,MTL,1,3
20182019,2019-03-30,NSH,CBJ,2,5
20182019,2019-03-30,SJS,VGK,4,3
20182019,2019-03-30,EDM,ANA,1,5
20182019,2019-03-30,VAN,DAL,3,2
20182019,2019-03-30,LAK,CHI,3,2
20182019,2019-03-31,PHI,NYR,0,3
20182019,2019-03-31,PIT,CAR,3,1
20182019,2019-03-31,ARI,MIN,4,0
20182019,2019-03-31,BUF,CBJ,0,4
20182019,2019-03-31,DET,BOS,6,3
20182019,2019-03-31,SJS,CGY,3,5
20182019,2019-04-01,FLA,WSH,5,3
20182019,2019-04-01,NJD,NYR,4,2
20182019,2019-04-01,NYI,TOR,1,2
20182019,2019-04-01,OTT,TBL,2,5
20182019,2019-04-01,STL,COL,3,2
20182019,2019-04-01,CHI,WPG,3,4
20182019,2019-04-01,VGK,EDM,3,1
20182019,2019-04-01,LAK,CGY,2,7
20182019,2019-04-02,BUF,NSH,2,3
20182019,2019-04-02,CBJ,BOS,2,6
20182019,2019-04-02,TOR,CAR,1,4
20182019,2019-04-02,MTL,TBL,4,2
20182019,2019-04-02,DET,PIT,4,1
20182019,2019-04-02,MIN,WPG,5,1
20182019,2019-04-02,DAL,PHI,6,2
20182019,2019-04-02,COL,EDM,6,2
20182019,2019-04-02,VAN,SJS,4,2
20182019,2019-04-02,ARI,LAK,1,3
20182019,2019-04-03,NYR,OTT,1,4
20182019,2019-04-03,CHI,STL,4,3
20182019,2019-04-03,ANA,CGY,3,1
20182019,2019-04-04,BUF,OTT,5,2
20182019,2019-04-04,TOR,TBL,1,3
20182019,2019-04-04,FLA,NYI,1,2
20182019,2019-04-04,PIT,DET,4,1
20182019,2019-04-04,WSH,MTL,2,1
20182019,2019-04-04,CAR,NJD,3,1
20182019,2019-04-04,STL,PHI,7,3
20182019,2019-04-04,NSH,VAN,3,2
20182019,2019-04-04,MIN,BOS,0,3
20182019,2019-04-04,COL,WPG,3,2
20182019,2019-04-04,EDM,SJS,2,3
20182019,2019-04-04,VGK,ARI,1,4
20182019,2019-04-05,NYR,CBJ,2,3
20182019,2019-04-05,CHI,DAL,6,1
20182019,2019-04-05,ANA,LAK,5,2
20182019,2019-04-06,BOS,TBL,3,6
20182019,2019-04-06,STL,VAN,3,2
20182019,2019-04-06,MTL,TOR,6,5
20182019,2019-04-06,OTT,CBJ,2,6
20182019,2019-04-06,DET,BUF,1,7
20182019,2019-04-06,FLA,NJD,3,4
20182019,2019-04-06,PHI,CAR,3,4
20182019,2019-04-06,PIT,NYR,3,4
20182019,2019-04-06,WSH,NYI,0,3
20182019,2019-04-06,NSH,CHI,5,2
20182019,2019-04-06,DAL,MIN,3,0
20182019,2019-04-06,CGY,EDM,1,3
20182019,2019-04-06,ARI,WPG,2,4
20182019,2019-04-06,LAK,VGK,5,2
20182019,2019-04-06,SJS,COL,5,2
20192020,2019-10-02,TOR,OTT,5,3
20192020,2019-10-02,STL,WSH,2,3
20192020,2019-10-02,EDM,VAN,3,2
20192020,2019-10-02,VGK,SJS,4,1
20192020,2019-10-03,TBL,FLA,5,2
20192020,2019-10-03,NYR,WPG,6,4
20192020,2019-10-03,PIT,BUF,1,3
20192020,2019-10-03,CAR,MTL,4,3
20192020,2019-10-03,NSH,MIN,5,2
20192020,2019-10-03,DAL,BOS,1,2
20192020,2019-10-03,COL,CGY,5,3
20192020,2019-10-03,ANA,ARI,2,1
20192020,2019-10-04,PHI,CHI,4,3
20192020,2019-10-04,NJD,WPG,4,5
20192020,2019-10-04,NYI,WSH,1,2
20192020,2019-10-04,CBJ,TOR,1,4
20192020,2019-10-04,SJS,VGK,1,5
20192020,2019-10-05,BUF,NJD,7,2
20192020,2019-10-05,TOR,MTL,5,6
20192020,2019-10-05,OTT,NYR,1,4
20192020,2019-10-05,FLA,TBL,4,3
20192020,2019-10-05,PIT,CBJ,7,2
20192020,2019-10-05,WSH,CAR,2,3
20192020,2019-10-05,STL,DAL,3,2
20192020,2019-10-05,NSH,DET,3,5
20192020,2019-10-05,COL,MIN,4,2
20192020,2019-10-05,ARI,BOS,0,1
20192020,2019-10-05,CGY,VAN,3,0
20192020,2019-10-05,EDM,LAK,6,5
20192020,2019-10-05,ANA,SJS,3,1
20192020,2019-10-06,CAR,TBL,4,3
20192020,2019-10-06,DET,DAL,4,3
20192020,2019-10-06,NYI,WPG,4,1
20192020,2019-10-07,TOR,STL,2,3
20192020,2019-10-07,CBJ,BUF,4,3
20192020,2019-10-08,FLA,CAR,3,6
20192020,2019-10-08,NYI,EDM,2,5
20192020,2019-10-08,PIT,WPG,1,4
20192020,2019-10-08,WSH,DAL,3,4
20192020,2019-10-08,DET,ANA,1,3
20192020,2019-10-08,NSH,SJS,5,2
20192020,2019-10-08,CGY,LAK,3,4
20192020,2019-10-08,VGK,BOS,3,4
20192020,2019-10-09,BUF,MTL,5,4
20192020,2019-10-09,PHI,NJD,4,0
20192020,2019-10-09,VAN,LAK,8,2
20192020,2019-10-10,TOR,TBL,3,7
20192020,2019-10-10,MTL,DET,2,4
20192020,2019-10-10,NJD,EDM,3,4
20192020,2019-10-10,PIT,ANA,2,1
20192020,2019-10-10,OTT,STL,4,6
20192020,2019-10-10,NSH,WSH,6,5
20192020,2019-10-10,WPG,MIN,5,2
20192020,2019-10-10,CHI,SJS,4,5
20192020,2019-10-10,DAL,CGY,2,3
20192020,2019-10-10,COL,BOS,4,2
20192020,2019-10-10,ARI,VGK,4,1
20192020,2019-10-11,BUF,FLA,3,2
20192020,2019-10-11,CBJ,ANA,1,2
20192020,2019-10-11,CAR,NYI,5,2
20192020,2019-10-12,NYR,EDM,1,4
20192020,2019-10-12,OTT,TBL,4,2
20192020,2019-10-12,LAK,NSH,7,4
20192020,2019-10-12,BOS,NJD,3,0
20192020,2019-10-12,MTL,STL,6,3
20192020,2019-10-12,DET,TOR,2,5
20192020,2019-10-12,NYI,FLA,3,2
20192020,2019-10-12,CAR,CBJ,2,3
20192020,2019-10-12,CHI,WPG,2,3
20192020,2019-10-12,DAL,WSH,1,4
20192020,2019-10-12,MIN,PIT,4,7
20192020,2019-10-12,COL,ARI,3,2
20192020,2019-10-12,VAN,PHI,3,2
20192020,2019-10-12,VGK,CGY,6,2
20192020,2019-10-13,WPG,PIT,2,7
20192020,2019-10-13,LAK,VGK,2,5
20192020,2019-10-13,SJS,CGY,3,1
20192020,2019-10-14,BOS,ANA,4,2
20192020,2019-10-14,OTT,MIN,0,2
20192020,2019-10-14,NJD,FLA,4,6
20192020,2019-10-14,NYI,STL,3,2
20192020,2019-10-14,BUF,DAL,4,0
20192020,2019-10-14,WSH,COL,3,6
20192020,2019-10-14,CHI,EDM,3,1
20192020,2019-10-15,TOR,MIN,4,2
20192020,2019-10-15,MTL,TBL,1,3
20192020,2019-10-15,WPG,ARI,2,4
20192020,2019-10-15,CGY,PHI,3,1
20192020,2019-10-15,VAN,DET,5,1
20192020,2019-10-15,VGK,NSH,2,5
20192020,2019-10-15,LAK,CAR,0,2
20192020,2019-10-16,PIT,COL,3,2
20192020,2019-10-16,WSH,TOR,4,3
20192020,2019-10-16,CBJ,DAL,3,2
20192020,2019-10-16,EDM,PHI,6,3
20192020,2019-10-16,ANA,BUF,5,2
20192020,2019-10-16,SJS,CAR,5,2
20192020,2019-10-17,BOS,TBL,3,4
20192020,2019-10-17,MTL,MIN,4,0
20192020,2019-10-17,NJD,NYR,5,2
20192020,2019-10-17,STL,VAN,3,4
20192020,2019-10-17,WPG,NYI,1,3
20192020,2019-10-17,CGY,DET,5,1
20192020,2019-10-17,ARI,NSH,5,2
20192020,2019-10-17,VGK,OTT,3,2
20192020,2019-10-17,LAK,BUF,0,3
20192020,2019-10-18,FLA,COL,4,5
20192020,2019-10-18,PIT,DAL,4,2
20192020,2019-10-18,WSH,NYR,5,2
20192020,2019-10-18,CHI,CBJ,3,2
20192020,2019-10-18,EDM,DET,2,1
20192020,2019-10-18,ANA,CAR,4,2
20192020,2019-10-19,NJD,VAN,1,0
20192020,2019-10-19,STL,MTL,2,5
20192020,2019-10-19,TOR,BOS,4,3
20192020,2019-10-19,TBL,COL,2,6
20192020,2019-10-19,PHI,DAL,1,4
20192020,2019-10-19,PIT,VGK,0,3
20192020,2019-10-19,CBJ,NYI,2,3
20192020,2019-10-19,ARI,OTT,5,2
20192020,2019-10-19,NSH,FLA,2,3
20192020,2019-10-19,LAK,CGY,4,1
20192020,2019-10-19,SJS,BUF,3,4
20192020,2019-10-20,NYR,VAN,2,3
20192020,2019-10-20,MIN,MTL,4,3
20192020,2019-10-20,CHI,WSH,3,5
20192020,2019-10-20,WPG,EDM,1,0
20192020,2019-10-20,ANA,CGY,1,2
20192020,2019-10-21,TOR,CBJ,3,4
20192020,2019-10-21,PHI,VGK,6,2
20192020,2019-10-21,STL,COL,3,1
20192020,2019-10-21,DAL,OTT,2,1
20192020,2019-10-22,BOS,TOR,4,2
20192020,2019-10-22,BUF,SJS,4,3
20192020,2019-10-22,FLA,PIT,4,2
20192020,2019-10-22,NYR,ARI,2,3
20192020,2019-10-22,DET,VAN,2,5
20192020,2019-10-22,NSH,ANA,6,1
20192020,2019-10-22,MIN,EDM,3,0
20192020,2019-10-22,WPG,LAK,2,3
20192020,2019-10-22,CHI,VGK,1,2
20192020,2019-10-22,CGY,WSH,3,5
20192020,2019-10-23,OTT,DET,5,2
20192020,2019-10-23,TBL,PIT,3,2
20192020,2019-10-24,MTL,SJS,2,4
20192020,2019-10-24,NYI,ARI,4,2
20192020,2019-10-24,NYR,BUF,6,2
20192020,2019-10-24,CBJ,CAR,4,3
20192020,2019-10-24,STL,LAK,5,2
20192020,2019-10-24,NSH,MIN,4,0
20192020,2019-10-24,CHI,PHI,1,4
20192020,2019-10-24,DAL,ANA,2,1
20192020,2019-10-24,CGY,FLA,6,5
20192020,2019-10-24,EDM,WSH,4,3
20192020,2019-10-25,VGK,COL,1,6
20192020,2019-10-25,TOR,SJS,4,1
20192020,2019-10-25,NJD,ARI,3,5
20192020,2019-10-25,OTT,NYI,2,4
20192020,2019-10-25,DET,BUF,0,2
20192020,2019-10-25,VAN,WSH,5,6
20192020,2019-10-26,CAR,CHI,4,0
20192020,2019-10-26,BOS,STL,3,0
20192020,2019-10-26,MTL,TOR,5,2
20192020,2019-10-26,TBL,NSH,2,3
20192020,2019-10-26,PHI,CBJ,7,4
20192020,2019-10-26,DAL,PIT,0,3
20192020,2019-10-26,MIN,LAK,5,1
20192020,2019-10-26,COL,ANA,2,5
20192020,2019-10-26,WPG,CGY,2,1
20192020,2019-10-27,EDM,FLA,2,6
20192020,2019-10-27,DET,STL,4,5
20192020,2019-10-27,OTT,SJS,5,2
20192020,2019-10-27,NYI,PHI,5,3
20192020,2019-10-27,NYR,BOS,4,7
20192020,2019-10-27,CHI,LAK,5,1
20192020,2019-10-27,VGK,ANA,5,2
20192020,2019-10-28,BUF,ARI,2,3
20192020,2019-10-28,VAN,FLA,7,2
20192020,2019-10-29,BOS,SJS,5,1
20192020,2019-10-29,TOR,WSH,3,4
20192020,2019-10-29,PIT,PHI,7,1
20192020,2019-10-29,CAR,CGY,2,1
20192020,2019-10-29,NYR,TBL,4,1
20192020,2019-10-29,DET,EDM,3,1
20192020,2019-10-29,NSH,CHI,3,0
20192020,2019-10-29,DAL,MIN,6,3
20192020,2019-10-29,ANA,WPG,7,4
20192020,2019-10-30,NJD,TBL,6,7
20192020,2019-10-30,CBJ,EDM,1,4
20192020,2019-10-30,STL,MIN,2,1
20192020,2019-10-30,COL,FLA,3,4
20192020,2019-10-30,ARI,MTL,1,4
20192020,2019-10-30,LAK,VAN,3,5
20192020,2019-10-31,NSH,CGY,5,6
20192020,2019-10-31,VGK,MTL,4,5
20192020,2019-11-01,NJD,PHI,3,4
20192020,2019-11-01,NYI,TBL,5,2
20192020,2019-11-01,WSH,BUF,6,1
20192020,2019-11-01,CAR,DET,7,3
20192020,2019-11-01,STL,CBJ,4,3
20192020,2019-11-01,COL,DAL,1,2
20192020,2019-11-01,ANA,VAN,2,1
20192020,2019-11-01,SJS,WPG,2,3
20192020,2019-11-02,PIT,EDM,1,2
20192020,2019-11-02,NSH,NYR,1,2
20192020,2019-11-02,BOS,OTT,5,2
20192020,2019-11-02,BUF,NYI,0,1
20192020,2019-11-02,FLA,DET,4,0
20192020,2019-11-02,PHI,TOR,3,4
20192020,2019-11-02,CAR,NJD,3,5
20192020,2019-11-02,CBJ,CGY,0,3
20192020,2019-11-02,DAL,MTL,4,1
20192020,2019-11-02,MIN,STL,3,4
20192020,2019-11-02,ARI,COL,3,0
20192020,2019-11-02,VGK,WPG,3,4
20192020,2019-11-02,SJS,VAN,2,5
20192020,2019-11-02,LAK,CHI,4,3
20192020,2019-11-03,WSH,CGY,4,2
20192020,2019-11-03,ANA,CHI,2,3
20192020,2019-11-04,BOS,PIT,6,4
20192020,2019-11-04,NYR,OTT,2,6
20192020,2019-11-04,DET,NSH,1,6
20192020,2019-11-04,EDM,ARI,2,3
20192020,2019-11-05,NYI,OTT,4,1
20192020,2019-11-05,PHI,CAR,4,1
20192020,2019-11-05,CBJ,VGK,1,2
20192020,2019-11-05,MTL,BOS,5,4
20192020,2019-11-05,TOR,LAK,3,1
20192020,2019-11-05,WPG,NJD,1,2
20192020,2019-11-05,DAL,COL,4,1
20192020,2019-11-05,CGY,ARI,4,3
20192020,2019-11-05,VAN,STL,1,2
20192020,2019-11-05,ANA,MIN,2,4
20192020,2019-11-05,SJS,CHI,4,2
20192020,2019-11-06,NYR,DET,5,1
20192020,2019-11-06,EDM,STL,2,5
20192020,2019-11-07,TOR,VGK,2,1
20192020,2019-11-07,FLA,WSH,4,5
20192020,2019-11-07,NYI,PIT,3,4
20192020,2019-11-07,PHI,MTL,3,2
20192020,2019-11-07,CAR,NYR,2,4
20192020,2019-11-07,OTT,LAK,3,2
20192020,2019-11-07,CHI,VAN,5,2
20192020,2019-11-07,COL,NSH,9,4
20192020,2019-11-07,CGY,NJD,5,2
20192020,2019-11-07,ARI,CBJ,2,3
20192020,2019-11-07,SJS,MIN,6,5
20192020,2019-11-08,BUF,TBL,2,3
20192020,2019-11-08,DET,BOS,4,2
20192020,2019-11-08,WPG,VAN,4,1
20192020,2019-11-08,EDM,NJD,4,0
20192020,2019-11-09,NYI,FLA,2,1
20192020,2019-11-09,TBL,BUF,5,3
20192020,2019-11-09,TOR,PHI,2,3
20192020,2019-11-09,MTL,LAK,3,2
20192020,2019-11-09,OTT,CAR,4,1
20192020,2019-11-09,PIT,CHI,3,2
20192020,2019-11-09,WSH,VGK,5,2
20192020,2019-11-09,ARI,MIN,3,4
20192020,2019-11-09,COL,CBJ,4,2
20192020,2019-11-09,CGY,STL,2,3
20192020,2019-11-09,SJS,NSH,2,1
20192020,2019-11-10,NYR,FLA,5,6
20192020,2019-11-10,WPG,DAL,3,2
20192020,2019-11-10,VAN,NJD,1,2
20192020,2019-11-10,DET,VGK,3,2
20192020,2019-11-10,BOS,PHI,2,3
20192020,2019-11-10,CHI,TOR,5,4
20192020,2019-11-10,ANA,EDM,2,6
20192020,2019-11-11,WSH,ARI,3,4
20192020,2019-11-11,CAR,OTT,8,2
20192020,2019-11-12,BOS,FLA,4,5
20192020,2019-11-12,MTL,CBJ,3,2
20192020,2019-11-12,NYR,PIT,3,2
20192020,2019-11-12,STL,ARI,2,3
20192020,2019-11-12,WPG,COL,0,4
20192020,2019-11-12,VAN,NSH,5,3
20192020,2019-11-12,ANA,DET,3,4
20192020,2019-11-12,LAK,MIN,3,1
20192020,2019-11-12,SJS,EDM,6,3
20192020,2019-11-13,NJD,OTT,2,4
20192020,2019-11-13,NYI,TOR,5,4
20192020,2019-11-13,PHI,WSH,1,2
20192020,2019-11-13,CGY,DAL,1,3
20192020,2019-11-13,VGK,CHI,3,5
20192020,2019-11-14,BUF,CAR,4,5
20192020,2019-11-14,TBL,NYR,9,3
20192020,2019-11-14,FLA,WPG,3,4
20192020,2019-11-14,MIN,ARI,3,2
20192020,2019-11-14,EDM,COL,6,2
20192020,2019-11-14,VAN,DAL,2,4
20192020,2019-11-14,ANA,SJS,3,5
20192020,2019-11-14,LAK,DET,3,2
20192020,2019-11-15,TOR,BOS,2,4
20192020,2019-11-15,NJD,PIT,2,1
20192020,2019-11-15,WSH,MTL,2,5
20192020,2019-11-15,CBJ,STL,3,2
20192020,2019-11-15,OTT,PHI,2,1
20192020,2019-11-16,MIN,CAR,3,4
20192020,2019-11-16,TBL,WPG,3,4
20192020,2019-11-16,EDM,DAL,4,5
20192020,2019-11-16,ARI,CGY,3,0
20192020,2019-11-16,LAK,VGK,4,3
20192020,2019-11-16,BOS,WSH,2,3
20192020,2019-11-16,BUF,OTT,4,2
20192020,2019-11-16,MTL,NJD,3,4
20192020,2019-11-16,FLA,NYR,4,3
20192020,2019-11-16,PHI,NYI,3,4
20192020,2019-11-16,PIT,TOR,6,1
20192020,2019-11-16,STL,ANA,1,4
20192020,2019-11-16,NSH,CHI,2,7
20192020,2019-11-16,VAN,COL,4,5
20192020,2019-11-16,SJS,DET,4,3
20192020,2019-11-17,CHI,BUF,4,1
20192020,2019-11-17,VGK,CGY,6,0
20192020,2019-11-18,WSH,ANA,5,2
20192020,2019-11-18,ARI,LAK,3,0
20192020,2019-11-19,BUF,MIN,1,4
20192020,2019-11-19,FLA,PHI,5,2
20192020,2019-11-19,NJD,BOS,1,5
20192020,2019-11-19,PIT,NYI,4,5
20192020,2019-11-19,CBJ,MTL,5,2
20192020,2019-11-19,DET,OTT,3,4
20192020,2019-11-19,STL,TBL,3,1
20192020,2019-11-19,NSH,WPG,1,2
20192020,2019-11-19,CHI,CAR,2,4
20192020,2019-11-19,DAL,VAN,6,1
20192020,2019-11-19,CGY,COL,2,3
20192020,2019-11-19,VGK,TOR,4,2
20192020,2019-11-19,SJS,EDM,2,5
20192020,2019-11-20,MTL,OTT,1,2
20192020,2019-11-20,NYR,WSH,4,1
20192020,2019-11-21,BOS,BUF,3,2
20192020,2019-11-21,FLA,ANA,5,4
20192020,2019-11-21,NYI,PIT,4,3
20192020,2019-11-21,CAR,PHI,3,5
20192020,2019-11-21,CBJ,DET,5,4
20192020,2019-11-21,STL,CGY,5,0
20192020,2019-11-21,NSH,VAN,3,6
20192020,2019-11-21,MIN,COL,3,2
20192020,2019-11-21,CHI,TBL,2,4
20192020,2019-11-21,DAL,WPG,5,3
20192020,2019-11-21,ARI,TOR,1,3
20192020,2019-11-21,VGK,SJS,1,2
20192020,2019-11-21,LAK,EDM,5,1
20192020,2019-11-22,PIT,NJD,4,1
20192020,2019-11-22,OTT,NYR,4,1
20192020,2019-11-23,WSH,VAN,1,2
20192020,2019-11-23,PHI,CGY,2,3
20192020,2019-11-23,LAK,ARI,2,3
20192020,2019-11-23,BOS,MIN,5,4
20192020,2019-11-23,MTL,NYR,5,6
20192020,2019-11-23,TBL,ANA,6,2
20192020,2019-11-23,NJD,DET,5,1
20192020,2019-11-23,CAR,FLA,4,2
20192020,2019-11-23,WPG,CBJ,4,3
20192020,2019-11-23,COL,TOR,3,5
20192020,2019-11-23,STL,NSH,2,4
20192020,2019-11-23,DAL,CHI,2,1
20192020,2019-11-23,VGK,EDM,2,4
20192020,2019-11-23,SJS,NYI,2,1
20192020,2019-11-24,FLA,BUF,2,5
20192020,2019-11-24,DET,CAR,0,2
20192020,2019-11-24,ARI,EDM,3,4
20192020,2019-11-25,TBL,BUF,5,2
20192020,2019-11-25,NYR,MIN,3,2
20192020,2019-11-25,PHI,VAN,2,1
20192020,2019-11-25,PIT,CGY,3,2
20192020,2019-11-25,CBJ,OTT,1,0
20192020,2019-11-25,NSH,STL,3,2
20192020,2019-11-25,DAL,VGK,4,2
20192020,2019-11-25,ANA,NYI,3,0
20192020,2019-11-25,LAK,SJS,3,4
20192020,2019-11-26,MTL,BOS,1,8
20192020,2019-11-26,NJD,MIN,2,3
20192020,2019-11-26,CHI,DAL,3,0
20192020,2019-11-27,BUF,CGY,2,3
20192020,2019-11-27,OTT,BOS,1,2
20192020,2019-11-27,DET,TOR,0,6
20192020,2019-11-27,TBL,STL,3,4
20192020,2019-11-27,NYR,CAR,3,2
20192020,2019-11-27,PIT,VAN,8,6
20192020,2019-11-27,WSH,FLA,4,3
20192020,2019-11-27,CBJ,PHI,2,3
20192020,2019-11-27,NSH,VGK,3,4
20192020,2019-11-27,ARI,ANA,4,3
20192020,2019-11-27,COL,EDM,4,1
20192020,2019-11-27,LAK,NYI,4,1
20192020,2019-11-27,SJS,WPG,1,5
20192020,2019-11-28,MTL,NJD,4,6
20192020,2019-11-29,BOS,NYR,3,2
20192020,2019-11-29,BUF,TOR,6,4
20192020,2019-11-29,PHI,DET,6,1
20192020,2019-11-29,CHI,COL,2,5
20192020,2019-11-29,MIN,OTT,7,2
20192020,2019-11-29,ANA,WPG,0,3
20192020,2019-11-29,SJS,LAK,4,1
20192020,2019-11-29,WSH,TBL,4,3
20192020,2019-11-29,VGK,ARI,2,1
20192020,2019-11-29,CBJ,PIT,5,2
20192020,2019-11-29,CAR,NSH,0,3
20192020,2019-11-29,DAL,STL,1,3
20192020,2019-11-30,NJD,NYR,0,4
20192020,2019-11-30,MTL,PHI,3,4
20192020,2019-11-30,TOR,BUF,2,1
20192020,2019-11-30,DET,WSH,2,5
20192020,2019-11-30,TBL,CAR,2,3
20192020,2019-11-30,FLA,NSH,3,0
20192020,2019-11-30,NYI,CBJ,2,0
20192020,2019-11-30,CGY,OTT,3,1
20192020,2019-11-30,STL,PIT,5,2
20192020,2019-11-30,ARI,SJS,2,4
20192020,2019-11-30,COL,CHI,7,3
20192020,2019-11-30,EDM,VAN,2,5
20192020,2019-11-30,LAK,WPG,2,1
20192020,2019-12-01,MIN,DAL,3,2
20192020,2019-12-01,BOS,MTL,3,1
20192020,2019-12-01,VAN,EDM,2,3
20192020,2019-12-02,BUF,NJD,7,1
20192020,2019-12-02,NYR,VGK,1,4
20192020,2019-12-02,DET,NYI,1,4
20192020,2019-12-02,CHI,STL,0,4
20192020,2019-12-02,ANA,LAK,4,2
20192020,2019-12-03,BOS,CAR,2,0
20192020,2019-12-03,MTL,NYI,4,2
20192020,2019-12-03,FLA,MIN,2,4
20192020,2019-12-03,NJD,VGK,3,4
20192020,2019-12-03,PHI,TOR,6,1
20192020,2019-12-03,CBJ,ARI,2,4
20192020,2019-12-03,NSH,TBL,2,3
20192020,2019-12-03,WPG,DAL,5,1
20192020,2019-12-03,VAN,OTT,5,2
20192020,2019-12-03,SJS,WSH,2,5
20192020,2019-12-04,TOR,COL,1,3
20192020,2019-12-04,PIT,STL,3,0
20192020,2019-12-04,EDM,OTT,2,5
20192020,2019-12-04,LAK,WSH,1,3
20192020,2019-12-05,BOS,CHI,3,4
20192020,2019-12-05,MTL,COL,2,3
20192020,2019-12-05,TBL,MIN,4,5
20192020,2019-12-05,NYI,VGK,3,2
20192020,2019-12-05,PHI,ARI,1,3
20192020,2019-12-05,CAR,SJS,3,2
20192020,2019-12-05,CBJ,NYR,2,3
20192020,2019-12-05,DAL,WPG,3,2
20192020,2019-12-05,CGY,BUF,4,3
20192020,2019-12-06,NJD,CHI,1,2
20192020,2019-12-06,NYR,MTL,1,2
20192020,2019-12-06,PIT,ARI,2,0
20192020,2019-12-06,EDM,LAK,2,1
20192020,2019-12-06,ANA,WSH,2,3
20192020,2019-12-07,PHI,OTT,4,3
20192020,2019-12-07,VAN,BUF,6,5
20192020,2019-12-07,BOS,COL,1,4
20192020,2019-12-07,DET,PIT,3,5
20192020,2019-12-07,TBL,SJS,7,1
20192020,2019-12-07,FLA,CBJ,4,1
20192020,2019-12-07,CAR,MIN,6,2
20192020,2019-12-07,STL,TOR,2,5
20192020,2019-12-07,NSH,NJD,6,4
20192020,2019-12-07,DAL,NYI,3,1
20192020,2019-12-07,CGY,LAK,4,3
20192020,2019-12-08,WPG,ANA,3,2
20192020,2019-12-08,FLA,SJS,5,1
20192020,2019-12-08,CHI,ARI,3,4
20192020,2019-12-08,VGK,NYR,0,5
20192020,2019-12-08,EDM,BUF,2,3
20192020,2019-12-09,TBL,NYI,1,5
20192020,2019-12-09,WSH,CBJ,2,5
20192020,2019-12-09,OTT,BOS,5,2
20192020,2019-12-09,COL,CGY,4,5
20192020,2019-12-10,FLA,TBL,1,2
20192020,2019-12-10,PIT,MTL,1,4
20192020,2019-12-10,BUF,STL,5,2
20192020,2019-12-10,NSH,SJS,3,1
20192020,2019-12-10,MIN,ANA,2,3
20192020,2019-12-10,WPG,DET,5,1
20192020,2019-12-10,DAL,NJD,2,0
20192020,2019-12-10,EDM,CAR,3,6
20192020,2019-12-10,ARI,CGY,2,5
20192020,2019-12-10,VAN,TOR,1,4
20192020,2019-12-10,VGK,CHI,5,1
20192020,2019-12-10,LAK,NYR,3,1
20192020,2019-12-11,WSH,BOS,3,2
20192020,2019-12-11,MTL,OTT,3,2
20192020,2019-12-11,COL,PHI,3,1
20192020,2019-12-12,BUF,NSH,4,3
20192020,2019-12-12,TBL,BOS,3,2
20192020,2019-12-12,FLA,NYI,1,3
20192020,2019-12-12,PIT,CBJ,1,0
20192020,2019-12-12,DET,WPG,5,2
20192020,2019-12-12,STL,VGK,4,2
20192020,2019-12-12,MIN,EDM,6,5
20192020,2019-12-12,CGY,TOR,4,2
20192020,2019-12-12,ARI,CHI,5,2
20192020,2019-12-12,VAN,CAR,1,0
20192020,2019-12-12,ANA,LAK,1,2
20192020,2019-12-12,SJS,NYR,3,6
20192020,2019-12-13,DAL,VGK,2,3
20192020,2019-12-13,COL,NJD,3,1
20192020,2019-12-14,OTT,CBJ,4,3
20192020,2019-12-14,NYI,BUF,3,2
20192020,2019-12-14,CGY,CAR,0,4
20192020,2019-12-14,ANA,NYR,4,3
20192020,2019-12-14,NSH,DAL,1,4
20192020,2019-12-14,MTL,DET,1,2
20192020,2019-12-14,TBL,WSH,2,5
20192020,2019-12-14,FLA,BOS,2,4
20192020,2019-12-14,PIT,LAK,5,4
20192020,2019-12-14,MIN,PHI,4,1
20192020,2019-12-14,EDM,TOR,1,4
20192020,2019-12-14,STL,CHI,4,3
20192020,2019-12-14,ARI,NJD,1,2
20192020,2019-12-14,SJS,VAN,4,2
20192020,2019-12-15,WPG,PHI,7,3
20192020,2019-12-15,DET,LAK,2,4
20192020,2019-12-15,CHI,MIN,5,3
20192020,2019-12-15,VGK,VAN,6,3
20192020,2019-12-16,FLA,OTT,6,1
20192020,2019-12-16,NYR,NSH,2,5
20192020,2019-12-16,CBJ,WSH,3,0
20192020,2019-12-16,STL,COL,5,2
20192020,2019-12-16,DAL,EDM,1,2
20192020,2019-12-17,BOS,LAK,3,4
20192020,2019-12-17,TOR,BUF,5,3
20192020,2019-12-17,TBL,OTT,4,3
20192020,2019-12-17,NYI,NSH,3,8
20192020,2019-12-17,PHI,ANA,4,1
20192020,2019-12-17,DET,CBJ,3,5
20192020,2019-12-17,WPG,CAR,3,6
20192020,2019-12-17,CGY,PIT,1,4
20192020,2019-12-17,VAN,MTL,1,3
20192020,2019-12-17,VGK,MIN,3,2
20192020,2019-12-17,SJS,ARI,2,3
20192020,2019-12-18,NJD,ANA,3,1
20192020,2019-12-18,CHI,COL,1,4
20192020,2019-12-18,STL,EDM,2,1
20192020,2019-12-19,BOS,NYI,2,3
20192020,2019-12-19,TBL,DAL,3,4
20192020,2019-12-19,PHI,BUF,6,1
20192020,2019-12-19,CBJ,LAK,3,2
20192020,2019-12-19,OTT,NSH,5,4
20192020,2019-12-19,WPG,CHI,1,4
20192020,2019-12-19,COL,CAR,1,3
20192020,2019-12-19,CGY,MTL,3,4
20192020,2019-12-19,ARI,MIN,5,8
20192020,2019-12-19,VAN,VGK,5,4
20192020,2019-12-20,FLA,DAL,7,4
20192020,2019-12-20,NJD,WSH,3,6
20192020,2019-12-20,NYR,TOR,3,6
20192020,2019-12-20,EDM,PIT,2,5
20192020,2019-12-21,BUF,LAK,3,2
20192020,2019-12-21,NYI,ANA,5,6
20192020,2019-12-21,MIN,WPG,0,6
20192020,2019-12-21,BOS,NSH,3,4
20192020,2019-12-21,TOR,DET,4,1
20192020,2019-12-21,OTT,PHI,4,5
20192020,2019-12-21,WSH,TBL,3,1
20192020,2019-12-21,CAR,FLA,2,4
20192020,2019-12-21,CBJ,NJD,5,1
20192020,2019-12-21,EDM,MTL,4,3
20192020,2019-12-21,COL,CHI,3,5
20192020,2019-12-21,VAN,PIT,4,1
20192020,2019-12-21,SJS,STL,2,5
20192020,2019-12-22,NYR,ANA,5,1
20192020,2019-12-22,DET,ARI,2,5
20192020,2019-12-22,DAL,CGY,1,5
20192020,2019-12-22,SJS,VGK,1,3
20192020,2019-12-23,TOR,CAR,8,6
20192020,2019-12-23,MIN,CGY,3,0
20192020,2019-12-23,BOS,WSH,7,3
20192020,2019-12-23,TBL,FLA,6,1
20192020,2019-12-23,NYI,CBJ,2,3
20192020,2019-12-23,PHI,NYR,5,1
20192020,2019-12-23,OTT,BUF,3,1
20192020,2019-12-23,NSH,ARI,3,2
20192020,2019-12-23,WPG,MTL,2,6
20192020,2019-12-23,CHI,NJD,1,7
20192020,2019-12-23,VAN,EDM,4,2
20192020,2019-12-23,VGK,COL,3,7
20192020,2019-12-23,LAK,STL,1,4
20192020,2019-12-27,BUF,BOS,0,3
20192020,2019-12-27,NJD,TOR,4,5
20192020,2019-12-27,NYR,CAR,5,3
20192020,2019-12-27,WSH,CBJ,2,1
20192020,2019-12-27,NSH,PIT,2,5
20192020,2019-12-27,WPG,STL,4,5
20192020,2019-12-27,COL,MIN,4,6
20192020,2019-12-27,CHI,NYI,5,2
20192020,2019-12-27,EDM,CGY,1,5
20192020,2019-12-27,ANA,VGK,4,3
20192020,2019-12-27,SJS,LAK,2,3
20192020,2019-12-28,TOR,NYR,4,5
20192020,2019-12-28,TBL,MTL,5,4
20192020,2019-12-28,FLA,DET,5,4
20192020,2019-12-28,PIT,NSH,6,4
20192020,2019-12-28,CAR,WSH,6,4
20192020,2019-12-28,DAL,COL,3,2
20192020,2019-12-28,VAN,LAK,3,2
20192020,2019-12-28,VGK,ARI,4,1
20192020,2019-12-28,SJS,PHI,6,1
20192020,2019-12-29,STL,WPG,4,1
20192020,2019-12-29,OTT,NJD,3,4
20192020,2019-12-29,CBJ,CHI,2,3
20192020,2019-12-29,MIN,NYI,1,3
20192020,2019-12-29,BOS,BUF,3,2
20192020,2019-12-29,TBL,DET,2,1
20192020,2019-12-29,FLA,MTL,6,5
20192020,2019-12-29,ARI,DAL,2,4
20192020,2019-12-29,ANA,PHI,1,2
20192020,2019-12-29,CGY,VAN,2,5
20192020,2019-12-30,PIT,OTT,5,2
20192020,2019-12-31,NJD,BOS,3,2
20192020,2019-12-31,WSH,NYI,3,4
20192020,2019-12-31,VGK,ANA,5,2
20192020,2019-12-31,MIN,TOR,1,4
20192020,2019-12-31,BUF,TBL,4,6
20192020,2019-12-31,CAR,MTL,3,1
20192020,2019-12-31,CBJ,FLA,4,1
20192020,2019-12-31,DET,SJS,2,0
20192020,2019-12-31,COL,WPG,4,7
20192020,2019-12-31,CGY,CHI,3,5
20192020,2019-12-31,EDM,NYR,7,5
20192020,2019-12-31,ARI,STL,3,1
20192020,2019-12-31,LAK,PHI,5,3
20192020,2020-01-01,DAL,NSH,4,2
20192020,2020-01-02,BOS,CBJ,1,2
20192020,2020-01-02,BUF,EDM,3,2
20192020,2020-01-02,MTL,TBL,1,2
20192020,2020-01-02,NYI,NJD,1,2
20192020,2020-01-02,PIT,SJS,2,3
20192020,2020-01-02,OTT,FLA,3,6
20192020,2020-01-02,WPG,TOR,3,6
20192020,2020-01-02,CGY,NYR,4,3
20192020,2020-01-02,ARI,ANA,4,2
20192020,2020-01-02,COL,STL,7,3
20192020,2020-01-02,VAN,CHI,7,5
20192020,2020-01-02,VGK,PHI,5,4
20192020,2020-01-03,CAR,WSH,3,4
20192020,2020-01-03,DAL,DET,4,1
20192020,2020-01-04,BOS,EDM,1,4
20192020,2020-01-04,CBJ,SJS,2,3
20192020,2020-01-04,BUF,FLA,3,2
20192020,2020-01-04,MIN,WPG,3,2
20192020,2020-01-04,VGK,STL,5,4
20192020,2020-01-04,TOR,NYI,3,0
20192020,2020-01-04,MTL,PIT,2,3
20192020,2020-01-04,OTT,TBL,3,5
20192020,2020-01-04,NJD,COL,2,5
20192020,2020-01-04,ARI,PHI,6,2
20192020,2020-01-04,VAN,NYR,2,1
20192020,2020-01-04,LAK,NSH,1,4
20192020,2020-01-05,WSH,SJS,5,4
20192020,2020-01-05,PIT,FLA,1,4
20192020,2020-01-05,CAR,TBL,1,3
20192020,2020-01-05,MIN,CGY,4,5
20192020,2020-01-05,CHI,DET,4,2
20192020,2020-01-05,ANA,NSH,5,4
20192020,2020-01-06,TOR,EDM,4,6
20192020,2020-01-06,MTL,WPG,2,3
20192020,2020-01-06,NYI,COL,1,0
20192020,2020-01-06,LAK,CBJ,2,4
20192020,2020-01-07,TBL,VAN,9,2
20192020,2020-01-07,FLA,ARI,2,5
20192020,2020-01-07,NJD,NYI,3,4
20192020,2020-01-07,WSH,OTT,6,1
20192020,2020-01-07,CAR,PHI,5,4
20192020,2020-01-07,NYR,COL,5,3
20192020,2020-01-07,DET,MTL,4,3
20192020,2020-01-07,STL,SJS,3,2
20192020,2020-01-07,NSH,BOS,2,6
20192020,2020-01-07,CHI,CGY,1,2
20192020,2020-01-07,VGK,PIT,3,4
20192020,2020-01-07,ANA,CBJ,3,4
20192020,2020-01-08,TOR,WPG,3,4
20192020,2020-01-08,PHI,WSH,3,2
20192020,2020-01-08,LAK,DAL,1,2
20192020,2020-01-09,BOS,WPG,5,4
20192020,2020-01-09,MTL,EDM,2,4
20192020,2020-01-09,TBL,ARI,4,0
20192020,2020-01-09,FLA,VAN,5,2
20192020,2020-01-09,NYR,NJD,6,3
20192020,2020-01-09,STL,BUF,5,1
20192020,2020-01-09,CHI,NSH,2,5
20192020,2020-01-09,CGY,MIN,2,1
20192020,2020-01-09,VGK,LAK,2,5
20192020,2020-01-09,ANA,DAL,0,3
20192020,2020-01-09,SJS,CBJ,3,1
20192020,2020-01-10,DET,OTT,3,2
20192020,2020-01-10,CAR,ARI,3,0
20192020,2020-01-10,COL,PIT,3,4
20192020,2020-01-11,BUF,VAN,3,6
20192020,2020-01-11,OTT,MTL,1,2
20192020,2020-01-11,NYI,BOS,2,3
20192020,2020-01-11,PHI,TBL,0,1
20192020,2020-01-11,WSH,NJD,1,5
20192020,2020-01-11,CAR,LAK,2,0
20192020,2020-01-11,STL,NYR,5,2
20192020,2020-01-11,CHI,ANA,4,2
20192020,2020-01-11,CGY,EDM,4,3
20192020,2020-01-11,VGK,CBJ,0,3
20192020,2020-01-11,SJS,DAL,2,1
20192020,2020-01-12,WPG,NSH,0,1
20192020,2020-01-12,MIN,VAN,1,4
20192020,2020-01-12,DET,BUF,1,5
20192020,2020-01-12,ARI,PIT,3,4
20192020,2020-01-12,FLA,TOR,8,4
20192020,2020-01-12,NJD,TBL,3,1
20192020,2020-01-13,MTL,CGY,2,0
20192020,2020-01-13,NYR,NYI,6,2
20192020,2020-01-13,PHI,BOS,6,5
20192020,2020-01-13,WSH,CAR,2,0
20192020,2020-01-13,STL,ANA,4,1
20192020,2020-01-14,BUF,VGK,4,2
20192020,2020-01-14,TOR,NJD,7,4
20192020,2020-01-14,TBL,LAK,4,3
20192020,2020-01-14,NYI,DET,8,2
20192020,2020-01-14,PIT,MIN,7,3
20192020,2020-01-14,CBJ,BOS,3,0
20192020,2020-01-14,OTT,CHI,2,3
20192020,2020-01-14,WPG,VAN,4,0
20192020,2020-01-14,COL,DAL,2,3
20192020,2020-01-14,EDM,NSH,4,2
20192020,2020-01-14,ARI,SJS,6,3
20192020,2020-01-15,MTL,CHI,1,4
20192020,2020-01-15,STL,PHI,3,4
20192020,2020-01-16,BOS,PIT,4,1
20192020,2020-01-16,TOR,CGY,1,2
20192020,2020-01-16,FLA,LAK,4,3
20192020,2020-01-16,NYI,NYR,2,3
20192020,2020-01-16,PHI,MTL,1,4
20192020,2020-01-16,WSH,NJD,5,2
20192020,2020-01-16,CBJ,CAR,3,2
20192020,2020-01-16,OTT,VGK,2,4
20192020,2020-01-16,NSH,ANA,2,4
20192020,2020-01-16,MIN,TBL,3,2
20192020,2020-01-16,DAL,BUF,1,4
20192020,2020-01-16,COL,SJS,4,0
20192020,2020-01-16,VAN,ARI,3,1
20192020,2020-01-17,DET,PIT,1,2
20192020,2020-01-17,CAR,ANA,1,2
20192020,2020-01-17,WPG,TBL,1,7
20192020,2020-01-18,NYI,WSH,4,6
20192020,2020-01-18,COL,STL,5,3
20192020,2020-01-18,EDM,ARI,7,3
20192020,2020-01-18,OTT,CGY,5,2
20192020,2020-01-18,TOR,CHI,2,6
20192020,2020-01-18,MTL,VGK,5,4
20192020,2020-01-18,DET,FLA,1,4
20192020,2020-01-18,PHI,LAK,4,1
20192020,2020-01-18,CBJ,NJD,5,0
20192020,2020-01-18,NSH,BUF,2,1
20192020,2020-01-18,MIN,DAL,7,0
20192020,2020-01-18,VAN,SJS,4,1
20192020,2020-01-19,PIT,BOS,4,3
20192020,2020-01-19,CAR,NYI,2,1
20192020,2020-01-19,NYR,CBJ,1,2
20192020,2020-01-19,CHI,WPG,5,2
20192020,2020-01-20,COL,DET,6,3
20192020,2020-01-20,MIN,FLA,4,5
20192020,2020-01-21,BOS,VGK,3,2
20192020,2020-01-21,NYR,NYI,2,4
20192020,2020-01-21,CAR,WPG,4,1
20192020,2020-01-21,PHI,PIT,3,0
20192020,2020-01-21,CHI,FLA,3,4
20192020,2020-01-22,CBJ,WPG,4,3
20192020,2020-01-22,MIN,DET,4,2
20192020,2020-01-27,MTL,WSH,2,4
20192020,2020-01-27,OTT,NJD,3,4
20192020,2020-01-27,NSH,TOR,2,5
20192020,2020-01-27,DAL,TBL,3,2
20192020,2020-01-27,VAN,STL,3,1
20192020,2020-01-27,SJS,ANA,4,2
20192020,2020-01-28,BUF,OTT,2,5
20192020,2020-01-28,CGY,STL,4,5
20192020,2020-01-29,WSH,NSH,4,5
20192020,2020-01-29,DAL,TOR,3,5
20192020,2020-01-29,EDM,CGY,3,4
20192020,2020-01-29,ANA,ARI,4,2
20192020,2020-01-29,LAK,TBL,2,4
20192020,2020-01-29,SJS,VAN,2,5
20192020,2020-01-30,BUF,MTL,1,3
20192020,2020-01-30,NJD,NSH,5,6
20192020,2020-01-30,ARI,LAK,2,3
20192020,2020-01-31,NYR,DET,4,2
20192020,2020-01-31,PIT,PHI,4,3
20192020,2020-01-31,OTT,WSH,3,5
20192020,2020-01-31,CAR,VGK,3,4
20192020,2020-01-31,WPG,BOS,1,2
20192020,2020-01-31,EDM,STL,4,2
20192020,2020-01-31,ANA,TBL,3,4
20192020,2020-02-01,BUF,CBJ,2,1
20192020,2020-02-01,NYI,VAN,3,4
20192020,2020-02-01,MTL,FLA,4,0
20192020,2020-02-01,TOR,OTT,2,1
20192020,2020-02-01,DET,NYR,0,1
20192020,2020-02-01,NJD,DAL,2,3
20192020,2020-02-01,PHI,COL,6,3
20192020,2020-02-01,WPG,STL,5,2
20192020,2020-02-01,NSH,VGK,0,3
20192020,2020-02-01,MIN,BOS,1,6
20192020,2020-02-01,ARI,CHI,2,3
20192020,2020-02-01,CGY,EDM,3,8
20192020,2020-02-01,LAK,ANA,1,3
20192020,2020-02-01,SJS,TBL,0,3
20192020,2020-02-02,WSH,PIT,3,4
20192020,2020-02-02,MTL,CBJ,3,4
20192020,2020-02-02,CAR,VAN,4,3
20192020,2020-02-03,TOR,FLA,3,5
20192020,2020-02-03,NYR,DAL,3,5
20192020,2020-02-03,DET,PHI,0,3
20192020,2020-02-04,BOS,VAN,4,0
20192020,2020-02-04,BUF,COL,1,6
20192020,2020-02-04,TBL,VGK,4,2
20192020,2020-02-04,NJD,MTL,4,5
20192020,2020-02-04,NYI,DAL,4,3
20192020,2020-02-04,WSH,LAK,4,2
20192020,2020-02-04,CBJ,FLA,1,0
20192020,2020-02-04,OTT,ANA,2,3
20192020,2020-02-04,STL,CAR,6,3
20192020,2020-02-04,MIN,CHI,3,2
20192020,2020-02-04,WPG,NSH,1,2
20192020,2020-02-04,CGY,SJS,1,3
20192020,2020-02-04,ARI,EDM,3,0
20192020,2020-02-05,NYR,TOR,5,3
20192020,2020-02-05,CHI,BOS,1,2
20192020,2020-02-06,BUF,DET,3,4
20192020,2020-02-06,MTL,ANA,3,2
20192020,2020-02-06,TBL,PIT,4,2
20192020,2020-02-06,FLA,VGK,2,7
20192020,2020-02-06,NYI,LAK,5,3
20192020,2020-02-06,PHI,NJD,0,5
20192020,2020-02-06,OTT,COL,1,4
20192020,2020-02-06,STL,WPG,2,4
20192020,2020-02-06,MIN,VAN,4,2
20192020,2020-02-06,CGY,NSH,2,3
20192020,2020-02-06,ARI,CAR,3,5
20192020,2020-02-06,EDM,SJS,3,6
20192020,2020-02-07,TOR,ANA,5,4
20192020,2020-02-07,NYR,BUF,2,3
20192020,2020-02-07,CBJ,DET,2,0
20192020,2020-02-07,DAL,MIN,2,3
20192020,2020-02-08,WPG,OTT,5,2
20192020,2020-02-08,BOS,ARI,4,2
20192020,2020-02-08,MTL,TOR,2,1
20192020,2020-02-08,TBL,NYI,3,1
20192020,2020-02-08,FLA,PIT,2,3
20192020,2020-02-08,NJD,LAK,3,0
20192020,2020-02-08,WSH,PHI,2,7
20192020,2020-02-08,CBJ,COL,1,2
20192020,2020-02-08,EDM,NSH,3,2
20192020,2020-02-08,STL,DAL,2,3
20192020,2020-02-08,VAN,CGY,2,6
20192020,2020-02-08,VGK,CAR,5,6
20192020,2020-02-09,DET,BOS,3,1
20192020,2020-02-09,BUF,ANA,2,3
20192020,2020-02-09,NYR,LAK,4,1
20192020,2020-02-09,WPG,CHI,5,2
20192020,2020-02-09,MIN,COL,2,3
20192020,2020-02-10,MTL,ARI,2,3
20192020,2020-02-10,PHI,FLA,4,1
20192020,2020-02-10,WSH,NYI,3,5
20192020,2020-02-10,CBJ,TBL,1,2
20192020,2020-02-10,VAN,NSH,6,2
20192020,2020-02-10,SJS,CGY,2,6
20192020,2020-02-11,BUF,DET,3,2
20192020,2020-02-11,TOR,ARI,3,2
20192020,2020-02-11,NJD,FLA,3,5
20192020,2020-02-11,NYI,PHI,5,3
20192020,2020-02-11,PIT,TBL,1,2
20192020,2020-02-11,MIN,VGK,4,0
20192020,2020-02-11,WPG,NYR,1,4
20192020,2020-02-11,DAL,CAR,4,1
20192020,2020-02-11,COL,OTT,3,0
20192020,2020-02-11,EDM,CHI,5,3
20192020,2020-02-12,BOS,MTL,4,1
20192020,2020-02-12,LAK,CGY,5,3
20192020,2020-02-12,VAN,CHI,3,0
20192020,2020-02-13,BUF,CBJ,4,3
20192020,2020-02-13,TOR,DAL,2,3
20192020,2020-02-13,TBL,EDM,3,1
20192020,2020-02-13,FLA,PHI,2,6
20192020,2020-02-13,NJD,DET,4,1
20192020,2020-02-13,OTT,ARI,3,2
20192020,2020-02-13,NSH,NYI,5,0
20192020,2020-02-13,MIN,NYR,3,4
20192020,2020-02-13,COL,WSH,2,3
20192020,2020-02-13,VGK,STL,6,5
20192020,2020-02-13,ANA,CGY,0,6
20192020,2020-02-14,PIT,MTL,4,1
20192020,2020-02-14,CBJ,NYR,1,3
20192020,2020-02-14,WPG,SJS,2,3
20192020,2020-02-14,CAR,NJD,5,2
20192020,2020-02-15,BOS,DET,4,1
20192020,2020-02-15,STL,NSH,3,4
20192020,2020-02-15,TBL,PHI,5,3
20192020,2020-02-15,FLA,EDM,1,4
20192020,2020-02-15,MIN,SJS,0,2
20192020,2020-02-15,MTL,DAL,3,4
20192020,2020-02-15,OTT,TOR,2,4
20192020,2020-02-15,COL,LAK,1,3
20192020,2020-02-15,CGY,CHI,4,8
20192020,2020-02-15,ARI,WSH,3,1
20192020,2020-02-15,VGK,NYI,1,0
20192020,2020-02-16,PIT,DET,5,1
20192020,2020-02-16,NYR,BOS,1,3
20192020,2020-02-16,CAR,EDM,3,4
20192020,2020-02-16,VAN,ANA,1,5
20192020,2020-02-16,OTT,DAL,4,3
20192020,2020-02-16,NJD,CBJ,4,3
20192020,2020-02-16,NSH,STL,2,1
20192020,2020-02-16,BUF,TOR,5,2
20192020,2020-02-16,WPG,CHI,3,2
20192020,2020-02-17,CGY,ANA,6,4
20192020,2020-02-17,ARI,NYI,2,1
20192020,2020-02-17,SJS,FLA,3,5
20192020,2020-02-17,VGK,WSH,3,2
20192020,2020-02-17,COL,TBL,3,4
20192020,2020-02-18,PHI,CBJ,5,1
20192020,2020-02-18,PIT,TOR,5,2
20192020,2020-02-18,OTT,BUF,7,4
20192020,2020-02-18,DET,MTL,4,3
20192020,2020-02-18,STL,NJD,3,0
20192020,2020-02-18,NSH,CAR,1,4
20192020,2020-02-18,WPG,LAK,6,3
20192020,2020-02-19,CHI,NYR,3,6
20192020,2020-02-19,DAL,ARI,3,2
20192020,2020-02-19,EDM,BOS,1,2
20192020,2020-02-19,COL,NYI,3,1
20192020,2020-02-19,ANA,FLA,1,4
20192020,2020-02-19,VAN,MIN,3,4
20192020,2020-02-20,TOR,PIT,4,0
20192020,2020-02-20,NJD,SJS,2,1
20192020,2020-02-20,WSH,MTL,3,4
20192020,2020-02-20,CBJ,PHI,3,4
20192020,2020-02-20,OTT,WPG,1,5
20192020,2020-02-20,STL,ARI,1,0
20192020,2020-02-20,VGK,TBL,5,3
20192020,2020-02-20,LAK,FLA,5,4
20192020,2020-02-21,CAR,NYR,2,5
20192020,2020-02-21,NYI,DET,4,1
20192020,2020-02-21,CHI,NSH,2,1
20192020,2020-02-21,DAL,STL,1,5
20192020,2020-02-21,CGY,BOS,3,4
20192020,2020-02-21,EDM,MIN,3,5
20192020,2020-02-21,ANA,COL,0,1
20192020,2020-02-22,NJD,WSH,3,2
20192020,2020-02-22,PHI,WPG,4,2
20192020,2020-02-22,PIT,BUF,2,5
20192020,2020-02-22,TOR,CAR,3,6
20192020,2020-02-22,OTT,MTL,0,3
20192020,2020-02-22,NYR,SJS,3,2
20192020,2020-02-22,NSH,CBJ,4,3
20192020,2020-02-22,ARI,TBL,7,3
20192020,2020-02-22,VAN,BOS,9,3
20192020,2020-02-22,VGK,FLA,5,3
20192020,2020-02-22,LAK,COL,1,2
20192020,2020-02-23,WSH,PIT,5,3
20192020,2020-02-23,BUF,WPG,2,1
20192020,2020-02-23,DAL,CHI,2,1
20192020,2020-02-23,NYI,SJS,4,1
20192020,2020-02-23,DET,CGY,2,4
20192020,2020-02-23,MIN,STL,1,4
20192020,2020-02-23,ANA,VGK,5,6
20192020,2020-02-23,LAK,EDM,2,4
20192020,2020-02-24,CBJ,OTT,4,3
20192020,2020-02-25,BOS,CGY,2,5
20192020,2020-02-25,MTL,VAN,3,4
20192020,2020-02-25,TBL,TOR,3,4
20192020,2020-02-25,NYI,NYR,3,4
20192020,2020-02-25,PHI,SJS,4,2
20192020,2020-02-25,WSH,WPG,4,3
20192020,2020-02-25,CAR,DAL,1,4
20192020,2020-02-25,DET,NJD,1,4
20192020,2020-02-25,STL,CHI,6,5
20192020,2020-02-25,NSH,OTT,3,2
20192020,2020-02-25,MIN,CBJ,5,4
20192020,2020-02-25,ARI,FLA,1,2
20192020,2020-02-25,ANA,EDM,4,3
20192020,2020-02-26,COL,BUF,3,2
20192020,2020-02-26,VGK,EDM,3,0
20192020,2020-02-26,LAK,PIT,2,1
20192020,2020-02-27,MTL,NYR,2,5
20192020,2020-02-27,TBL,CHI,2,5
20192020,2020-02-27,FLA,TOR,3,5
20192020,2020-02-27,BOS,DAL,4,3
20192020,2020-02-27,OTT,VAN,5,2
20192020,2020-02-27,DET,MIN,1,7
20192020,2020-02-27,STL,NYI,3,2
20192020,2020-02-27,NSH,CGY,4,3
20192020,2020-02-27,WPG,WSH,3,0
20192020,2020-02-27,SJS,NJD,3,2
20192020,2020-02-28,PHI,NYR,5,2
20192020,2020-02-28,CBJ,MIN,0,5
20192020,2020-02-28,CAR,COL,2,3
20192020,2020-02-28,VGK,BUF,4,2
20192020,2020-02-28,ANA,PIT,3,2
20192020,2020-02-29,NYI,BOS,0,4
20192020,2020-02-29,TBL,CGY,4,3
20192020,2020-02-29,LAK,NJD,2,1
20192020,2020-02-29,FLA,CHI,2,3
20192020,2020-02-29,TOR,VAN,4,2
20192020,2020-02-29,MTL,CAR,4,3
20192020,2020-02-29,OTT,DET,4,3
20192020,2020-02-29,NSH,COL,2,3
20192020,2020-02-29,STL,DAL,4,3
20192020,2020-02-29,ARI,BUF,5,2
20192020,2020-02-29,EDM,WPG,3,2
20192020,2020-02-29,SJS,PIT,5,0
20192020,2020-03-01,NYR,PHI,3,5
20192020,2020-03-01,FLA,CGY,0,3
20192020,2020-03-01,CBJ,VAN,5,3
20192020,2020-03-01,MIN,WSH,3,4
20192020,2020-03-01,ANA,NJD,0,3
20192020,2020-03-01,VGK,LAK,1,4
20192020,2020-03-02,DET,COL,1,2
20192020,2020-03-02,NSH,EDM,3,8
20192020,2020-03-03,NYI,MTL,2,6
20192020,2020-03-03,NYR,STL,1,3
20192020,2020-03-03,PIT,OTT,7,3
20192020,2020-03-03,TBL,BOS,1,2
20192020,2020-03-03,MIN,NSH,3,1
20192020,2020-03-03,WPG,BUF,3,1
20192020,2020-03-03,CHI,ANA,6,2
20192020,2020-03-03,DAL,EDM,1,2
20192020,2020-03-03,VGK,NJD,3,0
20192020,2020-03-03,SJS,TOR,5,2
20192020,2020-03-04,WSH,PHI,2,5
20192020,2020-03-04,CGY,CBJ,3,2
20192020,2020-03-04,COL,ANA,3,4
20192020,2020-03-04,VAN,ARI,2,4
20192020,2020-03-05,BUF,PIT,2,4
20192020,2020-03-05,TBL,MTL,4,0
20192020,2020-03-05,FLA,BOS,1,2
20192020,2020-03-05,NYR,WSH,6,5
20192020,2020-03-05,PHI,CAR,4,1
20192020,2020-03-05,OTT,NYI,4,3
20192020,2020-03-05,NSH,DAL,2,0
20192020,2020-03-05,CHI,EDM,4,3
20192020,2020-03-05,LAK,TOR,1,0
20192020,2020-03-05,SJS,MIN,2,3
20192020,2020-03-06,NJD,STL,4,2
20192020,2020-03-06,DET,CHI,2,1
20192020,2020-03-06,WPG,VGK,4,0
20192020,2020-03-06,CGY,ARI,3,2
20192020,2020-03-06,VAN,COL,6,3
20192020,2020-03-06,ANA,TOR,2,1
20192020,2020-03-07,NYI,CAR,2,3
20192020,2020-03-07,PIT,WSH,2,5
20192020,2020-03-07,DAL,NSH,0,1
20192020,2020-03-07,LAK,MIN,7,3
20192020,2020-03-07,BOS,TBL,3,5
20192020,2020-03-07,FLA,MTL,4,1
20192020,2020-03-07,NYR,NJD,4,6
20192020,2020-03-07,PHI,BUF,3,1
20192020,2020-03-07,SJS,OTT,1,2
20192020,2020-03-07,EDM,CBJ,4,1
20192020,2020-03-08,PIT,CAR,2,6
20192020,2020-03-08,DET,TBL,5,4
20192020,2020-03-08,CGY,VGK,3,5
20192020,2020-03-08,CHI,STL,0,2
20192020,2020-03-08,ANA,MIN,4,5
20192020,2020-03-08,VAN,CBJ,1,2
20192020,2020-03-08,SJS,COL,3,4
20192020,2020-03-09,BUF,WSH,3,2
20192020,2020-03-09,WPG,ARI,4,2
20192020,2020-03-09,STL,FLA,1,2
20192020,2020-03-09,EDM,VGK,2,3
20192020,2020-03-09,LAK,COL,3,1
20192020,2020-03-10,TOR,TBL,2,1
20192020,2020-03-10,MTL,NSH,2,4
20192020,2020-03-10,NJD,PIT,2,5
20192020,2020-03-10,PHI,BOS,0,2
20192020,2020-03-10,DET,CAR,2,5
20192020,2020-03-10,DAL,NYR,2,4
20192020,2020-03-10,VAN,NYI,5,4
20192020,2020-03-10,ANA,OTT,5,2
20192020,2020-03-11,CHI,SJS,6,2
20192020,2020-03-11,EDM,WPG,2,4
20192020,2020-03-11,ANA,STL,2,4
20192020,2020-03-11,COL,NYR,3,2
20192020,2020-03-11,LAK,OTT,3,2
20202021,2021-01-13,PHI,PIT,6,3
20202021,2021-01-13,TOR,MTL,5,4
20202021,2021-01-13,TBL,CHI,5,1
20202021,2021-01-13,EDM,VAN,3,5
20202021,2021-01-13,COL,STL,1,4
20202021,2021-01-14,BUF,WSH,4,6
20202021,2021-01-14,NJD,BOS,2,3
20202021,2021-01-14,NYR,NYI,0,4
20202021,2021-01-14,DET,CAR,0,3
20202021,2021-01-14,NSH,CBJ,3,1
20202021,2021-01-14,WPG,CGY,4,3
20202021,2021-01-14,EDM,VAN,5,2
20202021,2021-01-14,ARI,SJS,3,4
20202021,2021-01-14,VGK,ANA,5,2
20202021,2021-01-14,LAK,MIN,3,4
20202021,2021-01-15,BUF,WSH,1,2
20202021,2021-01-15,PHI,PIT,5,2
20202021,2021-01-15,TBL,CHI,5,2
20202021,2021-01-15,OTT,TOR,5,3
20202021,2021-01-15,COL,STL,8,0
20202021,2021-01-16,NJD,BOS,2,1
20202021,2021-01-16,ARI,SJS,5,3
20202021,2021-01-16,NYR,NYI,5,0
20202021,2021-01-16,DET,CAR,4,2
20202021,2021-01-16,OTT,TOR,2,3
20202021,2021-01-16,EDM,MTL,1,5
20202021,2021-01-16,NSH,CBJ,5,2
20202021,2021-01-16,LAK,MIN,3,4
20202021,2021-01-16,CGY,VAN,3,0
20202021,2021-01-16,VGK,ANA,2,1
20202021,2021-01-17,PIT,WSH,4,3
20202021,2021-01-17,FLA,CHI,5,2
20202021,2021-01-18,DET,CBJ,2,3
20202021,2021-01-18,NYI,BOS,1,0
20202021,2021-01-18,TOR,WPG,3,1
20202021,2021-01-18,PHI,BUF,1,6
20202021,2021-01-18,STL,SJS,5,4
20202021,2021-01-18,NSH,CAR,2,4
20202021,2021-01-18,CGY,VAN,5,2
20202021,2021-01-18,EDM,MTL,1,3
20202021,2021-01-18,ANA,MIN,1,0
20202021,2021-01-18,VGK,ARI,4,2
20202021,2021-01-19,NYR,NJD,3,4
20202021,2021-01-19,PHI,BUF,3,0
20202021,2021-01-19,FLA,CHI,5,4
20202021,2021-01-19,PIT,WSH,5,4
20202021,2021-01-19,OTT,WPG,3,4
20202021,2021-01-19,DET,CBJ,3,2
20202021,2021-01-19,LAK,COL,2,3
20202021,2021-01-20,TOR,EDM,1,3
20202021,2021-01-20,STL,SJS,1,2
20202021,2021-01-20,ANA,MIN,2,3
20202021,2021-01-20,VAN,MTL,6,5
20202021,2021-01-20,VGK,ARI,5,2
20202021,2021-01-21,BOS,PHI,5,4
20202021,2021-01-21,NYI,NJD,4,1
20202021,2021-01-21,CBJ,TBL,2,3
20202021,2021-01-21,OTT,WPG,1,4
20202021,2021-01-21,VAN,MTL,3,7
20202021,2021-01-21,LAK,COL,4,2
20202021,2021-01-22,WSH,BUF,4,3
20202021,2021-01-22,PIT,NYR,4,3
20202021,2021-01-22,TOR,EDM,4,2
20202021,2021-01-22,CHI,DET,4,1
20202021,2021-01-22,MIN,SJS,4,1
20202021,2021-01-22,DAL,NSH,7,0
20202021,2021-01-22,ARI,VGK,5,2
20202021,2021-01-22,ANA,COL,2,3
20202021,2021-01-23,CBJ,TBL,5,2
20202021,2021-01-23,BOS,PHI,6,1
20202021,2021-01-23,VAN,MTL,2,5
20202021,2021-01-23,STL,LAK,4,2
20202021,2021-01-23,WPG,OTT,6,3
20202021,2021-01-24,CHI,DET,6,2
20202021,2021-01-24,WSH,BUF,3,4
20202021,2021-01-24,CGY,TOR,2,3
20202021,2021-01-24,ARI,VGK,0,1
20202021,2021-01-24,NJD,NYI,2,0
20202021,2021-01-24,PIT,NYR,3,2
20202021,2021-01-24,STL,LAK,3,6
20202021,2021-01-24,MIN,SJS,3,5
20202021,2021-01-24,DAL,NSH,3,2
20202021,2021-01-24,ANA,COL,3,1
20202021,2021-01-24,WPG,EDM,3,4
20202021,2021-01-25,VAN,OTT,7,1
20202021,2021-01-26,BOS,PIT,3,2
20202021,2021-01-26,BUF,NYR,3,2
20202021,2021-01-26,NJD,PHI,3,5
20202021,2021-01-26,WSH,NYI,3,2
20202021,2021-01-26,CBJ,FLA,3,4
20202021,2021-01-26,NSH,CHI,3,2
20202021,2021-01-26,WPG,EDM,6,4
20202021,2021-01-26,MIN,LAK,1,2
20202021,2021-01-26,DAL,DET,2,1
20202021,2021-01-26,CGY,TOR,3,4
20202021,2021-01-26,COL,SJS,7,3
20202021,2021-01-26,ARI,ANA,0,1
20202021,2021-01-26,VGK,STL,4,5
20202021,2021-01-27,NSH,CHI,2,1
20202021,2021-01-27,VAN,OTT,5,1
20202021,2021-01-28,BOS,PIT,4,1
20202021,2021-01-28,BUF,NYR,2,3
20202021,2021-01-28,NJD,PHI,1,3
20202021,2021-01-28,WSH,NYI,6,3
20202021,2021-01-28,CAR,TBL,1,0
20202021,2021-01-28,CBJ,FLA,3,2
20202021,2021-01-28,MTL,CGY,4,2
20202021,2021-01-28,MIN,LAK,5,3
20202021,2021-01-28,DAL,DET,7,3
20202021,2021-01-28,COL,SJS,3,0
20202021,2021-01-28,ARI,ANA,3,2
20202021,2021-01-28,EDM,TOR,3,4
20202021,2021-01-28,VAN,OTT,4,1
20202021,2021-01-29,CHI,CBJ,1,2
20202021,2021-01-30,BUF,NJD,4,3
20202021,2021-01-30,NYR,PIT,4,5
20202021,2021-01-30,PHI,NYI,3,2
20202021,2021-01-30,WSH,BOS,4,3
20202021,2021-01-30,CAR,DAL,4,1
20202021,2021-01-30,TBL,NSH,4,3
20202021,2021-01-30,DET,FLA,2,3
20202021,2021-01-30,MTL,CGY,0,2
20202021,2021-01-30,EDM,TOR,4,3
20202021,2021-01-30,MIN,COL,1,5
20202021,2021-01-30,ANA,STL,1,6
20202021,2021-01-30,WPG,VAN,1,4
20202021,2021-01-31,BUF,NJD,3,5
20202021,2021-01-31,CAR,DAL,4,3
20202021,2021-01-31,DET,FLA,2,3
20202021,2021-01-31,PHI,NYI,4,3
20202021,2021-01-31,CHI,CBJ,3,1
20202021,2021-01-31,MIN,COL,4,3
20202021,2021-01-31,ANA,STL,1,4
20202021,2021-01-31,EDM,OTT,8,5
20202021,2021-02-01,NYR,PIT,3,1
20202021,2021-02-01,WSH,BOS,3,5
20202021,2021-02-01,TBL,NSH,5,2
20202021,2021-02-01,MTL,VAN,6,2
20202021,2021-02-01,WPG,CGY,3,4
20202021,2021-02-02,CBJ,DAL,3,6
20202021,2021-02-02,MTL,VAN,5,3
20202021,2021-02-02,CHI,CAR,3,4
20202021,2021-02-02,STL,ARI,4,3
20202021,2021-02-02,WPG,CGY,3,2
20202021,2021-02-02,COL,MIN,2,1
20202021,2021-02-02,EDM,OTT,4,2
20202021,2021-02-02,LAK,ANA,1,3
20202021,2021-02-03,TBL,DET,5,1
20202021,2021-02-03,PHI,BOS,3,4
20202021,2021-02-04,NYR,WSH,4,2
20202021,2021-02-04,FLA,NSH,5,6
20202021,2021-02-04,CBJ,DAL,4,3
20202021,2021-02-04,MTL,OTT,2,3
20202021,2021-02-04,TOR,VAN,7,3
20202021,2021-02-04,CHI,CAR,6,4
20202021,2021-02-04,STL,ARI,3,4
20202021,2021-02-04,WPG,CGY,4,1
20202021,2021-02-05,PHI,BOS,1,2
20202021,2021-02-05,TBL,DET,3,1
20202021,2021-02-05,FLA,NSH,2,1
20202021,2021-02-05,VGK,LAK,5,2
20202021,2021-02-05,ANA,SJS,4,5
20202021,2021-02-06,OTT,MTL,1,2
20202021,2021-02-06,STL,ARI,1,3
20202021,2021-02-06,NYI,PIT,4,3
20202021,2021-02-06,TOR,VAN,5,1
20202021,2021-02-06,CGY,EDM,6,4
20202021,2021-02-06,ANA,SJS,2,1
20202021,2021-02-07,WSH,PHI,4,7
20202021,2021-02-07,FLA,DET,1,4
20202021,2021-02-07,CBJ,CAR,5,6
20202021,2021-02-07,DAL,CHI,1,2
20202021,2021-02-07,VGK,LAK,4,3
20202021,2021-02-08,NYR,NYI,0,2
20202021,2021-02-08,CBJ,CAR,3,2
20202021,2021-02-08,OTT,EDM,1,3
20202021,2021-02-08,TOR,VAN,3,1
20202021,2021-02-08,NSH,TBL,1,4
20202021,2021-02-08,STL,ARI,3,4
20202021,2021-02-09,FLA,DET,2,1
20202021,2021-02-09,OTT,EDM,2,3
20202021,2021-02-09,NSH,TBL,1,6
20202021,2021-02-09,DAL,CHI,1,2
20202021,2021-02-09,CGY,WPG,3,2
20202021,2021-02-09,VGK,ANA,5,4
20202021,2021-02-09,LAK,SJS,3,4
20202021,2021-02-10,NYR,BOS,2,3
20202021,2021-02-10,MTL,TOR,2,4
20202021,2021-02-11,NYI,PIT,3,4
20202021,2021-02-11,FLA,TBL,5,2
20202021,2021-02-11,CHI,CBJ,5,6
20202021,2021-02-11,NSH,DET,3,2
20202021,2021-02-11,MTL,EDM,0,3
20202021,2021-02-11,WPG,OTT,5,1
20202021,2021-02-11,DAL,CAR,3,5
20202021,2021-02-11,VAN,CGY,1,3
20202021,2021-02-11,VGK,ANA,0,1
20202021,2021-02-11,LAK,SJS,6,2
20202021,2021-02-12,NYR,BOS,0,1
20202021,2021-02-12,ARI,STL,1,4
20202021,2021-02-13,WPG,OTT,1,2
20202021,2021-02-13,SJS,VGK,1,3
20202021,2021-02-13,NYI,BOS,4,2
20202021,2021-02-13,FLA,TBL,1,6
20202021,2021-02-13,TOR,MTL,1,2
20202021,2021-02-13,CHI,CBJ,3,2
20202021,2021-02-13,NSH,DET,2,4
20202021,2021-02-13,DAL,CAR,3,4
20202021,2021-02-13,ARI,STL,4,5
20202021,2021-02-13,VAN,CGY,3,1
20202021,2021-02-14,PIT,WSH,6,3
20202021,2021-02-14,VGK,COL,1,0
20202021,2021-02-15,ARI,STL,1,0
20202021,2021-02-15,BUF,NYI,1,3
20202021,2021-02-15,TOR,OTT,5,6
20202021,2021-02-15,CAR,CBJ,7,3
20202021,2021-02-15,TBL,FLA,4,6
20202021,2021-02-15,DET,CHI,2,3
20202021,2021-02-15,EDM,WPG,5,6
20202021,2021-02-15,VAN,CGY,3,4
20202021,2021-02-15,SJS,ANA,3,2
20202021,2021-02-16,BUF,NYI,0,3
20202021,2021-02-16,PIT,WSH,1,3
20202021,2021-02-16,NYR,NJD,2,5
20202021,2021-02-16,VGK,COL,2,3
20202021,2021-02-16,LAK,MIN,4,0
20202021,2021-02-17,CAR,FLA,3,4
20202021,2021-02-17,TOR,OTT,2,1
20202021,2021-02-17,DET,CHI,0,2
20202021,2021-02-17,CGY,VAN,1,5
20202021,2021-02-17,EDM,WPG,3,2
20202021,2021-02-18,BOS,NJD,2,3
20202021,2021-02-18,PHI,NYR,2,3
20202021,2021-02-18,PIT,NYI,4,1
20202021,2021-02-18,CBJ,NSH,3,0
20202021,2021-02-18,TOR,OTT,7,3
20202021,2021-02-18,WSH,BUF,3,1
20202021,2021-02-18,STL,SJS,3,2
20202021,2021-02-18,ARI,LAK,2,3
20202021,2021-02-18,ANA,MIN,1,3
20202021,2021-02-19,CAR,CHI,5,3
20202021,2021-02-19,DET,FLA,2,7
20202021,2021-02-19,CGY,EDM,1,2
20202021,2021-02-19,VAN,WPG,0,2
20202021,2021-02-20,NJD,BUF,2,3
20202021,2021-02-20,WSH,NYR,1,4
20202021,2021-02-20,COL,VGK,3,2
20202021,2021-02-20,DET,FLA,2,1
20202021,2021-02-20,PIT,NYI,3,2
20202021,2021-02-20,CBJ,NSH,2,4
20202021,2021-02-20,STL,SJS,4,5
20202021,2021-02-20,MTL,TOR,3,5
20202021,2021-02-20,ARI,LAK,2,4
20202021,2021-02-20,CAR,TBL,4,0
20202021,2021-02-20,ANA,MIN,1,5
20202021,2021-02-20,EDM,CGY,7,1
20202021,2021-02-21,WSH,NJD,4,3
20202021,2021-02-21,OTT,MTL,3,2
20202021,2021-02-21,BOS,PHI,7,3
20202021,2021-02-21,VAN,WPG,3,4
20202021,2021-02-22,FLA,DAL,3,1
20202021,2021-02-22,CAR,TBL,2,4
20202021,2021-02-22,NYI,BUF,3,2
20202021,2021-02-22,TOR,CGY,0,3
20202021,2021-02-22,STL,LAK,0,3
20202021,2021-02-22,COL,VGK,0,3
20202021,2021-02-22,ARI,ANA,4,3
20202021,2021-02-22,SJS,MIN,2,6
20202021,2021-02-23,NJD,BUF,1,4
20202021,2021-02-23,WSH,PIT,2,3
20202021,2021-02-23,CBJ,CHI,5,6
20202021,2021-02-23,OTT,MTL,5,4
20202021,2021-02-23,DET,NSH,0,2
20202021,2021-02-23,VAN,EDM,3,4
20202021,2021-02-24,TBL,CAR,3,0
20202021,2021-02-24,FLA,DAL,0,3
20202021,2021-02-24,PHI,NYR,4,3
20202021,2021-02-24,TOR,CGY,2,1
20202021,2021-02-24,COL,MIN,2,6
20202021,2021-02-24,ARI,ANA,4,3
20202021,2021-02-24,STL,LAK,1,2
20202021,2021-02-25,NYI,BOS,7,2
20202021,2021-02-25,WSH,PIT,5,2
20202021,2021-02-25,TBL,CAR,3,1
20202021,2021-02-25,FLA,DAL,3,2
20202021,2021-02-25,CBJ,CHI,0,2
20202021,2021-02-25,OTT,CGY,6,1
20202021,2021-02-25,BUF,NJD,3,4
20202021,2021-02-25,DET,NSH,5,2
20202021,2021-02-25,WPG,MTL,6,3
20202021,2021-02-25,VAN,EDM,0,3
20202021,2021-02-26,NYR,BOS,6,2
20202021,2021-02-26,MIN,LAK,3,1
20202021,2021-02-26,ARI,COL,2,3
20202021,2021-02-27,BUF,PHI,0,3
20202021,2021-02-27,NJD,WSH,2,5
20202021,2021-02-27,OTT,CGY,3,6
20202021,2021-02-27,NSH,CBJ,2,1
20202021,2021-02-27,NYI,PIT,3,4
20202021,2021-02-27,TBL,DAL,5,0
20202021,2021-02-27,FLA,CAR,3,4
20202021,2021-02-27,EDM,TOR,0,4
20202021,2021-02-27,CHI,DET,3,5
20202021,2021-02-27,MIN,LAK,4,3
20202021,2021-02-27,ARI,COL,2,6
20202021,2021-02-27,WPG,MTL,2,1
20202021,2021-02-27,ANA,VGK,2,3
20202021,2021-02-27,SJS,STL,6,7
20202021,2021-02-28,NYR,BOS,1,4
20202021,2021-02-28,BUF,PHI,0,3
20202021,2021-02-28,NSH,CBJ,3,1
20202021,2021-02-28,NJD,WSH,2,3
20202021,2021-02-28,NYI,PIT,2,0
20202021,2021-02-28,CHI,DET,7,2
20202021,2021-03-01,FLA,CAR,2,3
20202021,2021-03-01,OTT,CGY,5,1
20202021,2021-03-01,WPG,VAN,0,4
20202021,2021-03-01,EDM,TOR,0,3
20202021,2021-03-01,VGK,MIN,5,4
20202021,2021-03-01,ANA,STL,4,5
20202021,2021-03-01,SJS,COL,6,2
20202021,2021-03-02,NJD,NYI,1,2
20202021,2021-03-02,NYR,BUF,3,2
20202021,2021-03-02,PIT,PHI,5,2
20202021,2021-03-02,CBJ,DET,4,1
20202021,2021-03-02,MTL,OTT,3,1
20202021,2021-03-02,NSH,CAR,2,4
20202021,2021-03-02,WPG,VAN,5,2
20202021,2021-03-02,DAL,TBL,0,2
20202021,2021-03-03,BOS,WSH,1,2
20202021,2021-03-03,EDM,TOR,1,6
20202021,2021-03-03,ANA,STL,2,3
20202021,2021-03-03,VGK,MIN,5,1
20202021,2021-03-03,LAK,ARI,2,3
20202021,2021-03-03,SJS,COL,0,4
20202021,2021-03-04,NYI,BUF,5,2
20202021,2021-03-04,NJD,NYR,1,6
20202021,2021-03-04,CAR,DET,5,2
20202021,2021-03-04,PIT,PHI,3,4
20202021,2021-03-04,MTL,WPG,3,4
20202021,2021-03-04,CHI,TBL,2,3
20202021,2021-03-04,NSH,FLA,4,5
20202021,2021-03-04,DAL,CBJ,2,3
20202021,2021-03-04,CGY,OTT,7,3
20202021,2021-03-04,VAN,TOR,3,1
20202021,2021-03-05,BOS,WSH,5,1
20202021,2021-03-05,CHI,TBL,4,3
20202021,2021-03-05,COL,ANA,3,2
20202021,2021-03-05,ARI,MIN,1,5
20202021,2021-03-05,LAK,STL,2,3
20202021,2021-03-05,SJS,VGK,4,5
20202021,2021-03-06,NJD,NYR,3,6
20202021,2021-03-06,NYI,BUF,5,2
20202021,2021-03-06,PIT,PHI,4,3
20202021,2021-03-06,NSH,FLA,2,6
20202021,2021-03-06,MTL,WPG,7,1
20202021,2021-03-06,VAN,TOR,4,2
20202021,2021-03-06,ARI,MIN,5,2
20202021,2021-03-06,DAL,CBJ,5,0
20202021,2021-03-06,COL,ANA,4,5
20202021,2021-03-06,LAK,STL,4,3
20202021,2021-03-06,EDM,CGY,3,2
20202021,2021-03-06,SJS,VGK,0,4
20202021,2021-03-07,NYI,BUF,5,2
20202021,2021-03-07,CHI,TBL,3,6
20202021,2021-03-07,CAR,FLA,4,2
20202021,2021-03-07,BOS,NJD,0,1
20202021,2021-03-07,PHI,WSH,1,3
20202021,2021-03-07,PIT,NYR,5,1
20202021,2021-03-07,DAL,NSH,3,4
20202021,2021-03-07,CGY,OTT,3,4
20202021,2021-03-08,MIN,VGK,2,0
20202021,2021-03-08,SJS,STL,3,2
20202021,2021-03-08,EDM,OTT,3,2
20202021,2021-03-08,COL,ARI,2,3
20202021,2021-03-08,VAN,MTL,2,1
20202021,2021-03-08,ANA,LAK,6,5
20202021,2021-03-09,PIT,NYR,4,2
20202021,2021-03-09,NYI,BOS,2,1
20202021,2021-03-09,PHI,BUF,5,4
20202021,2021-03-09,WSH,NJD,5,4
20202021,2021-03-09,CAR,NSH,3,2
20202021,2021-03-09,CBJ,FLA,2,4
20202021,2021-03-09,TOR,WPG,3,4
20202021,2021-03-09,DET,TBL,3,4
20202021,2021-03-09,DAL,CHI,6,1
20202021,2021-03-10,MIN,VGK,4,3
20202021,2021-03-10,EDM,OTT,7,1
20202021,2021-03-10,COL,ARI,2,1
20202021,2021-03-10,ANA,LAK,1,5
20202021,2021-03-10,VAN,MTL,1,5
20202021,2021-03-11,BOS,NYR,4,0
20202021,2021-03-11,BUF,PIT,2,5
20202021,2021-03-11,NYI,NJD,5,3
20202021,2021-03-11,PHI,WSH,3,5
20202021,2021-03-11,CAR,NSH,5,1
20202021,2021-03-11,CBJ,FLA,4,5
20202021,2021-03-11,TOR,WPG,4,3
20202021,2021-03-11,DET,TBL,6,4
20202021,2021-03-11,DAL,CHI,2,4
20202021,2021-03-11,CGY,MTL,2,1
20202021,2021-03-12,STL,VGK,4,5
20202021,2021-03-12,MIN,ARI,4,0
20202021,2021-03-12,EDM,OTT,6,2
20202021,2021-03-12,COL,LAK,2,0
20202021,2021-03-12,ANA,SJS,0,6
20202021,2021-03-13,BOS,NYR,0,4
20202021,2021-03-13,CBJ,DAL,4,3
20202021,2021-03-13,BUF,PIT,0,3
20202021,2021-03-13,NJD,NYI,2,3
20202021,2021-03-13,PHI,WSH,4,5
20202021,2021-03-13,TBL,NSH,6,3
20202021,2021-03-13,FLA,CHI,4,2
20202021,2021-03-13,TOR,WPG,2,5
20202021,2021-03-13,CGY,MTL,3,1
20202021,2021-03-13,STL,VGK,1,5
20202021,2021-03-13,VAN,EDM,2,1
20202021,2021-03-13,ANA,SJS,1,3
20202021,2021-03-14,MIN,ARI,4,1
20202021,2021-03-14,DET,CAR,1,2
20202021,2021-03-14,CBJ,DAL,1,2
20202021,2021-03-14,NJD,NYI,2,3
20202021,2021-03-14,COL,LAK,4,1
20202021,2021-03-14,OTT,TOR,4,3
20202021,2021-03-15,TBL,NSH,1,4
20202021,2021-03-15,BUF,WSH,0,6
20202021,2021-03-15,NYR,PHI,4,5
20202021,2021-03-15,FLA,CHI,6,3
20202021,2021-03-15,PIT,BOS,4,1
20202021,2021-03-15,OTT,VAN,2,3
20202021,2021-03-15,WPG,MTL,2,4
20202021,2021-03-15,CGY,EDM,4,3
20202021,2021-03-15,VGK,SJS,2,1
20202021,2021-03-16,NJD,BUF,3,2
20202021,2021-03-16,WSH,NYI,3,1
20202021,2021-03-16,PIT,BOS,1,2
20202021,2021-03-16,DET,CAR,4,2
20202021,2021-03-16,MIN,ARI,3,0
20202021,2021-03-16,DAL,TBL,3,4
20202021,2021-03-16,COL,ANA,8,4
20202021,2021-03-17,OTT,VAN,2,3
20202021,2021-03-17,NYR,PHI,9,0
20202021,2021-03-17,WPG,MTL,4,3
20202021,2021-03-17,CGY,EDM,3,7
20202021,2021-03-17,VGK,SJS,5,4
20202021,2021-03-17,LAK,STL,4,1
20202021,2021-03-18,NJD,PIT,3,2
20202021,2021-03-18,BUF,BOS,1,4
20202021,2021-03-18,NYI,PHI,3,4
20202021,2021-03-18,CAR,CBJ,2,3
20202021,2021-03-18,TBL,CHI,4,2
20202021,2021-03-18,FLA,NSH,1,2
20202021,2021-03-18,DET,DAL,3,2
20202021,2021-03-18,EDM,WPG,2,1
20202021,2021-03-18,COL,MIN,5,1
20202021,2021-03-18,ANA,ARI,3,2
20202021,2021-03-19,WSH,NYR,2,1
20202021,2021-03-19,MTL,VAN,2,3
20202021,2021-03-19,TOR,CGY,3,4
20202021,2021-03-19,SJS,STL,1,2
20202021,2021-03-19,LAK,VGK,2,4
20202021,2021-03-20,NJD,PIT,1,3
20202021,2021-03-20,FLA,NSH,2,0
20202021,2021-03-20,COL,MIN,6,0
20202021,2021-03-20,TBL,CHI,4,1
20202021,2021-03-20,WSH,NYR,1,3
20202021,2021-03-20,NYI,PHI,6,1
20202021,2021-03-20,CAR,CBJ,2,3
20202021,2021-03-20,DET,DAL,0,3
20202021,2021-03-20,MTL,VAN,5,4
20202021,2021-03-20,TOR,CGY,2,0
20202021,2021-03-20,ANA,ARI,1,5
20202021,2021-03-20,SJS,STL,2,5
20202021,2021-03-20,EDM,WPG,4,2
20202021,2021-03-21,PIT,NJD,1,2
20202021,2021-03-21,TBL,FLA,5,3
20202021,2021-03-21,LAK,VGK,3,1
20202021,2021-03-21,DAL,NSH,3,4
20202021,2021-03-22,NYR,BUF,5,3
20202021,2021-03-22,CBJ,CAR,0,3
20202021,2021-03-22,OTT,CGY,2,1
20202021,2021-03-22,PHI,NYI,1,2
20202021,2021-03-22,MIN,ANA,2,1
20202021,2021-03-22,VGK,STL,5,1
20202021,2021-03-22,VAN,WPG,0,4
20202021,2021-03-22,ARI,COL,1,5
20202021,2021-03-22,SJS,LAK,2,1
20202021,2021-03-23,PHI,NJD,3,4
20202021,2021-03-23,CHI,FLA,3,2
20202021,2021-03-23,NSH,DET,2,0
20202021,2021-03-23,DAL,TBL,1,2
20202021,2021-03-23,ARI,COL,5,4
20202021,2021-03-24,OTT,CGY,3,1
20202021,2021-03-24,MIN,ANA,3,2
20202021,2021-03-24,PIT,BUF,5,2
20202021,2021-03-24,VAN,WPG,1,5
20202021,2021-03-24,SJS,LAK,4,2
20202021,2021-03-25,BOS,NYI,3,4
20202021,2021-03-25,PHI,NYR,3,8
20202021,2021-03-25,WSH,NJD,4,3
20202021,2021-03-25,CBJ,CAR,3,4
20202021,2021-03-25,OTT,TOR,2,3
20202021,2021-03-25,PIT,BUF,4,0
20202021,2021-03-25,MIN,STL,2,0
20202021,2021-03-25,CHI,FLA,3,0
20202021,2021-03-25,NSH,DET,7,1
20202021,2021-03-25,DAL,TBL,4,3
20202021,2021-03-25,COL,VGK,5,1
20202021,2021-03-26,WSH,NJD,4,0
20202021,2021-03-26,STL,ANA,1,4
20202021,2021-03-26,CGY,WPG,2,3
20202021,2021-03-26,ARI,SJS,5,2
20202021,2021-03-27,BOS,BUF,3,2
20202021,2021-03-27,PHI,NYR,2,1
20202021,2021-03-27,DET,CBJ,3,1
20202021,2021-03-27,COL,VGK,2,3
20202021,2021-03-27,CAR,TBL,4,3
20202021,2021-03-27,TOR,EDM,4,3
20202021,2021-03-27,PIT,NYI,6,3
20202021,2021-03-27,CHI,NSH,1,3
20202021,2021-03-27,DAL,FLA,3,4
20202021,2021-03-27,CGY,WPG,4,2
20202021,2021-03-27,ARI,SJS,4,0
20202021,2021-03-28,WSH,NYR,5,4
20202021,2021-03-28,DET,CBJ,4,1
20202021,2021-03-28,STL,ANA,2,3
20202021,2021-03-28,BOS,NJD,0,1
20202021,2021-03-28,DAL,FLA,1,4
20202021,2021-03-28,CHI,NSH,2,3
20202021,2021-03-29,BUF,PHI,3,4
20202021,2021-03-29,PIT,NYI,2,1
20202021,2021-03-29,TOR,EDM,2,3
20202021,2021-03-29,COL,ANA,5,2
20202021,2021-03-29,CGY,WPG,1,5
20202021,2021-03-29,VGK,LAK,4,1
20202021,2021-03-29,SJS,MIN,4,3
20202021,2021-03-30,MTL,EDM,4,0
20202021,2021-03-30,BOS,NJD,5,4
20202021,2021-03-30,NYR,WSH,5,2
20202021,2021-03-30,TBL,CBJ,1,3
20202021,2021-03-30,FLA,DET,4,1
20202021,2021-03-30,CHI,CAR,2,1
20202021,2021-03-30,NSH,DAL,3,2
20202021,2021-03-31,BUF,PHI,6,1
20202021,2021-03-31,WPG,TOR,1,3
20202021,2021-03-31,COL,ARI,9,3
20202021,2021-03-31,VGK,LAK,2,4
20202021,2021-03-31,SJS,MIN,4,2
20202021,2021-04-01,BOS,PIT,1,4
20202021,2021-04-01,BUF,NYR,2,3
20202021,2021-04-01,NYI,WSH,8,4
20202021,2021-04-01,TBL,CBJ,3,2
20202021,2021-04-01,FLA,DET,3,2
20202021,2021-04-01,OTT,MTL,1,4
20202021,2021-04-01,CHI,CAR,3,4
20202021,2021-04-01,NSH,DAL,1,4
20202021,2021-04-01,VGK,MIN,2,3
20202021,2021-04-02,NJD,WSH,1,2
20202021,2021-04-02,WPG,TOR,1,2
20202021,2021-04-02,EDM,CGY,3,2
20202021,2021-04-02,COL,STL,3,2
20202021,2021-04-02,ANA,ARI,2,4
20202021,2021-04-02,LAK,SJS,0,3
20202021,2021-04-03,BOS,PIT,7,5
20202021,2021-04-03,TBL,DET,2,1
20202021,2021-04-03,NSH,CHI,3,0
20202021,2021-04-03,BUF,NYR,3,2
20202021,2021-04-03,NYI,PHI,3,2
20202021,2021-04-03,CAR,DAL,2,3
20202021,2021-04-03,FLA,CBJ,5,2
20202021,2021-04-03,MTL,OTT,3,6
20202021,2021-04-03,COL,STL,2,1
20202021,2021-04-03,VGK,MIN,1,2
20202021,2021-04-03,LAK,SJS,2,3
20202021,2021-04-04,TBL,DET,1,5
20202021,2021-04-04,NJD,WSH,4,5
20202021,2021-04-04,FLA,CBJ,3,0
20202021,2021-04-04,CAR,DAL,1,0
20202021,2021-04-04,CGY,TOR,2,4
20202021,2021-04-04,ANA,ARI,2,3
20202021,2021-04-05,BOS,PHI,2,3
20202021,2021-04-05,MTL,EDM,3,2
20202021,2021-04-05,WPG,OTT,4,3
20202021,2021-04-05,STL,VGK,1,6
20202021,2021-04-05,MIN,COL,4,5
20202021,2021-04-05,CGY,TOR,3,5
20202021,2021-04-05,LAK,ARI,2,5
20202021,2021-04-06,NJD,BUF,3,5
20202021,2021-04-06,NYI,WSH,1,0
20202021,2021-04-06,NYR,PIT,8,4
20202021,2021-04-06,PHI,BOS,2,4
20202021,2021-04-06,CAR,FLA,5,2
20202021,2021-04-06,CBJ,TBL,4,2
20202021,2021-04-06,DET,NSH,2,3
20202021,2021-04-06,CHI,DAL,4,2
20202021,2021-04-06,SJS,ANA,1,5
20202021,2021-04-07,OTT,EDM,2,4
20202021,2021-04-07,TOR,MTL,3,2
20202021,2021-04-07,STL,VGK,3,1
20202021,2021-04-07,MIN,COL,8,3
20202021,2021-04-07,LAK,ARI,4,3
20202021,2021-04-08,BUF,NJD,3,6
20202021,2021-04-08,NYI,PHI,3,2
20202021,2021-04-08,NYR,PIT,2,5
20202021,2021-04-08,WSH,BOS,2,4
20202021,2021-04-08,CAR,FLA,3,0
20202021,2021-04-08,CBJ,TBL,4,6
20202021,2021-04-08,MTL,WPG,2,4
20202021,2021-04-08,OTT,EDM,1,3
20202021,2021-04-08,DET,NSH,1,7
20202021,2021-04-08,CHI,DAL,1,5
20202021,2021-04-09,BUF,WSH,3,4
20202021,2021-04-09,NJD,PIT,4,6
20202021,2021-04-09,NYI,NYR,1,4
20202021,2021-04-09,STL,MIN,9,1
20202021,2021-04-09,VGK,ARI,7,4
20202021,2021-04-09,ANA,COL,0,2
20202021,2021-04-09,SJS,LAK,5,2
20202021,2021-04-10,PHI,BOS,3,2
20202021,2021-04-10,DAL,FLA,4,1
20202021,2021-04-10,CAR,DET,4,5
20202021,2021-04-10,CBJ,CHI,3,4
20202021,2021-04-10,MTL,WPG,0,5
20202021,2021-04-10,TOR,OTT,6,5
20202021,2021-04-10,NSH,TBL,0,3
20202021,2021-04-10,STL,MIN,3,2
20202021,2021-04-10,CGY,EDM,5,0
20202021,2021-04-10,SJS,LAK,2,4
20202021,2021-04-11,PHI,BUF,3,5
20202021,2021-04-11,VGK,ARI,1,0
20202021,2021-04-11,ANA,COL,1,4
20202021,2021-04-11,NJD,PIT,2,5
20202021,2021-04-11,NYI,NYR,3,2
20202021,2021-04-11,BOS,WSH,1,8
20202021,2021-04-11,NSH,DAL,3,2
20202021,2021-04-12,CAR,DET,1,3
20202021,2021-04-12,CBJ,CHI,3,4
20202021,2021-04-12,MTL,TOR,4,2
20202021,2021-04-12,OTT,WPG,4,2
20202021,2021-04-12,COL,ARI,4,2
20202021,2021-04-12,LAK,VGK,2,4
20202021,2021-04-12,SJS,ANA,0,4
20202021,2021-04-13,BOS,BUF,3,2
20202021,2021-04-13,WSH,PHI,6,1
20202021,2021-04-13,NJD,NYR,0,3
20202021,2021-04-13,TOR,CGY,2,3
20202021,2021-04-13,NSH,TBL,7,2
20202021,2021-04-13,DAL,FLA,2,3
20202021,2021-04-14,MIN,ARI,5,2
20202021,2021-04-14,MTL,CGY,1,4
20202021,2021-04-14,OTT,WPG,2,3
20202021,2021-04-14,STL,COL,3,4
20202021,2021-04-14,LAK,VGK,2,6
20202021,2021-04-14,SJS,ANA,1,4
20202021,2021-04-15,BOS,NYI,4,1
20202021,2021-04-15,NYR,NJD,4,0
20202021,2021-04-15,WSH,BUF,2,5
20202021,2021-04-15,CAR,NSH,4,1
20202021,2021-04-15,TBL,FLA,3,2
20202021,2021-04-15,PIT,PHI,1,2
20202021,2021-04-15,TOR,WPG,2,5
20202021,2021-04-15,DET,CHI,4,1
20202021,2021-04-15,DAL,CBJ,4,1
20202021,2021-04-16,MTL,CGY,2,1
20202021,2021-04-16,BOS,NYI,3,0
20202021,2021-04-16,MIN,SJS,3,2
20202021,2021-04-16,ANA,VGK,0,4
20202021,2021-04-17,NYR,NJD,6,3
20202021,2021-04-17,PHI,WSH,3,6
20202021,2021-04-17,BUF,PIT,2,3
20202021,2021-04-17,MTL,OTT,0,4
20202021,2021-04-17,ARI,STL,3,2
20202021,2021-04-17,CAR,NSH,3,1
20202021,2021-04-17,TBL,FLA,3,5
20202021,2021-04-17,DET,CHI,0,4
20202021,2021-04-17,WPG,EDM,0,3
20202021,2021-04-17,MIN,SJS,5,2
20202021,2021-04-17,DAL,CBJ,5,1
20202021,2021-04-18,BOS,WSH,6,3
20202021,2021-04-18,NJD,NYR,3,5
20202021,2021-04-18,BUF,PIT,4,2
20202021,2021-04-18,ANA,VGK,2,5
20202021,2021-04-18,PHI,NYI,0,1
20202021,2021-04-18,VAN,TOR,3,2
20202021,2021-04-19,TBL,CAR,3,2
20202021,2021-04-19,FLA,CBJ,4,2
20202021,2021-04-19,DAL,DET,3,2
20202021,2021-04-19,NSH,CHI,5,2
20202021,2021-04-19,CGY,OTT,2,4
20202021,2021-04-19,EDM,MTL,4,1
20202021,2021-04-19,ARI,MIN,2,5
20202021,2021-04-19,VGK,SJS,3,2
20202021,2021-04-20,BUF,BOS,0,2
20202021,2021-04-20,PIT,NJD,7,6
20202021,2021-04-20,NYI,NYR,6,1
20202021,2021-04-20,TBL,CAR,1,4
20202021,2021-04-20,FLA,CBJ,5,1
20202021,2021-04-20,DAL,DET,5,2
20202021,2021-04-20,VAN,TOR,6,3
20202021,2021-04-20,LAK,ANA,4,1
20202021,2021-04-21,CHI,NSH,5,4
20202021,2021-04-21,ARI,MIN,1,4
20202021,2021-04-21,VGK,SJS,5,2
20202021,2021-04-21,EDM,MTL,3,4
20202021,2021-04-22,NYR,PHI,2,3
20202021,2021-04-22,WPG,TOR,3,5
20202021,2021-04-22,BUF,BOS,1,5
20202021,2021-04-22,NYI,WSH,0,1
20202021,2021-04-22,TBL,CBJ,3,1
20202021,2021-04-22,FLA,CAR,2,4
20202021,2021-04-22,PIT,NJD,5,1
20202021,2021-04-22,DET,DAL,7,3
20202021,2021-04-22,STL,COL,2,4
20202021,2021-04-22,VAN,OTT,0,3
20202021,2021-04-23,BUF,BOS,6,4
20202021,2021-04-23,NYR,PHI,4,1
20202021,2021-04-23,CHI,NSH,1,3
20202021,2021-04-23,CGY,MTL,4,2
20202021,2021-04-23,LAK,MIN,2,4
20202021,2021-04-24,PIT,NJD,4,2
20202021,2021-04-24,STL,COL,5,3
20202021,2021-04-24,NYI,WSH,3,6
20202021,2021-04-24,FLA,CAR,4,3
20202021,2021-04-24,DET,DAL,1,2
20202021,2021-04-24,WPG,TOR,1,4
20202021,2021-04-24,CGY,MTL,5,2
20202021,2021-04-24,ANA,VGK,1,5
20202021,2021-04-24,SJS,MIN,3,6
20202021,2021-04-24,VAN,OTT,4,2
20202021,2021-04-24,LAK,ARI,0,4
20202021,2021-04-25,PIT,BOS,1,0
20202021,2021-04-25,PHI,NJD,4,3
20202021,2021-04-25,NYR,BUF,6,3
20202021,2021-04-25,TBL,CBJ,4,3
20202021,2021-04-26,CGY,MTL,1,2
20202021,2021-04-26,STL,COL,4,1
20202021,2021-04-26,OTT,VAN,2,1
20202021,2021-04-26,DAL,CAR,4,3
20202021,2021-04-26,NSH,FLA,4,1
20202021,2021-04-26,WPG,EDM,1,6
20202021,2021-04-26,LAK,ANA,4,1
20202021,2021-04-26,SJS,ARI,6,4
20202021,2021-04-27,WSH,NYI,1,0
20202021,2021-04-27,NJD,PHI,6,4
20202021,2021-04-27,NYR,BUF,3,1
20202021,2021-04-27,PIT,BOS,1,3
20202021,2021-04-27,CBJ,DET,1,0
20202021,2021-04-27,CHI,TBL,4,7
20202021,2021-04-27,NSH,FLA,4,7
20202021,2021-04-27,DAL,CAR,1,5
20202021,2021-04-28,OTT,VAN,6,3
20202021,2021-04-28,MIN,STL,3,4
20202021,2021-04-28,MTL,TOR,1,4
20202021,2021-04-28,WPG,EDM,1,3
20202021,2021-04-28,VGK,COL,5,2
20202021,2021-04-28,LAK,ANA,2,3
20202021,2021-04-28,SJS,ARI,4,2
20202021,2021-04-29,TBL,DAL,3,0
20202021,2021-04-29,BOS,BUF,5,2
20202021,2021-04-29,NJD,PHI,5,3
20202021,2021-04-29,NYR,NYI,0,4
20202021,2021-04-29,WSH,PIT,4,5
20202021,2021-04-29,CAR,DET,3,1
20202021,2021-04-29,TOR,VAN,4,1
20202021,2021-04-29,MIN,STL,4,5
20202021,2021-04-29,CHI,FLA,3,4
20202021,2021-04-29,EDM,CGY,1,3
20202021,2021-04-30,MTL,WPG,5,3
20202021,2021-04-30,COL,SJS,3,0
20202021,2021-04-30,ARI,VGK,3,0
20202021,2021-04-30,ANA,LAK,1,2
20202021,2021-05-01,BOS,BUF,6,2
20202021,2021-05-01,DET,TBL,1,0
20202021,2021-05-01,NYI,NYR,3,0
20202021,2021-05-01,PHI,NJD,1,4
20202021,2021-05-01,WSH,PIT,0,3
20202021,2021-05-01,CAR,CBJ,2,1
20202021,2021-05-01,MTL,OTT,3,2
20202021,2021-05-01,TOR,VAN,5,1
20202021,2021-05-01,MIN,STL,4,3
20202021,2021-05-01,CHI,FLA,4,5
20202021,2021-05-01,NSH,DAL,1,0
20202021,2021-05-01,COL,SJS,4,3
20202021,2021-05-01,EDM,CGY,4,1
20202021,2021-05-01,ARI,VGK,2,3
20202021,2021-05-01,ANA,LAK,6,2
20202021,2021-05-02,DET,TBL,1,2
20202021,2021-05-03,FLA,DAL,5,4
20202021,2021-05-03,BUF,NYI,4,2
20202021,2021-05-03,NJD,BOS,0,3
20202021,2021-05-03,NYR,WSH,3,6
20202021,2021-05-03,PHI,PIT,7,2
20202021,2021-05-03,CAR,CHI,5,2
20202021,2021-05-03,CBJ,NSH,3,4
20202021,2021-05-03,MTL,TOR,3,2
20202021,2021-05-03,OTT,WPG,2,1
20202021,2021-05-03,STL,ANA,3,1
20202021,2021-05-03,MIN,VGK,6,5
20202021,2021-05-03,ARI,LAK,2,3
20202021,2021-05-03,VAN,EDM,3,5
20202021,2021-05-03,SJS,COL,4,5
20202021,2021-05-04,BUF,NYI,4,3
20202021,2021-05-04,NJD,BOS,4,3
20202021,2021-05-04,PHI,PIT,3,7
20202021,2021-05-04,CAR,CHI,6,3
20202021,2021-05-04,VAN,EDM,1,4
20202021,2021-05-05,TBL,DAL,6,2
20202021,2021-05-05,OTT,MTL,5,1
20202021,2021-05-05,NYR,WSH,2,4
20202021,2021-05-05,CBJ,NSH,4,2
20202021,2021-05-05,STL,ANA,2,3
20202021,2021-05-05,MIN,VGK,2,3
20202021,2021-05-05,CGY,WPG,0,4
20202021,2021-05-05,SJS,COL,3,2
20202021,2021-05-05,ARI,LAK,2,4
20202021,2021-05-06,CAR,CHI,1,2
20202021,2021-05-06,BOS,NYR,4,0
20202021,2021-05-06,NYI,NJD,1,2
20202021,2021-05-06,PIT,BUF,8,4
20202021,2021-05-06,TOR,MTL,5,2
20202021,2021-05-06,EDM,VAN,3,6
20202021,2021-05-07,TBL,DAL,2,5
20202021,2021-05-07,WSH,PHI,2,4
20202021,2021-05-07,CBJ,DET,2,5
20202021,2021-05-07,MIN,ANA,4,3
20202021,2021-05-07,VGK,STL,4,3
20202021,2021-05-07,LAK,COL,2,3
20202021,2021-05-07,SJS,ARI,2,5
20202021,2021-05-08,BOS,NYR,4,5
20202021,2021-05-08,PIT,BUF,1,0
20202021,2021-05-08,NYI,NJD,5,1
20202021,2021-05-08,WSH,PHI,2,1
20202021,2021-05-08,FLA,TBL,5,1
20202021,2021-05-08,CBJ,DET,5,4
20202021,2021-05-08,TOR,MTL,3,2
20202021,2021-05-08,WPG,OTT,2,4
20202021,2021-05-08,NSH,CAR,3,1
20202021,2021-05-08,MIN,ANA,4,3
20202021,2021-05-08,EDM,VAN,4,3
20202021,2021-05-08,VGK,STL,4,1
20202021,2021-05-08,LAK,COL,2,3
20202021,2021-05-08,SJS,ARI,4,5
20202021,2021-05-09,CHI,DAL,4,2
20202021,2021-05-09,CGY,OTT,6,1
20202021,2021-05-10,PHI,NJD,4,2
20202021,2021-05-10,MTL,EDM,3,4
20202021,2021-05-10,BOS,NYI,3,2
20202021,2021-05-10,FLA,TBL,4,0
20202021,2021-05-10,WPG,VAN,1,3
20202021,2021-05-10,NSH,CAR,5,0
20202021,2021-05-10,CHI,DAL,4,5
20202021,2021-05-10,LAK,STL,1,2
20202021,2021-05-10,VGK,COL,1,2
20202021,2021-05-11,WSH,BOS,2,1
20202021,2021-05-11,WPG,VAN,5,0
20202021,2021-05-12,MTL,EDM,3,4
20202021,2021-05-12,OTT,TOR,4,3
20202021,2021-05-12,SJS,VGK,0,6
20202021,2021-05-12,COL,LAK,6,0
20202021,2021-05-12,STL,MIN,4,0
20202021,2021-05-13,STL,MIN,7,3
20202021,2021-05-13,CGY,VAN,4,1
20202021,2021-05-13,COL,LAK,5,1
20202021,2021-05-14,WPG,TOR,4,2
20202021,2021-05-15,EDM,VAN,1,4
20202021,2021-05-16,VAN,CGY,5,6
20212022,2021-10-12,TBL,PIT,2,6
20212022,2021-10-12,VGK,SEA,4,3
20212022,2021-10-13,TOR,MTL,2,1
20212022,2021-10-13,WSH,NYR,5,1
20212022,2021-10-13,COL,CHI,4,2
20212022,2021-10-13,EDM,VAN,3,2
20212022,2021-10-13,ANA,WPG,4,1
20212022,2021-10-14,BUF,MTL,5,1
20212022,2021-10-14,OTT,TOR,3,2
20212022,2021-10-14,FLA,PIT,5,4
20212022,2021-10-14,NYR,DAL,2,3
20212022,2021-10-14,CAR,NYI,6,3
20212022,2021-10-14,CBJ,ARI,8,2
20212022,2021-10-14,DET,TBL,6,7
20212022,2021-10-14,NSH,SEA,3,4
20212022,2021-10-14,LAK,VGK,6,2
20212022,2021-10-15,NJD,CHI,4,3
20212022,2021-10-15,PHI,VAN,4,5
20212022,2021-10-15,ANA,MIN,1,2
20212022,2021-10-16,BUF,ARI,2,1
20212022,2021-10-16,FLA,NYI,5,1
20212022,2021-10-16,BOS,DAL,3,1
20212022,2021-10-16,TOR,OTT,3,1
20212022,2021-10-16,MTL,NYR,1,3
20212022,2021-10-16,DET,VAN,3,1
20212022,2021-10-16,PIT,CHI,5,2
20212022,2021-10-16,WSH,TBL,1,2
20212022,2021-10-16,CBJ,SEA,2,1
20212022,2021-10-16,NSH,CAR,2,3
20212022,2021-10-16,COL,STL,3,5
20212022,2021-10-16,EDM,CGY,5,2
20212022,2021-10-16,SJS,WPG,4,3
20212022,2021-10-16,LAK,MIN,2,3
20212022,2021-10-17,OTT,DAL,3,2
20212022,2021-10-18,TOR,NYR,1,2
20212022,2021-10-18,PHI,SEA,6,1
20212022,2021-10-18,CGY,ANA,2,3
20212022,2021-10-18,ARI,STL,4,7
20212022,2021-10-19,BUF,VAN,5,2
20212022,2021-10-19,MTL,SJS,0,5
20212022,2021-10-19,TBL,FLA,1,4
20212022,2021-10-19,NJD,SEA,4,2
20212022,2021-10-19,PIT,DAL,1,2
20212022,2021-10-19,WSH,COL,6,3
20212022,2021-10-19,DET,CBJ,4,1
20212022,2021-10-19,CHI,NYI,1,4
20212022,2021-10-19,NSH,LAK,2,1
20212022,2021-10-19,MIN,WPG,6,5
20212022,2021-10-19,EDM,ANA,6,5
20212022,2021-10-20,PHI,BOS,6,3
20212022,2021-10-20,VGK,STL,1,3
20212022,2021-10-21,MTL,CAR,1,4
20212022,2021-10-21,OTT,SJS,1,2
20212022,2021-10-21,FLA,COL,4,1
20212022,2021-10-21,NJD,WSH,1,4
20212022,2021-10-21,CBJ,NYI,3,2
20212022,2021-10-21,DET,CGY,0,3
20212022,2021-10-21,NSH,NYR,1,3
20212022,2021-10-21,WPG,ANA,5,1
20212022,2021-10-21,CHI,VAN,1,4
20212022,2021-10-21,ARI,EDM,1,5
20212022,2021-10-22,TOR,SJS,3,5
20212022,2021-10-22,BUF,BOS,1,4
20212022,2021-10-22,DAL,LAK,3,2
20212022,2021-10-22,VGK,EDM,3,5
20212022,2021-10-23,OTT,NYR,2,3
20212022,2021-10-23,WSH,CGY,3,4
20212022,2021-10-23,MIN,ANA,4,3
20212022,2021-10-23,MTL,DET,6,1
20212022,2021-10-23,TBL,COL,3,4
20212022,2021-10-23,NJD,BUF,2,1
20212022,2021-10-23,PHI,FLA,2,4
20212022,2021-10-23,PIT,TOR,7,1
20212022,2021-10-23,CBJ,CAR,1,5
20212022,2021-10-23,WPG,NSH,6,4
20212022,2021-10-23,STL,LAK,7,3
20212022,2021-10-23,ARI,NYI,0,3
20212022,2021-10-23,SEA,VAN,2,4
20212022,2021-10-24,BOS,SJS,4,3
20212022,2021-10-24,MIN,NSH,2,5
20212022,2021-10-24,CHI,DET,3,6
20212022,2021-10-24,VGK,NYI,0,2
20212022,2021-10-25,BUF,TBL,5,1
20212022,2021-10-25,OTT,WSH,5,7
20212022,2021-10-25,FLA,ARI,5,3
20212022,2021-10-25,NYR,CGY,1,5
20212022,2021-10-25,CAR,TOR,4,1
20212022,2021-10-25,CBJ,DAL,4,1
20212022,2021-10-25,STL,LAK,3,0
20212022,2021-10-26,NJD,CGY,3,5
20212022,2021-10-26,PIT,TBL,1,5
20212022,2021-10-26,COL,VGK,1,3
20212022,2021-10-26,NSH,SJS,3,1
20212022,2021-10-26,VAN,MIN,2,3
20212022,2021-10-26,ANA,WPG,3,4
20212022,2021-10-26,SEA,MTL,5,1
20212022,2021-10-27,FLA,BOS,4,1
20212022,2021-10-27,WSH,DET,2,3
20212022,2021-10-27,CHI,TOR,2,3
20212022,2021-10-27,DAL,VGK,2,3
20212022,2021-10-27,EDM,PHI,3,5
20212022,2021-10-28,TBL,ARI,5,1
20212022,2021-10-28,PIT,CGY,0,4
20212022,2021-10-28,CAR,BOS,3,0
20212022,2021-10-28,STL,COL,3,4
20212022,2021-10-28,VAN,PHI,1,2
20212022,2021-10-28,ANA,BUF,3,4
20212022,2021-10-28,SEA,MIN,4,1
20212022,2021-10-28,LAK,WPG,2,3
20212022,2021-10-28,SJS,MTL,0,4
20212022,2021-10-29,DET,FLA,2,3
20212022,2021-10-29,NYR,CBJ,4,0
20212022,2021-10-29,WSH,ARI,2,0
20212022,2021-10-29,CAR,CHI,6,3
20212022,2021-10-29,VGK,ANA,5,4
20212022,2021-10-29,DAL,OTT,1,4
20212022,2021-10-30,NSH,NYI,3,2
20212022,2021-10-30,LAK,MTL,5,2
20212022,2021-10-30,BOS,FLA,3,2
20212022,2021-10-30,TOR,DET,5,4
20212022,2021-10-30,PIT,NJD,2,4
20212022,2021-10-30,SJS,WPG,2,1
20212022,2021-10-30,STL,CHI,1,0
20212022,2021-10-30,COL,MIN,4,1
20212022,2021-10-30,CGY,PHI,4,0
20212022,2021-10-30,VAN,EDM,1,2
20212022,2021-10-31,CAR,ARI,2,1
20212022,2021-10-31,ANA,MTL,4,2
20212022,2021-10-31,LAK,BUF,3,2
20212022,2021-10-31,NJD,CBJ,3,4
20212022,2021-10-31,SEA,NYR,1,3
20212022,2021-11-01,TBL,WSH,3,2
20212022,2021-11-01,CHI,OTT,5,1
20212022,2021-11-01,EDM,SEA,5,2
20212022,2021-11-02,TOR,VGK,4,0
20212022,2021-11-02,MTL,DET,3,0
20212022,2021-11-02,PHI,ARI,3,0
20212022,2021-11-02,MIN,OTT,5,4
20212022,2021-11-02,WPG,DAL,4,3
20212022,2021-11-02,CGY,NSH,2,3
20212022,2021-11-02,VAN,NYR,3,2
20212022,2021-11-02,ANA,NJD,4,0
20212022,2021-11-02,SJS,BUF,5,3
20212022,2021-11-03,CHI,CAR,3,4
20212022,2021-11-03,EDM,NSH,5,2
20212022,2021-11-03,COL,CBJ,4,5
20212022,2021-11-03,LAK,STL,3,2
20212022,2021-11-04,BOS,DET,5,1
20212022,2021-11-04,TOR,TBL,2,1
20212022,2021-11-04,MTL,NYI,2,6
20212022,2021-11-04,OTT,VGK,1,5
20212022,2021-11-04,FLA,WSH,5,4
20212022,2021-11-04,PIT,PHI,3,2
20212022,2021-11-04,CGY,DAL,3,4
20212022,2021-11-04,SEA,BUF,5,2
20212022,2021-11-04,SJS,STL,3,5
20212022,2021-11-05,WPG,CHI,5,1
20212022,2021-11-05,EDM,NYR,6,5
20212022,2021-11-05,VAN,NSH,2,3
20212022,2021-11-05,ANA,ARI,3,1
20212022,2021-11-05,LAK,NJD,3,2
20212022,2021-11-06,OTT,TBL,3,5
20212022,2021-11-06,FLA,CAR,5,2
20212022,2021-11-06,BUF,DET,3,4
20212022,2021-11-06,TOR,BOS,5,2
20212022,2021-11-06,MTL,VGK,2,5
20212022,2021-11-06,PIT,MIN,4,5
20212022,2021-11-06,WSH,PHI,1,2
20212022,2021-11-06,CBJ,COL,4,2
20212022,2021-11-06,WPG,NYI,0,2
20212022,2021-11-06,CGY,NYR,6,0
20212022,2021-11-06,ARI,SEA,5,4
20212022,2021-11-06,SJS,NJD,2,3
20212022,2021-11-07,DET,VGK,5,2
20212022,2021-11-07,CHI,NSH,2,1
20212022,2021-11-07,MIN,NYI,5,2
20212022,2021-11-07,ANA,STL,4,1
20212022,2021-11-07,VAN,DAL,6,3
20212022,2021-11-08,NYR,FLA,4,3
20212022,2021-11-08,WSH,BUF,5,3
20212022,2021-11-08,TOR,LAK,1,5
20212022,2021-11-09,BOS,OTT,3,2
20212022,2021-11-09,MTL,LAK,2,3
20212022,2021-11-09,TBL,CAR,1,2
20212022,2021-11-09,NJD,FLA,7,3
20212022,2021-11-09,DET,EDM,4,2
20212022,2021-11-09,WPG,STL,2,3
20212022,2021-11-09,CHI,PIT,3,2
20212022,2021-11-09,CGY,SJS,1,4
20212022,2021-11-09,VAN,ANA,2,3
20212022,2021-11-09,VGK,SEA,4,2
20212022,2021-11-10,PHI,TOR,0,3
20212022,2021-11-10,DAL,NSH,2,4
20212022,2021-11-10,ARI,MIN,2,5
20212022,2021-11-11,BOS,EDM,3,5
20212022,2021-11-11,MTL,CGY,4,2
20212022,2021-11-11,OTT,LAK,0,2
20212022,2021-11-11,NJD,NYI,4,0
20212022,2021-11-11,PIT,FLA,3,2
20212022,2021-11-11,DET,WSH,0,2
20212022,2021-11-11,STL,NSH,3,4
20212022,2021-11-11,WPG,SJS,4,1
20212022,2021-11-11,COL,VAN,7,1
20212022,2021-11-11,VGK,MIN,3,2
20212022,2021-11-11,SEA,ANA,4,7
20212022,2021-11-12,BUF,EDM,3,2
20212022,2021-11-12,TOR,CGY,2,1
20212022,2021-11-12,CAR,PHI,1,2
20212022,2021-11-12,CBJ,WSH,3,4
20212022,2021-11-12,CHI,ARI,2,1
20212022,2021-11-13,NJD,BOS,2,5
20212022,2021-11-13,BUF,TOR,4,5
20212022,2021-11-13,OTT,PIT,6,3
20212022,2021-11-13,DET,MTL,3,2
20212022,2021-11-13,TBL,FLA,3,2
20212022,2021-11-13,CBJ,NYR,3,5
20212022,2021-11-13,WPG,LAK,3,2
20212022,2021-11-13,CAR,STL,3,2
20212022,2021-11-13,NSH,ARI,4,1
20212022,2021-11-13,DAL,PHI,5,2
20212022,2021-11-13,COL,SJS,6,2
20212022,2021-11-13,VGK,VAN,7,4
20212022,2021-11-13,SEA,MIN,2,4
20212022,2021-11-14,OTT,CGY,0,4
20212022,2021-11-14,BOS,MTL,5,2
20212022,2021-11-14,NYR,NJD,4,3
20212022,2021-11-14,WSH,PIT,6,1
20212022,2021-11-14,STL,EDM,4,5
20212022,2021-11-14,ANA,VAN,5,1
20212022,2021-11-15,TBL,NYI,4,1
20212022,2021-11-15,CBJ,DET,5,3
20212022,2021-11-16,TOR,NSH,3,0
20212022,2021-11-16,FLA,NYI,6,1
20212022,2021-11-16,NYR,MTL,3,2
20212022,2021-11-16,PHI,CGY,2,1
20212022,2021-11-16,PIT,BUF,1,2
20212022,2021-11-16,STL,ARI,2,3
20212022,2021-11-16,MIN,SJS,1,4
20212022,2021-11-16,WPG,EDM,5,2
20212022,2021-11-16,DAL,DET,5,2
20212022,2021-11-16,VGK,CAR,2,4
20212022,2021-11-16,ANA,WSH,3,2
20212022,2021-11-17,VAN,COL,2,4
20212022,2021-11-17,SEA,CHI,2,4
20212022,2021-11-17,LAK,WSH,0,2
20212022,2021-11-18,BUF,CGY,0,5
20212022,2021-11-18,TOR,NYR,2,1
20212022,2021-11-18,MTL,PIT,0,6
20212022,2021-11-18,FLA,NJD,4,1
20212022,2021-11-18,PHI,TBL,3,4
20212022,2021-11-18,STL,SJS,4,1
20212022,2021-11-18,MIN,DAL,7,2
20212022,2021-11-18,EDM,WPG,2,1
20212022,2021-11-18,ARI,CBJ,4,5
20212022,2021-11-18,VGK,DET,5,2
20212022,2021-11-18,ANA,CAR,1,2
20212022,2021-11-19,VAN,WPG,3,2
20212022,2021-11-19,SEA,COL,3,7
20212022,2021-11-20,TBL,NJD,3,5
20212022,2021-11-20,LAK,CAR,4,5
20212022,2021-11-20,FLA,MIN,5,4
20212022,2021-11-20,TOR,PIT,0,2
20212022,2021-11-20,MTL,NSH,6,3
20212022,2021-11-20,NYI,CGY,2,5
20212022,2021-11-20,PHI,BOS,2,5
20212022,2021-11-20,DAL,STL,4,1
20212022,2021-11-20,ARI,DET,2,1
20212022,2021-11-20,EDM,CHI,5,2
20212022,2021-11-20,VGK,CBJ,3,2
20212022,2021-11-20,SJS,WSH,0,4
20212022,2021-11-21,TBL,MIN,5,4
20212022,2021-11-21,NYR,BUF,5,4
20212022,2021-11-21,BOS,CGY,0,4
20212022,2021-11-21,NYI,TOR,0,3
20212022,2021-11-21,VAN,CHI,0,1
20212022,2021-11-21,SEA,WSH,5,2
20212022,2021-11-21,LAK,ARI,1,2
20212022,2021-11-22,BUF,CBJ,4,7
20212022,2021-11-22,STL,VGK,5,2
20212022,2021-11-22,NSH,ANA,3,2
20212022,2021-11-22,WPG,PIT,1,3
20212022,2021-11-22,COL,OTT,7,5
20212022,2021-11-22,SJS,CAR,2,1
20212022,2021-11-23,TBL,PHI,4,0
20212022,2021-11-23,DAL,EDM,4,1
20212022,2021-11-23,CGY,CHI,5,2
20212022,2021-11-24,BUF,BOS,1,5
20212022,2021-11-24,FLA,PHI,2,1
20212022,2021-11-24,NJD,MIN,2,3
20212022,2021-11-24,PIT,VAN,4,1
20212022,2021-11-24,WSH,MTL,6,3
20212022,2021-11-24,CBJ,WPG,3,0
20212022,2021-11-24,DET,STL,4,2
20212022,2021-11-24,NYI,NYR,1,4
20212022,2021-11-24,NSH,VGK,2,5
20212022,2021-11-24,COL,ANA,5,2
20212022,2021-11-24,ARI,EDM,3,5
20212022,2021-11-24,LAK,TOR,2,6
20212022,2021-11-24,SEA,CAR,2,1
20212022,2021-11-24,SJS,OTT,6,3
20212022,2021-11-26,BOS,NYR,2,5
20212022,2021-11-26,PHI,CAR,3,6
20212022,2021-11-26,CHI,STL,3,2
20212022,2021-11-26,MIN,WPG,7,1
20212022,2021-11-26,ANA,OTT,4,0
20212022,2021-11-26,WSH,FLA,4,3
20212022,2021-11-26,NSH,NJD,4,2
20212022,2021-11-26,BUF,MTL,4,1
20212022,2021-11-26,TBL,SEA,3,0
20212022,2021-11-26,CBJ,VAN,4,2
20212022,2021-11-26,NYI,PIT,0,1
20212022,2021-11-26,DAL,COL,3,1
20212022,2021-11-26,SJS,TOR,1,4
20212022,2021-11-27,FLA,SEA,1,4
20212022,2021-11-27,DET,BUF,3,2
20212022,2021-11-27,PIT,MTL,3,6
20212022,2021-11-27,VGK,EDM,2,3
20212022,2021-11-27,LAK,OTT,4,2
20212022,2021-11-27,STL,CBJ,6,3
20212022,2021-11-27,ARI,DAL,2,3
20212022,2021-11-27,COL,NSH,6,2
20212022,2021-11-27,CGY,WPG,2,4
20212022,2021-11-28,CAR,WSH,2,4
20212022,2021-11-28,MIN,TBL,4,2
20212022,2021-11-28,BOS,VAN,3,2
20212022,2021-11-28,NJD,PHI,5,2
20212022,2021-11-28,CHI,SJS,0,2
20212022,2021-11-28,ANA,TOR,1,5
20212022,2021-11-29,BUF,SEA,4,7
20212022,2021-11-29,MTL,VAN,1,2
20212022,2021-11-29,WPG,ARI,0,1
20212022,2021-11-29,CGY,PIT,2,1
20212022,2021-11-30,BOS,DET,1,2
20212022,2021-11-30,FLA,WSH,5,4
20212022,2021-11-30,NJD,SJS,2,5
20212022,2021-11-30,STL,TBL,4,3
20212022,2021-11-30,NSH,CBJ,6,0
20212022,2021-11-30,MIN,ARI,5,2
20212022,2021-11-30,DAL,CAR,4,1
20212022,2021-11-30,LAK,ANA,4,5
20212022,2021-12-01,NYR,PHI,4,1
20212022,2021-12-01,TOR,COL,8,3
20212022,2021-12-01,OTT,VAN,2,6
20212022,2021-12-01,DET,SEA,4,3
20212022,2021-12-01,EDM,PIT,5,2
20212022,2021-12-01,ANA,VGK,6,5
20212022,2021-12-02,MTL,COL,1,4
20212022,2021-12-02,TBL,STL,4,2
20212022,2021-12-02,FLA,BUF,7,4
20212022,2021-12-02,WSH,CHI,3,4
20212022,2021-12-02,CAR,OTT,2,3
20212022,2021-12-02,NYI,SJS,1,2
20212022,2021-12-02,NSH,BOS,0,2
20212022,2021-12-02,MIN,NJD,5,2
20212022,2021-12-02,DAL,CBJ,3,2
20212022,2021-12-02,LAK,CGY,2,3
20212022,2021-12-03,NYR,SJS,1,0
20212022,2021-12-03,WPG,NJD,8,4
20212022,2021-12-03,ARI,VGK,1,7
20212022,2021-12-03,ANA,CGY,3,4
20212022,2021-12-03,SEA,EDM,4,3
20212022,2021-12-04,FLA,STL,4,3
20212022,2021-12-04,BOS,TBL,2,3
20212022,2021-12-04,OTT,COL,6,5
20212022,2021-12-04,DET,NYI,4,3
20212022,2021-12-04,WSH,CBJ,3,1
20212022,2021-12-04,NSH,MTL,4,3
20212022,2021-12-04,MIN,TOR,4,3
20212022,2021-12-04,CAR,BUF,6,2
20212022,2021-12-04,NYR,CHI,3,2
20212022,2021-12-04,VAN,PIT,1,4
20212022,2021-12-05,PHI,TBL,1,7
20212022,2021-12-05,CBJ,SJS,6,4
20212022,2021-12-05,NYI,CHI,2,3
20212022,2021-12-05,WPG,TOR,6,3
20212022,2021-12-05,EDM,LAK,1,5
20212022,2021-12-05,VGK,CGY,3,2
20212022,2021-12-06,NJD,OTT,2,3
20212022,2021-12-06,PHI,COL,5,7
20212022,2021-12-06,WSH,ANA,4,3
20212022,2021-12-06,DAL,ARI,4,1
20212022,2021-12-06,VAN,LAK,4,0
20212022,2021-12-06,SEA,PIT,1,6
20212022,2021-12-07,TOR,CBJ,5,4
20212022,2021-12-07,MTL,TBL,2,3
20212022,2021-12-07,OTT,NYI,3,5
20212022,2021-12-07,DET,NSH,2,5
20212022,2021-12-07,BUF,ANA,0,2
20212022,2021-12-07,STL,FLA,4,3
20212022,2021-12-07,WPG,CAR,2,4
20212022,2021-12-07,CHI,NYR,2,6
20212022,2021-12-07,EDM,MIN,1,4
20212022,2021-12-07,SJS,CGY,5,3
20212022,2021-12-08,NJD,PHI,3,0
20212022,2021-12-08,NYR,COL,3,7
20212022,2021-12-08,VAN,BOS,2,1
20212022,2021-12-08,VGK,DAL,5,4
20212022,2021-12-09,TOR,TBL,3,5
20212022,2021-12-09,MTL,CHI,0,2
20212022,2021-12-09,CBJ,ANA,1,2
20212022,2021-12-09,NYI,NSH,3,4
20212022,2021-12-09,STL,DET,6,2
20212022,2021-12-09,CGY,CAR,1,2
20212022,2021-12-09,EDM,BOS,2,3
20212022,2021-12-09,SEA,WPG,0,3
20212022,2021-12-09,LAK,DAL,4,0
20212022,2021-12-09,SJS,MIN,2,5
20212022,2021-12-10,BUF,NYR,1,2
20212022,2021-12-10,WSH,PIT,2,4
20212022,2021-12-10,NJD,NSH,2,3
20212022,2021-12-10,COL,DET,7,3
20212022,2021-12-10,ARI,FLA,1,3
20212022,2021-12-10,VAN,WPG,4,3
20212022,2021-12-10,VGK,PHI,3,4
20212022,2021-12-11,OTT,TBL,4,0
20212022,2021-12-11,BUF,WSH,2,3
20212022,2021-12-11,TOR,CHI,5,4
20212022,2021-12-11,PIT,ANA,1,0
20212022,2021-12-11,STL,MTL,4,1
20212022,2021-12-11,NYI,NJD,4,2
20212022,2021-12-11,ARI,PHI,3,5
20212022,2021-12-11,CGY,BOS,2,4
20212022,2021-12-11,EDM,CAR,1,3
20212022,2021-12-11,SEA,CBJ,4,5
20212022,2021-12-11,LAK,MIN,2,1
20212022,2021-12-11,SJS,DAL,2,1
20212022,2021-12-12,NYR,NSH,0,1
20212022,2021-12-12,STL,ANA,2,3
20212022,2021-12-12,COL,FLA,3,2
20212022,2021-12-12,VGK,MIN,6,4
20212022,2021-12-12,VAN,CAR,2,1
20212022,2021-12-14,BOS,VGK,1,4
20212022,2021-12-14,TBL,LAK,3,2
20212022,2021-12-14,FLA,OTT,2,8
20212022,2021-12-14,PHI,NJD,6,1
20212022,2021-12-14,PIT,MTL,5,2
20212022,2021-12-14,DET,NYI,2,1
20212022,2021-12-14,WPG,BUF,2,4
20212022,2021-12-14,DAL,STL,1,4
20212022,2021-12-14,COL,NYR,4,2
20212022,2021-12-14,EDM,TOR,1,5
20212022,2021-12-14,VAN,CBJ,4,3
20212022,2021-12-14,SJS,SEA,1,3
20212022,2021-12-15,CHI,WSH,5,4
20212022,2021-12-15,ARI,NYR,2,3
20212022,2021-12-15,ANA,SEA,4,1
20212022,2021-12-16,MTL,PHI,3,2
20212022,2021-12-16,TBL,OTT,2,1
20212022,2021-12-16,FLA,LAK,1,4
20212022,2021-12-16,NJD,VGK,3,5
20212022,2021-12-16,CAR,DET,5,3
20212022,2021-12-16,NYI,BOS,3,1
20212022,2021-12-16,NSH,COL,5,2
20212022,2021-12-16,MIN,BUF,2,3
20212022,2021-12-16,EDM,CBJ,5,2
20212022,2021-12-16,SJS,VAN,2,5
20212022,2021-12-17,NYR,VGK,2,3
20212022,2021-12-17,PIT,BUF,3,2
20212022,2021-12-17,STL,DAL,4,1
20212022,2021-12-17,WPG,WSH,2,5
20212022,2021-12-17,CHI,NSH,2,3
20212022,2021-12-17,ANA,ARI,5,6
20212022,2021-12-18,PHI,OTT,4,3
20212022,2021-12-18,CAR,LAK,5,1
20212022,2021-12-18,DET,NJD,5,2
20212022,2021-12-18,DAL,CHI,4,3
20212022,2021-12-18,SEA,EDM,3,5
20212022,2021-12-19,NYI,VGK,3,4
20212022,2021-12-19,WPG,STL,4,2
20212022,2021-12-19,NJD,PIT,2,3
20212022,2021-12-19,WSH,LAK,2,3
20212022,2021-12-20,DAL,MIN,7,4
20212022,2021-12-21,VGK,TBL,3,4
20212022,2021-12-28,TBL,MTL,5,4
20212022,2021-12-28,LAK,VGK,3,6
20212022,2021-12-28,SJS,ARI,8,7
20212022,2021-12-29,BUF,NJD,3,4
20212022,2021-12-29,FLA,NYR,4,3
20212022,2021-12-29,WSH,NSH,5,3
20212022,2021-12-29,STL,EDM,4,2
20212022,2021-12-29,SEA,PHI,2,3
20212022,2021-12-29,ANA,VAN,1,2
20212022,2021-12-30,FLA,TBL,9,3
20212022,2021-12-30,CAR,MTL,4,0
20212022,2021-12-30,CBJ,NSH,4,3
20212022,2021-12-30,NYI,BUF,4,1
20212022,2021-12-30,SEA,CGY,4,6
20212022,2021-12-30,LAK,VAN,2,1
20212022,2021-12-30,SJS,PHI,3,2
20212022,2021-12-31,NJD,EDM,6,5
20212022,2021-12-31,VGK,ANA,3,1
20212022,2021-12-31,TBL,NYR,3,4
20212022,2021-12-31,DET,WSH,1,3
20212022,2022-01-01,BOS,BUF,4,3
20212022,2022-01-01,FLA,MTL,5,2
20212022,2022-01-01,CBJ,CAR,4,7
20212022,2022-01-01,NYI,EDM,3,2
20212022,2022-01-01,NSH,CHI,6,1
20212022,2022-01-01,TOR,OTT,6,0
20212022,2022-01-01,MIN,STL,4,6
20212022,2022-01-01,SEA,VAN,2,5
20212022,2022-01-01,LAK,PHI,6,3
20212022,2022-01-02,NYR,TBL,4,0
20212022,2022-01-02,DET,BOS,1,5
20212022,2022-01-02,PIT,SJS,8,5
20212022,2022-01-02,WSH,NJD,3,4
20212022,2022-01-02,COL,ANA,4,2
20212022,2022-01-02,VGK,WPG,4,5
20212022,2022-01-02,CHI,CGY,1,5
20212022,2022-01-03,NYR,EDM,4,1
20212022,2022-01-04,BOS,NJD,5,3
20212022,2022-01-04,FLA,CGY,6,2
20212022,2022-01-04,CBJ,TBL,2,7
20212022,2022-01-04,DET,SJS,6,2
20212022,2022-01-04,CHI,COL,3,4
20212022,2022-01-04,ARI,WPG,1,3
20212022,2022-01-04,VGK,NSH,2,3
20212022,2022-01-04,ANA,PHI,4,1
20212022,2022-01-05,TOR,EDM,4,2
20212022,2022-01-05,PIT,STL,5,3
20212022,2022-01-06,BOS,MIN,2,3
20212022,2022-01-06,BUF,SJS,2,3
20212022,2022-01-06,TBL,CGY,4,1
20212022,2022-01-06,NJD,CBJ,3,1
20212022,2022-01-06,PHI,PIT,2,6
20212022,2022-01-06,DAL,FLA,6,5
20212022,2022-01-06,COL,WPG,7,1
20212022,2022-01-06,ARI,CHI,6,4
20212022,2022-01-06,VGK,NYR,5,1
20212022,2022-01-06,LAK,NSH,2,4
20212022,2022-01-07,CAR,CGY,6,3
20212022,2022-01-07,STL,WSH,5,1
20212022,2022-01-08,DAL,PIT,3,2
20212022,2022-01-08,TBL,BOS,2,5
20212022,2022-01-08,PHI,SJS,2,3
20212022,2022-01-08,CAR,FLA,3,4
20212022,2022-01-08,CBJ,NJD,4,3
20212022,2022-01-08,COL,TOR,5,4
20212022,2022-01-08,MIN,WSH,3,2
20212022,2022-01-08,ARI,NSH,2,4
20212022,2022-01-08,VGK,CHI,1,2
20212022,2022-01-08,ANA,NYR,1,4
20212022,2022-01-08,LAK,DET,4,0
20212022,2022-01-09,STL,DAL,2,1
20212022,2022-01-09,ANA,DET,4,3
20212022,2022-01-10,WSH,BOS,3,7
20212022,2022-01-10,COL,SEA,4,3
20212022,2022-01-10,LAK,NYR,3,1
20212022,2022-01-11,BUF,TBL,1,6
20212022,2022-01-11,FLA,VAN,5,2
20212022,2022-01-11,CBJ,CHI,2,4
20212022,2022-01-11,NSH,COL,5,4
20212022,2022-01-11,VGK,TOR,3,4
20212022,2022-01-11,ANA,PIT,1,4
20212022,2022-01-11,SJS,DET,3,2
20212022,2022-01-12,BOS,MTL,5,1
20212022,2022-01-12,DAL,SEA,5,2
20212022,2022-01-12,ARI,TOR,2,1
20212022,2022-01-13,BOS,PHI,3,2
20212022,2022-01-13,TBL,VAN,4,2
20212022,2022-01-13,CAR,CBJ,0,6
20212022,2022-01-13,DET,WPG,0,3
20212022,2022-01-13,NYI,NJD,3,2
20212022,2022-01-13,STL,SEA,2,1
20212022,2022-01-13,NSH,BUF,1,4
20212022,2022-01-13,CHI,MTL,3,2
20212022,2022-01-13,CGY,OTT,1,4
20212022,2022-01-13,LAK,PIT,6,2
20212022,2022-01-13,SJS,NYR,0,3
20212022,2022-01-14,FLA,DAL,7,1
20212022,2022-01-14,MIN,ANA,7,3
20212022,2022-01-14,COL,ARI,4,3
20212022,2022-01-15,BOS,NSH,4,3
20212022,2022-01-15,CAR,VAN,4,1
20212022,2022-01-15,NYI,WSH,0,2
20212022,2022-01-15,FLA,CBJ,9,2
20212022,2022-01-15,DET,BUF,4,0
20212022,2022-01-15,TBL,DAL,3,1
20212022,2022-01-15,PHI,NYR,2,3
20212022,2022-01-15,STL,TOR,5,6
20212022,2022-01-15,CHI,ANA,3,0
20212022,2022-01-15,ARI,COL,0,5
20212022,2022-01-15,EDM,OTT,4,6
20212022,2022-01-15,SEA,LAK,1,3
20212022,2022-01-15,SJS,PIT,1,2
20212022,2022-01-16,WSH,VAN,2,4
20212022,2022-01-17,BUF,DET,2,3
20212022,2022-01-17,COL,MIN,4,3
20212022,2022-01-17,ARI,MTL,5,2
20212022,2022-01-17,SJS,LAK,6,2
20212022,2022-01-17,SEA,CHI,3,2
20212022,2022-01-17,NYI,PHI,4,1
20212022,2022-01-17,STL,NSH,5,3
20212022,2022-01-17,VGK,PIT,3,5
20212022,2022-01-18,PHI,NYI,3,4
20212022,2022-01-18,BOS,CAR,1,7
20212022,2022-01-18,OTT,BUF,1,3
20212022,2022-01-18,WSH,WPG,4,3
20212022,2022-01-18,NSH,VAN,1,3
20212022,2022-01-18,DAL,MTL,3,5
20212022,2022-01-18,CGY,FLA,5,1
20212022,2022-01-18,LAK,TBL,4,6
20212022,2022-01-19,NJD,ARI,1,4
20212022,2022-01-19,NYR,TOR,6,3
20212022,2022-01-19,ANA,COL,0,2
20212022,2022-01-20,BOS,WSH,4,3
20212022,2022-01-20,BUF,DAL,4,5
20212022,2022-01-20,PHI,CBJ,1,2
20212022,2022-01-20,PIT,OTT,6,4
20212022,2022-01-20,NSH,WPG,5,2
20212022,2022-01-20,EDM,FLA,0,6
20212022,2022-01-20,LAK,COL,1,4
20212022,2022-01-20,VGK,MTL,4,3
20212022,2022-01-20,SEA,SJS,3,2
20212022,2022-01-21,CAR,NYR,6,3
20212022,2022-01-21,CBJ,PIT,2,5
20212022,2022-01-21,DET,DAL,4,5
20212022,2022-01-21,NYI,ARI,4,0
20212022,2022-01-21,CHI,MIN,1,5
20212022,2022-01-21,VAN,FLA,1,2
20212022,2022-01-21,ANA,TBL,5,1
20212022,2022-01-21,SEA,STL,0,5
20212022,2022-01-22,BUF,PHI,6,3
20212022,2022-01-22,BOS,WPG,3,2
20212022,2022-01-22,NJD,CAR,7,4
20212022,2022-01-22,NYR,ARI,7,3
20212022,2022-01-22,WSH,OTT,3,2
20212022,2022-01-22,COL,MTL,3,2
20212022,2022-01-22,NYI,TOR,1,3
20212022,2022-01-22,NSH,DET,4,1
20212022,2022-01-22,MIN,CHI,4,3
20212022,2022-01-22,EDM,CGY,5,3
20212022,2022-01-22,SJS,TBL,1,7
20212022,2022-01-23,PIT,WPG,3,2
20212022,2022-01-23,CBJ,OTT,1,2
20212022,2022-01-23,NJD,LAK,2,3
20212022,2022-01-23,SEA,FLA,5,3
20212022,2022-01-23,VAN,STL,1,3
20212022,2022-01-24,BOS,ANA,3,5
20212022,2022-01-24,NYR,LAK,3,2
20212022,2022-01-24,PHI,DAL,1,3
20212022,2022-01-24,WSH,VGK,0,1
20212022,2022-01-24,MIN,MTL,8,2
20212022,2022-01-24,COL,CHI,2,0
20212022,2022-01-24,CGY,STL,7,1
20212022,2022-01-25,OTT,BUF,5,0
20212022,2022-01-25,NJD,DAL,1,5
20212022,2022-01-25,PIT,ARI,6,3
20212022,2022-01-25,CAR,VGK,4,3
20212022,2022-01-25,NYI,PHI,4,3
20212022,2022-01-25,WPG,FLA,3,5
20212022,2022-01-25,VAN,EDM,2,3
20212022,2022-01-25,SEA,NSH,2,4
20212022,2022-01-26,TOR,ANA,4,3
20212022,2022-01-26,WSH,SJS,1,4
20212022,2022-01-26,CBJ,CGY,0,6
20212022,2022-01-26,DET,CHI,5,8
20212022,2022-01-26,COL,BOS,4,3
20212022,2022-01-27,MTL,ANA,4,5
20212022,2022-01-27,OTT,CAR,2,3
20212022,2022-01-27,TBL,NJD,3,2
20212022,2022-01-27,FLA,VGK,4,1
20212022,2022-01-27,NYI,LAK,2,3
20212022,2022-01-27,PIT,SEA,1,2
20212022,2022-01-27,CBJ,NYR,5,3
20212022,2022-01-27,STL,CGY,5,1
20212022,2022-01-27,WPG,VAN,1,5
20212022,2022-01-27,EDM,NSH,3,2
20212022,2022-01-28,PIT,DET,2,3
20212022,2022-01-28,NYR,MIN,2,3
20212022,2022-01-28,CHI,COL,4,6
20212022,2022-01-28,DAL,WSH,0,5
20212022,2022-01-28,ARI,BOS,1,2
20212022,2022-01-29,OTT,ANA,1,2
20212022,2022-01-29,PHI,LAK,4,3
20212022,2022-01-29,STL,WPG,1,4
20212022,2022-01-29,FLA,SJS,5,4
20212022,2022-01-29,MTL,EDM,2,7
20212022,2022-01-29,DET,TOR,4,7
20212022,2022-01-29,TBL,VGK,2,3
20212022,2022-01-29,CAR,NJD,2,1
20212022,2022-01-29,ARI,BUF,1,3
20212022,2022-01-29,CGY,VAN,1,0
20212022,2022-01-30,NYR,SEA,3,2
20212022,2022-01-30,PIT,LAK,3,4
20212022,2022-01-30,CAR,SJS,2,1
20212022,2022-01-30,MTL,CBJ,3,6
20212022,2022-01-30,DAL,BOS,6,1
20212022,2022-01-30,NYI,MIN,3,4
20212022,2022-01-30,COL,BUF,4,1
20212022,2022-01-31,CBJ,FLA,4,8
20212022,2022-01-31,TOR,NJD,6,4
20212022,2022-01-31,OTT,EDM,3,2
20212022,2022-01-31,DET,ANA,2,1
20212022,2022-01-31,CHI,VAN,1,3
20212022,2022-02-01,BOS,SEA,3,2
20212022,2022-02-01,TBL,SJS,3,2
20212022,2022-02-01,NJD,TOR,1,7
20212022,2022-02-01,NYR,FLA,5,2
20212022,2022-02-01,PHI,WPG,3,1
20212022,2022-02-01,PIT,WSH,3,4
20212022,2022-02-01,NYI,OTT,4,1
20212022,2022-02-01,NSH,VAN,4,2
20212022,2022-02-01,DAL,CGY,3,4
20212022,2022-02-01,COL,ARI,2,3
20212022,2022-02-01,VGK,BUF,5,2
20212022,2022-02-02,NYI,SEA,0,3
20212022,2022-02-02,WSH,EDM,3,5
20212022,2022-02-02,DET,LAK,3,5
20212022,2022-02-02,CHI,MIN,0,5
20212022,2022-02-02,ARI,CGY,2,4
20212022,2022-02-07,TOR,CAR,4,3
20212022,2022-02-07,OTT,NJD,4,1
20212022,2022-02-08,OTT,CAR,4,3
20212022,2022-02-08,BOS,PIT,2,4
20212022,2022-02-08,MTL,NJD,1,7
20212022,2022-02-08,WSH,CBJ,4,5
20212022,2022-02-08,WPG,MIN,2,0
20212022,2022-02-08,EDM,VGK,0,4
20212022,2022-02-08,VAN,ARI,5,1
20212022,2022-02-09,PHI,DET,3,6
20212022,2022-02-09,DAL,NSH,4,3
20212022,2022-02-09,EDM,CHI,1,4
20212022,2022-02-09,CGY,VGK,6,0
20212022,2022-02-09,SEA,ARI,2,5
20212022,2022-02-09,VAN,NYI,3,6
20212022,2022-02-10,BUF,CBJ,3,4
20212022,2022-02-10,BOS,CAR,0,6
20212022,2022-02-10,OTT,PIT,0,2
20212022,2022-02-10,MTL,WSH,2,5
20212022,2022-02-10,STL,NJD,4,7
20212022,2022-02-10,CGY,TOR,5,2
20212022,2022-02-10,COL,TBL,3,2
20212022,2022-02-11,DAL,WPG,4,3
20212022,2022-02-11,EDM,NYI,3,1
20212022,2022-02-11,ARI,TBL,3,4
20212022,2022-02-11,ANA,SEA,3,4
20212022,2022-02-12,DET,PHI,4,2
20212022,2022-02-12,OTT,BOS,0,2
20212022,2022-02-12,MTL,CBJ,1,2
20212022,2022-02-12,VAN,TOR,3,2
20212022,2022-02-12,NSH,WPG,2,5
20212022,2022-02-12,MIN,CAR,3,2
20212022,2022-02-12,STL,CHI,5,1
20212022,2022-02-12,CGY,NYI,5,2
20212022,2022-02-13,WSH,OTT,1,4
20212022,2022-02-13,MTL,BUF,3,5
20212022,2022-02-13,NJD,PIT,2,4
20212022,2022-02-13,DAL,COL,0,4
20212022,2022-02-14,MIN,DET,7,4
20212022,2022-02-14,SEA,TOR,2,6
20212022,2022-02-14,WPG,CHI,1,3
20212022,2022-02-14,SJS,EDM,0,3
20212022,2022-02-15,OTT,STL,2,5
20212022,2022-02-15,PIT,PHI,5,4
20212022,2022-02-15,BUF,NYI,6,3
20212022,2022-02-15,NJD,TBL,3,6
20212022,2022-02-15,NYR,BOS,2,1
20212022,2022-02-15,NSH,WSH,1,4
20212022,2022-02-15,CGY,CBJ,6,2
20212022,2022-02-15,COL,DAL,1,4
20212022,2022-02-15,LAK,EDM,2,5
20212022,2022-02-16,WPG,MIN,6,3
20212022,2022-02-16,CAR,FLA,2,3
20212022,2022-02-16,CGY,ANA,6,2
20212022,2022-02-16,VGK,COL,0,2
20212022,2022-02-17,PHI,WSH,3,5
20212022,2022-02-17,NYR,DET,2,3
20212022,2022-02-17,TOR,PIT,4,1
20212022,2022-02-17,MTL,STL,3,2
20212022,2022-02-17,BUF,OTT,1,3
20212022,2022-02-17,NYI,BOS,4,1
20212022,2022-02-17,WPG,SEA,5,3
20212022,2022-02-17,CHI,CBJ,4,7
20212022,2022-02-17,EDM,ANA,7,3
20212022,2022-02-17,SJS,VAN,4,5
20212022,2022-02-18,CAR,NSH,5,3
20212022,2022-02-18,MIN,FLA,2,6
20212022,2022-02-18,CHI,DAL,0,1
20212022,2022-02-18,VGK,LAK,3,4
20212022,2022-02-19,BUF,COL,3,5
20212022,2022-02-19,WPG,EDM,2,4
20212022,2022-02-19,OTT,BOS,2,3
20212022,2022-02-19,TOR,STL,3,6
20212022,2022-02-19,ARI,LAK,3,5
20212022,2022-02-19,CGY,SEA,2,1
20212022,2022-02-19,VAN,ANA,4,7
20212022,2022-02-20,PIT,CAR,3,4
20212022,2022-02-20,NYI,MTL,2,3
20212022,2022-02-20,CHI,FLA,2,5
20212022,2022-02-20,OTT,NYR,1,2
20212022,2022-02-20,CBJ,BUF,7,3
20212022,2022-02-20,ARI,DAL,3,1
20212022,2022-02-20,EDM,MIN,3,7
20212022,2022-02-20,SJS,VGK,1,4
20212022,2022-02-21,BOS,COL,5,1
20212022,2022-02-21,PHI,CAR,3,4
20212022,2022-02-21,CGY,WPG,3,1
20212022,2022-02-21,MTL,TOR,5,2
20212022,2022-02-21,VAN,SEA,5,2
20212022,2022-02-22,FLA,NSH,4,6
20212022,2022-02-22,CBJ,TOR,4,3
20212022,2022-02-22,OTT,MIN,4,3
20212022,2022-02-22,PHI,STL,1,4
20212022,2022-02-22,ANA,SJS,4,3
20212022,2022-02-22,SEA,NYI,2,5
20212022,2022-02-23,DET,COL,2,5
20212022,2022-02-23,TBL,EDM,5,3
20212022,2022-02-23,DAL,WPG,3,2
20212022,2022-02-23,MTL,BUF,4,0
20212022,2022-02-23,ARI,LAK,2,3
20212022,2022-02-24,PIT,NJD,1,6
20212022,2022-02-24,TOR,MIN,3,1
20212022,2022-02-24,FLA,CBJ,3,6
20212022,2022-02-24,NYR,WSH,4,1
20212022,2022-02-24,NSH,DAL,2,1
20212022,2022-02-24,VAN,CGY,7,1
20212022,2022-02-24,SEA,BOS,2,3
20212022,2022-02-24,SJS,NYI,4,3
20212022,2022-02-25,CAR,CBJ,4,0
20212022,2022-02-25,STL,BUF,5,3
20212022,2022-02-25,CHI,NJD,8,5
20212022,2022-02-25,COL,WPG,6,3
20212022,2022-02-25,ARI,VGK,3,1
20212022,2022-02-25,ANA,LAK,1,4
20212022,2022-02-26,FLA,EDM,3,4
20212022,2022-02-26,PHI,WSH,2,1
20212022,2022-02-26,PIT,NYR,1,0
20212022,2022-02-26,OTT,MTL,1,2
20212022,2022-02-26,NSH,TBL,2,3
20212022,2022-02-26,DET,TOR,7,10
20212022,2022-02-26,CGY,MIN,7,3
20212022,2022-02-26,VGK,COL,2,3
20212022,2022-02-26,SJS,BOS,1,3
20212022,2022-02-26,LAK,NYI,5,2
20212022,2022-02-27,CAR,EDM,2,1
20212022,2022-02-27,DAL,BUF,4,2
20212022,2022-02-27,CHI,STL,0,4
20212022,2022-02-27,ARI,WPG,3,5
20212022,2022-02-27,CBJ,PIT,2,3
20212022,2022-02-27,NYR,VAN,2,5
20212022,2022-02-27,ANA,NYI,0,4
20212022,2022-02-27,SJS,SEA,3,1
20212022,2022-02-28,NJD,VAN,7,2
20212022,2022-02-28,WSH,TOR,3,5
20212022,2022-02-28,LAK,BOS,0,7
20212022,2022-03-01,TBL,OTT,5,2
20212022,2022-03-01,PHI,EDM,0,3
20212022,2022-03-01,CBJ,NJD,4,3
20212022,2022-03-01,DET,CAR,4,3
20212022,2022-03-01,MIN,CGY,1,5
20212022,2022-03-01,WPG,MTL,8,4
20212022,2022-03-01,COL,NYI,5,3
20212022,2022-03-01,VGK,SJS,3,1
20212022,2022-03-01,ANA,BOS,4,3
20212022,2022-03-02,TOR,BUF,1,5
20212022,2022-03-02,NYR,STL,5,3
20212022,2022-03-02,DAL,LAK,4,3
20212022,2022-03-02,SEA,NSH,4,3
20212022,2022-03-03,TBL,PIT,1,5
20212022,2022-03-03,FLA,OTT,3,0
20212022,2022-03-03,PHI,MIN,4,5
20212022,2022-03-03,WSH,CAR,4,0
20212022,2022-03-03,NYI,VAN,3,4
20212022,2022-03-03,CHI,EDM,4,3
20212022,2022-03-03,CGY,MTL,4,5
20212022,2022-03-03,ARI,COL,2,1
20212022,2022-03-03,VGK,BOS,2,5
20212022,2022-03-04,BUF,MIN,5,4
20212022,2022-03-04,TBL,DET,3,1
20212022,2022-03-04,NYR,NJD,3,1
20212022,2022-03-04,CAR,PIT,3,2
20212022,2022-03-04,CBJ,LAK,3,4
20212022,2022-03-04,WPG,DAL,3,4
20212022,2022-03-04,ANA,VGK,4,5
20212022,2022-03-05,NYI,STL,2,1
20212022,2022-03-05,PHI,CHI,4,3
20212022,2022-03-05,ARI,OTT,8,5
20212022,2022-03-05,FLA,DET,6,2
20212022,2022-03-05,TOR,VAN,4,6
20212022,2022-03-05,WSH,SEA,5,2
20212022,2022-03-05,CBJ,BOS,4,5
20212022,2022-03-05,EDM,MTL,2,5
20212022,2022-03-05,SJS,NSH,0,8
20212022,2022-03-05,COL,CGY,3,4
20212022,2022-03-06,BUF,LAK,0,3
20212022,2022-03-06,NJD,STL,3,2
20212022,2022-03-06,MIN,DAL,3,6
20212022,2022-03-06,CAR,SEA,3,2
20212022,2022-03-06,CHI,TBL,3,6
20212022,2022-03-06,WPG,NYR,1,4
20212022,2022-03-06,VGK,OTT,2,1
20212022,2022-03-06,ANA,SJS,3,2
20212022,2022-03-07,BOS,LAK,2,3
20212022,2022-03-07,BUF,FLA,1,6
20212022,2022-03-07,CBJ,TOR,4,5
20212022,2022-03-07,NYI,COL,4,5
20212022,2022-03-07,CGY,EDM,3,1
20212022,2022-03-08,NJD,COL,5,3
20212022,2022-03-08,PHI,VGK,2,1
20212022,2022-03-08,PIT,FLA,3,4
20212022,2022-03-08,TOR,SEA,6,4
20212022,2022-03-08,DET,ARI,2,9
20212022,2022-03-08,STL,OTT,1,4
20212022,2022-03-08,NSH,DAL,2,1
20212022,2022-03-08,MIN,NYR,5,2
20212022,2022-03-08,WPG,TBL,7,4
20212022,2022-03-08,CHI,ANA,8,3
20212022,2022-03-08,CGY,WSH,4,5
20212022,2022-03-09,EDM,WSH,4,3
20212022,2022-03-09,VAN,MTL,5,3
20212022,2022-03-10,BOS,CHI,4,3
20212022,2022-03-10,BUF,VGK,3,1
20212022,2022-03-10,TOR,ARI,4,5
20212022,2022-03-10,OTT,SEA,4,3
20212022,2022-03-10,DET,MIN,5,6
20212022,2022-03-10,FLA,PHI,6,3
20212022,2022-03-10,NJD,WPG,1,2
20212022,2022-03-10,CAR,COL,2,0
20212022,2022-03-10,NYI,CBJ,6,0
20212022,2022-03-10,STL,NYR,6,2
20212022,2022-03-10,NSH,ANA,4,1
20212022,2022-03-10,CGY,TBL,4,1
20212022,2022-03-10,LAK,SJS,3,4
20212022,2022-03-11,PIT,VGK,5,2
20212022,2022-03-11,CBJ,MIN,3,2
20212022,2022-03-11,NYI,WPG,5,2
20212022,2022-03-11,VAN,WSH,3,4
20212022,2022-03-12,NSH,STL,4,7
20212022,2022-03-12,CAR,PHI,3,1
20212022,2022-03-12,BOS,ARI,3,2
20212022,2022-03-12,MTL,SEA,3,4
20212022,2022-03-12,OTT,CHI,3,6
20212022,2022-03-12,NJD,ANA,2,1
20212022,2022-03-12,CGY,DET,3,0
20212022,2022-03-12,DAL,NYR,4,7
20212022,2022-03-12,SJS,LAK,5,0
20212022,2022-03-12,EDM,TBL,4,1
20212022,2022-03-13,PIT,CAR,4,2
20212022,2022-03-13,BUF,TOR,5,2
20212022,2022-03-13,PHI,MTL,3,4
20212022,2022-03-13,CBJ,VGK,6,4
20212022,2022-03-13,STL,WPG,3,4
20212022,2022-03-13,MIN,NSH,2,6
20212022,2022-03-13,NYI,ANA,4,3
20212022,2022-03-13,COL,CGY,3,0
20212022,2022-03-13,VAN,TBL,1,2
20212022,2022-03-13,LAK,FLA,3,2
20212022,2022-03-14,OTT,ARI,3,5
20212022,2022-03-15,TOR,DAL,4,0
20212022,2022-03-15,MTL,ARI,3,6
20212022,2022-03-15,NYR,ANA,4,3
20212022,2022-03-15,WSH,NYI,4,3
20212022,2022-03-15,NSH,PIT,4,1
20212022,2022-03-15,WPG,VGK,7,3
20212022,2022-03-15,CHI,BOS,1,2
20212022,2022-03-15,EDM,DET,7,5
20212022,2022-03-15,VAN,NJD,6,3
20212022,2022-03-15,LAK,COL,0,3
20212022,2022-03-15,SJS,FLA,2,3
20212022,2022-03-16,OTT,CBJ,1,4
20212022,2022-03-16,MIN,BOS,4,2
20212022,2022-03-16,CGY,NJD,6,3
20212022,2022-03-16,SEA,TBL,1,4
20212022,2022-03-17,NYR,NYI,1,2
20212022,2022-03-17,TOR,CAR,3,2
20212022,2022-03-17,MTL,DAL,3,4
20212022,2022-03-17,PHI,NSH,5,4
20212022,2022-03-17,CBJ,WSH,2,7
20212022,2022-03-17,STL,PIT,2,3
20212022,2022-03-17,EDM,BUF,6,1
20212022,2022-03-17,VAN,DET,0,1
20212022,2022-03-17,LAK,SJS,3,0
20212022,2022-03-17,VGK,FLA,5,3
20212022,2022-03-18,OTT,PHI,3,1
20212022,2022-03-18,CAR,WSH,3,4
20212022,2022-03-18,WPG,BOS,2,4
20212022,2022-03-18,CGY,BUF,0,1
20212022,2022-03-18,ANA,FLA,0,3
20212022,2022-03-18,SJS,COL,3,5
20212022,2022-03-19,NYI,DAL,4,2
20212022,2022-03-19,MIN,CHI,3,1
20212022,2022-03-19,EDM,NJD,6,3
20212022,2022-03-19,VGK,LAK,5,1
20212022,2022-03-19,CBJ,STL,5,4
20212022,2022-03-19,ARI,PIT,1,4
20212022,2022-03-19,MTL,OTT,5,1
20212022,2022-03-19,NSH,TOR,6,3
20212022,2022-03-19,TBL,NYR,1,2
20212022,2022-03-19,VAN,CGY,2,5
20212022,2022-03-19,SEA,DET,4,2
20212022,2022-03-20,PHI,NYI,2,1
20212022,2022-03-20,WSH,DAL,2,3
20212022,2022-03-20,CAR,NYR,0,2
20212022,2022-03-20,CHI,WPG,4,6
20212022,2022-03-20,SJS,ARI,4,2
20212022,2022-03-20,VAN,BUF,2,3
20212022,2022-03-21,MTL,BOS,2,3
20212022,2022-03-21,MIN,VGK,3,0
20212022,2022-03-21,COL,EDM,3,2
20212022,2022-03-21,ANA,NSH,3,6
20212022,2022-03-22,NJD,NYR,7,4
20212022,2022-03-22,PIT,CBJ,5,1
20212022,2022-03-22,WSH,STL,2,5
20212022,2022-03-22,CAR,TBL,3,2
20212022,2022-03-22,DET,PHI,6,3
20212022,2022-03-22,NYI,OTT,3,0
20212022,2022-03-22,WPG,VGK,4,0
20212022,2022-03-22,DAL,EDM,5,3
20212022,2022-03-22,CGY,SJS,3,4
20212022,2022-03-22,ARI,SEA,2,4
20212022,2022-03-22,LAK,NSH,6,1
20212022,2022-03-23,TOR,NJD,3,2
20212022,2022-03-23,BUF,PIT,4,3
20212022,2022-03-23,COL,VAN,1,3
20212022,2022-03-23,ANA,CHI,2,4
20212022,2022-03-24,BOS,TBL,3,2
20212022,2022-03-24,MTL,FLA,3,4
20212022,2022-03-24,CAR,DAL,3,4
20212022,2022-03-24,NYI,DET,5,2
20212022,2022-03-24,WPG,OTT,2,5
20212022,2022-03-24,STL,PHI,2,5
20212022,2022-03-24,MIN,VAN,3,2
20212022,2022-03-24,EDM,SJS,5,2
20212022,2022-03-24,VGK,NSH,6,1
20212022,2022-03-24,LAK,CHI,3,4
20212022,2022-03-25,BUF,WSH,3,4
20212022,2022-03-25,NYR,PIT,5,1
20212022,2022-03-25,WPG,CBJ,4,3
20212022,2022-03-25,COL,PHI,6,3
20212022,2022-03-25,CGY,ARI,4,2
20212022,2022-03-26,BOS,NYI,6,3
20212022,2022-03-26,DET,TBL,1,2
20212022,2022-03-26,VGK,CHI,5,4
20212022,2022-03-26,MTL,TOR,4,2
20212022,2022-03-26,OTT,FLA,3,4
20212022,2022-03-26,WSH,NJD,4,3
20212022,2022-03-26,DAL,VAN,1,4
20212022,2022-03-26,STL,CAR,2,7
20212022,2022-03-26,MIN,CBJ,3,2
20212022,2022-03-26,CGY,EDM,9,5
20212022,2022-03-26,LAK,SEA,4,2
20212022,2022-03-26,SJS,ANA,4,1
20212022,2022-03-27,NYI,TBL,1,4
20212022,2022-03-27,NYR,BUF,5,4
20212022,2022-03-27,PIT,DET,11,2
20212022,2022-03-27,NSH,PHI,5,4
20212022,2022-03-27,MIN,COL,3,2
20212022,2022-03-27,TOR,FLA,5,2
20212022,2022-03-27,NJD,MTL,3,2
20212022,2022-03-27,WPG,ARI,2,1
20212022,2022-03-28,WSH,CAR,1,6
20212022,2022-03-28,STL,VAN,4,1
20212022,2022-03-28,CHI,BUF,5,6
20212022,2022-03-28,EDM,ARI,6,1
20212022,2022-03-28,LAK,SEA,1,6
20212022,2022-03-29,BOS,TOR,4,6
20212022,2022-03-29,TBL,CAR,4,3
20212022,2022-03-29,FLA,MTL,7,4
20212022,2022-03-29,PIT,NYR,2,3
20212022,2022-03-29,CBJ,NYI,3,4
20212022,2022-03-29,NSH,OTT,4,1
20212022,2022-03-29,MIN,PHI,4,1
20212022,2022-03-29,CGY,COL,1,2
20212022,2022-03-29,ANA,DAL,2,3
20212022,2022-03-30,BUF,WPG,2,3
20212022,2022-03-30,DET,NYR,4,5
20212022,2022-03-30,EDM,LAK,4,3
20212022,2022-03-30,VAN,STL,3,4
20212022,2022-03-30,ARI,SJS,5,2
20212022,2022-03-30,SEA,VGK,0,3
20212022,2022-03-31,BOS,NJD,8,1
20212022,2022-03-31,TOR,WPG,7,3
20212022,2022-03-31,FLA,CHI,4,0
20212022,2022-03-31,NYI,CBJ,5,2
20212022,2022-03-31,CAR,MTL,4,0
20212022,2022-03-31,MIN,PIT,3,4
20212022,2022-03-31,COL,SJS,4,2
20212022,2022-03-31,CGY,LAK,2,3
20212022,2022-03-31,ANA,DAL,2,3
20212022,2022-04-01,BUF,NSH,4,3
20212022,2022-04-01,TBL,CHI,5,2
20212022,2022-04-01,NYR,NYI,0,3
20212022,2022-04-01,DET,OTT,2,5
20212022,2022-04-01,EDM,STL,6,5
20212022,2022-04-01,SEA,VGK,2,5
20212022,2022-04-01,ARI,ANA,0,5
20212022,2022-04-02,NJD,FLA,6,7
20212022,2022-04-02,COL,PIT,3,2
20212022,2022-04-02,BOS,CBJ,5,2
20212022,2022-04-02,TBL,MTL,4,5
20212022,2022-04-02,PHI,TOR,3,6
20212022,2022-04-02,CAR,MIN,1,3
20212022,2022-04-02,WPG,LAK,2,3
20212022,2022-04-02,CGY,STL,4,6
20212022,2022-04-02,SJS,DAL,4,5
20212022,2022-04-03,BUF,FLA,3,5
20212022,2022-04-03,OTT,DET,5,2
20212022,2022-04-03,NJD,NYI,3,4
20212022,2022-04-03,NYR,PHI,3,4
20212022,2022-04-03,WSH,MIN,1,5
20212022,2022-04-03,CHI,ARI,2,3
20212022,2022-04-03,VAN,VGK,2,3
20212022,2022-04-03,ANA,EDM,1,6
20212022,2022-04-03,SEA,DAL,4,1
20212022,2022-04-04,CBJ,BOS,2,3
20212022,2022-04-04,TBL,TOR,2,6
20212022,2022-04-04,STL,ARI,5,1
20212022,2022-04-04,LAK,CGY,2,3
20212022,2022-04-05,BUF,CAR,4,2
20212022,2022-04-05,MTL,OTT,3,6
20212022,2022-04-05,FLA,TOR,7,6
20212022,2022-04-05,NJD,NYR,1,3
20212022,2022-04-05,PHI,CBJ,2,4
20212022,2022-04-05,PIT,COL,4,6
20212022,2022-04-05,DET,BOS,5,3
20212022,2022-04-05,NSH,MIN,6,2
20212022,2022-04-05,DAL,NYI,3,2
20212022,2022-04-05,SJS,EDM,1,2
20212022,2022-04-06,WSH,TBL,4,3
20212022,2022-04-06,WPG,DET,1,3
20212022,2022-04-06,STL,SEA,4,1
20212022,2022-04-06,VGK,VAN,1,5
20212022,2022-04-06,ANA,CGY,2,4
20212022,2022-04-07,OTT,NSH,2,3
20212022,2022-04-07,NJD,MTL,4,7
20212022,2022-04-07,NYR,PIT,3,0
20212022,2022-04-07,CBJ,PHI,1,4
20212022,2022-04-07,CAR,BUF,5,3
20212022,2022-04-07,CHI,SEA,0,2
20212022,2022-04-07,DAL,TOR,3,4
20212022,2022-04-07,ARI,VAN,1,5
20212022,2022-04-07,LAK,EDM,2,3
20212022,2022-04-07,SJS,CGY,2,4
20212022,2022-04-08,TBL,BOS,1,2
20212022,2022-04-08,FLA,BUF,4,3
20212022,2022-04-08,CAR,NYI,1,2
20212022,2022-04-08,STL,MIN,4,3
20212022,2022-04-08,WPG,COL,4,5
20212022,2022-04-09,DAL,NJD,1,3
20212022,2022-04-09,PIT,WSH,3,6
20212022,2022-04-09,NSH,FLA,1,4
20212022,2022-04-09,TOR,MTL,3,2
20212022,2022-04-09,DET,CBJ,4,5
20212022,2022-04-09,NYR,OTT,5,1
20212022,2022-04-09,SEA,CGY,1,4
20212022,2022-04-09,PHI,ANA,3,5
20212022,2022-04-09,STL,NYI,6,1
20212022,2022-04-09,EDM,COL,1,2
20212022,2022-04-09,VAN,SJS,4,2
20212022,2022-04-09,VGK,ARI,6,1
20212022,2022-04-10,WSH,BOS,4,2
20212022,2022-04-10,PIT,NSH,3,2
20212022,2022-04-10,MIN,LAK,6,3
20212022,2022-04-10,TBL,BUF,5,0
20212022,2022-04-10,CAR,ANA,5,2
20212022,2022-04-10,CHI,DAL,4,6
20212022,2022-04-10,OTT,WPG,3,4
20212022,2022-04-11,MTL,WPG,2,4
20212022,2022-04-12,BOS,STL,2,4
20212022,2022-04-12,TOR,BUF,2,5
20212022,2022-04-12,FLA,ANA,3,2
20212022,2022-04-12,NYR,CAR,2,4
20212022,2022-04-12,WSH,PHI,9,2
20212022,2022-04-12,NYI,PIT,5,4
20212022,2022-04-12,DET,OTT,1,4
20212022,2022-04-12,MIN,EDM,5,1
20212022,2022-04-12,NSH,SJS,1,0
20212022,2022-04-12,CHI,LAK,2,5
20212022,2022-04-12,CGY,SEA,5,3
20212022,2022-04-12,DAL,TBL,1,0
20212022,2022-04-12,VAN,VGK,5,4
20212022,2022-04-12,ARI,NJD,2,6
20212022,2022-04-13,PHI,NYR,0,4
20212022,2022-04-13,CBJ,MTL,5,1
20212022,2022-04-13,COL,LAK,9,3
20212022,2022-04-14,BOS,OTT,2,3
20212022,2022-04-14,BUF,STL,2,6
20212022,2022-04-14,TOR,WSH,7,3
20212022,2022-04-14,TBL,ANA,4,3
20212022,2022-04-14,PIT,NYI,6,3
20212022,2022-04-14,CAR,DET,0,3
20212022,2022-04-14,NSH,EDM,0,4
20212022,2022-04-14,DAL,MIN,2,3
20212022,2022-04-14,CHI,SJS,5,4
20212022,2022-04-14,COL,NJD,3,1
20212022,2022-04-14,CGY,VGK,1,6
20212022,2022-04-14,VAN,ARI,7,1
20212022,2022-04-15,MTL,NYI,0,3
20212022,2022-04-15,FLA,WPG,6,1
20212022,2022-04-16,BOS,PIT,2,1
20212022,2022-04-16,NYR,DET,4,0
20212022,2022-04-16,NSH,CHI,4,3
20212022,2022-04-16,STL,MIN,6,5
20212022,2022-04-16,EDM,VGK,4,0
20212022,2022-04-16,BUF,PHI,4,3
20212022,2022-04-16,MTL,WSH,4,8
20212022,2022-04-16,OTT,TOR,4,5
20212022,2022-04-16,TBL,WPG,7,4
20212022,2022-04-16,DAL,SJS,2,1
20212022,2022-04-16,COL,CAR,7,4
20212022,2022-04-16,CGY,ARI,9,1
20212022,2022-04-16,SEA,NJD,4,3
20212022,2022-04-16,LAK,CBJ,2,1
20212022,2022-04-17,DET,FLA,1,6
20212022,2022-04-17,PHI,BUF,3,5
20212022,2022-04-17,NSH,STL,3,8
20212022,2022-04-17,MIN,SJS,5,4
20212022,2022-04-17,TOR,NYI,4,2
20212022,2022-04-17,ANA,CBJ,6,4
20212022,2022-04-18,CHI,CGY,2,5
20212022,2022-04-18,COL,WSH,2,3
20212022,2022-04-18,SEA,OTT,4,2
20212022,2022-04-18,ARI,CAR,3,5
20212022,2022-04-18,VGK,NJD,2,3
20212022,2022-04-18,VAN,DAL,6,2
20212022,2022-04-19,TOR,PHI,5,2
20212022,2022-04-19,MTL,MIN,0,2
20212022,2022-04-19,TBL,DET,3,4
20212022,2022-04-19,NYR,WPG,3,0
20212022,2022-04-19,NYI,FLA,2,3
20212022,2022-04-19,NSH,CGY,3,2
20212022,2022-04-19,STL,BOS,2,3
20212022,2022-04-19,VAN,OTT,3,4
20212022,2022-04-19,ANA,LAK,1,2
20212022,2022-04-19,SJS,CBJ,3,2
20212022,2022-04-20,EDM,DAL,5,2
20212022,2022-04-20,ARI,CHI,3,4
20212022,2022-04-20,VGK,WSH,4,3
20212022,2022-04-20,SEA,COL,3,2
20212022,2022-04-21,MTL,PHI,3,6
20212022,2022-04-21,FLA,DET,5,2
20212022,2022-04-21,NJD,BUF,2,5
20212022,2022-04-21,PIT,BOS,4,0
20212022,2022-04-21,CAR,WPG,4,2
20212022,2022-04-21,NYI,NYR,3,6
20212022,2022-04-21,TBL,TOR,8,1
20212022,2022-04-21,MIN,VAN,6,3
20212022,2022-04-21,CGY,DAL,4,2
20212022,2022-04-21,LAK,CHI,4,1
20212022,2022-04-21,SJS,STL,1,3
20212022,2022-04-22,CBJ,OTT,1,2
20212022,2022-04-22,MIN,SEA,6,3
20212022,2022-04-22,EDM,COL,6,3
20212022,2022-04-22,ARI,WSH,0,2
20212022,2022-04-23,BUF,NYI,5,3
20212022,2022-04-23,DET,PIT,2,7
20212022,2022-04-23,NJD,CAR,2,3
20212022,2022-04-23,BOS,NYR,3,1
20212022,2022-04-23,OTT,MTL,6,4
20212022,2022-04-23,TBL,NSH,6,2
20212022,2022-04-23,FLA,TOR,3,2
20212022,2022-04-23,DAL,SEA,3,2
20212022,2022-04-23,SJS,CHI,4,1
20212022,2022-04-23,CGY,VAN,6,3
20212022,2022-04-23,ARI,STL,4,5
20212022,2022-04-23,LAK,ANA,4,2
20212022,2022-04-24,NJD,DET,0,3
20212022,2022-04-24,NYI,CAR,2,5
20212022,2022-04-24,CBJ,EDM,5,2
20212022,2022-04-24,PHI,PIT,4,1
20212022,2022-04-24,MTL,BOS,3,5
20212022,2022-04-24,FLA,TBL,4,8
20212022,2022-04-24,WSH,TOR,3,4
20212022,2022-04-24,WPG,COL,4,1
20212022,2022-04-24,NSH,MIN,4,5
20212022,2022-04-24,ANA,STL,3,6
20212022,2022-04-24,VGK,SJS,4,5
20212022,2022-04-25,CHI,PHI,3,1
20212022,2022-04-26,TOR,DET,3,0
20212022,2022-04-26,BOS,FLA,4,2
20212022,2022-04-26,OTT,NJD,5,4
20212022,2022-04-26,TBL,CBJ,4,1
20212022,2022-04-26,NYR,CAR,3,4
20212022,2022-04-26,PIT,EDM,1,5
20212022,2022-04-26,WSH,NYI,1,4
20212022,2022-04-26,NSH,CGY,4,5
20212022,2022-04-26,MIN,ARI,3,5
20212022,2022-04-26,DAL,VGK,3,2
20212022,2022-04-26,COL,STL,5,3
20212022,2022-04-26,VAN,SEA,5,2
20212022,2022-04-26,SJS,ANA,2,5
20212022,2022-04-27,NYR,MTL,3,4
20212022,2022-04-27,WPG,PHI,4,0
20212022,2022-04-27,CHI,VGK,4,3
20212022,2022-04-27,DAL,ARI,3,4
20212022,2022-04-27,SEA,LAK,3,5
20212022,2022-04-28,NYI,WSH,5,1
20212022,2022-04-28,BOS,BUF,5,0
20212022,2022-04-28,OTT,FLA,0,4
20212022,2022-04-28,CAR,NJD,6,3
20212022,2022-04-28,CBJ,TBL,5,2
20212022,2022-04-28,MIN,CGY,3,2
20212022,2022-04-28,COL,NSH,4,5
20212022,2022-04-28,EDM,SJS,5,4
20212022,2022-04-28,VAN,LAK,3,2
20212022,2022-04-29,PIT,CBJ,5,3
20212022,2022-04-29,BUF,CHI,3,2
20212022,2022-04-29,TOR,BOS,5,2
20212022,2022-04-29,MTL,FLA,10,2
20212022,2022-04-29,NJD,DET,3,5
20212022,2022-04-29,NYR,WSH,3,2
20212022,2022-04-29,PHI,OTT,2,4
20212022,2022-04-29,NYI,TBL,4,6
20212022,2022-04-29,STL,VGK,4,7
20212022,2022-04-29,MIN,COL,4,1
20212022,2022-04-29,WPG,CGY,3,1
20212022,2022-04-29,DAL,ANA,4,2
20212022,2022-04-29,EDM,VAN,3,2
20212022,2022-04-29,SEA,SJS,3,0
20212022,2022-04-29,ARI,NSH,5,4
20222023,2022-10-07,NSH,SJS,4,1
20222023,2022-10-08,SJS,NSH,2,3
20222023,2022-10-11,NYR,TBL,3,1
20222023,2022-10-11,LAK,VGK,3,4
20222023,2022-10-12,WSH,BOS,2,5
20222023,2022-10-12,CAR,CBJ,4,1
20222023,2022-10-12,MTL,TOR,4,3
20222023,2022-10-12,COL,CHI,5,2
20222023,2022-10-12,ANA,SEA,5,4
20222023,2022-10-12,EDM,VAN,5,3
20222023,2022-10-13,PIT,ARI,6,2
20222023,2022-10-13,PHI,NJD,5,2
20222023,2022-10-13,BUF,OTT,4,1
20222023,2022-10-13,NYI,FLA,1,3
20222023,2022-10-13,TOR,WSH,3,2
20222023,2022-10-13,MIN,NYR,3,7
20222023,2022-10-13,NSH,DAL,1,4
20222023,2022-10-13,CGY,COL,5,3
20222023,2022-10-13,VGK,CHI,1,0
20222023,2022-10-13,LAK,SEA,1,4
20222023,2022-10-14,CBJ,TBL,2,5
20222023,2022-10-14,DET,MTL,3,0
20222023,2022-10-14,WPG,NYR,4,1
20222023,2022-10-14,SJS,CAR,1,2
20222023,2022-10-15,BUF,FLA,3,4
20222023,2022-10-15,PHI,VAN,3,2
20222023,2022-10-15,BOS,ARI,6,3
20222023,2022-10-15,NJD,DET,2,5
20222023,2022-10-15,WSH,MTL,3,1
20222023,2022-10-15,TOR,OTT,3,2
20222023,2022-10-15,PIT,TBL,6,2
20222023,2022-10-15,NYI,ANA,7,1
20222023,2022-10-15,STL,CBJ,5,2
20222023,2022-10-15,MIN,LAK,6,7
20222023,2022-10-15,DAL,NSH,5,1
20222023,2022-10-15,EDM,CGY,3,4
20222023,2022-10-15,SEA,VGK,2,5
20222023,2022-10-15,SJS,CHI,2,5
20222023,2022-10-17,NYR,ANA,6,4
20222023,2022-10-17,TOR,ARI,2,4
20222023,2022-10-17,BOS,FLA,5,3
20222023,2022-10-17,MTL,PIT,3,2
20222023,2022-10-17,WSH,VAN,6,4
20222023,2022-10-17,DET,LAK,4,5
20222023,2022-10-17,MIN,COL,3,6
20222023,2022-10-17,DAL,WPG,4,1
20222023,2022-10-17,SEA,CAR,1,5
20222023,2022-10-18,NJD,ANA,4,2
20222023,2022-10-18,OTT,BOS,7,5
20222023,2022-10-18,CBJ,VAN,4,3
20222023,2022-10-18,TBL,PHI,2,3
20222023,2022-10-18,NYI,SJS,5,2
20222023,2022-10-18,EDM,BUF,2,4
20222023,2022-10-18,CGY,VGK,3,2
20222023,2022-10-18,NSH,LAK,3,4
20222023,2022-10-19,FLA,PHI,4,3
20222023,2022-10-19,COL,WPG,3,4
20222023,2022-10-19,SEA,STL,3,4
20222023,2022-10-20,BOS,ANA,2,1
20222023,2022-10-20,MTL,ARI,6,2
20222023,2022-10-20,TOR,DAL,3,2
20222023,2022-10-20,PIT,LAK,6,1
20222023,2022-10-20,CBJ,NSH,5,3
20222023,2022-10-20,NYR,SJS,2,3
20222023,2022-10-20,OTT,WSH,5,2
20222023,2022-10-20,NYI,NJD,1,4
20222023,2022-10-20,MIN,VAN,4,3
20222023,2022-10-20,EDM,CAR,6,4
20222023,2022-10-20,CGY,BUF,3,6
20222023,2022-10-20,VGK,WPG,5,2
20222023,2022-10-21,FLA,TBL,2,3
20222023,2022-10-21,CHI,DET,4,3
20222023,2022-10-21,COL,SEA,2,3
20222023,2022-10-22,BOS,MIN,4,3
20222023,2022-10-22,NJD,SJS,2,1
20222023,2022-10-22,OTT,ARI,6,2
20222023,2022-10-22,EDM,STL,0,2
20222023,2022-10-22,MTL,DAL,2,5
20222023,2022-10-22,WSH,LAK,4,3
20222023,2022-10-22,TBL,NYI,5,3
20222023,2022-10-22,CBJ,PIT,3,6
20222023,2022-10-22,WPG,TOR,1,4
20222023,2022-10-22,NSH,PHI,1,3
20222023,2022-10-22,VAN,BUF,1,5
20222023,2022-10-22,CGY,CAR,3,2
20222023,2022-10-22,VGK,COL,2,3
20222023,2022-10-23,CHI,SEA,5,4
20222023,2022-10-23,DET,ANA,5,1
20222023,2022-10-23,NYR,CBJ,1,5
20222023,2022-10-23,FLA,NYI,3,2
20222023,2022-10-23,PHI,SJS,0,3
20222023,2022-10-24,OTT,DAL,4,2
20222023,2022-10-24,NJD,WSH,3,6
20222023,2022-10-24,EDM,PIT,6,3
20222023,2022-10-24,WPG,STL,4,0
20222023,2022-10-24,VGK,TOR,3,1
20222023,2022-10-24,VAN,CAR,2,3
20222023,2022-10-25,CBJ,ARI,3,6
20222023,2022-10-25,BOS,DAL,3,1
20222023,2022-10-25,MTL,MIN,1,3
20222023,2022-10-25,DET,NJD,2,6
20222023,2022-10-25,NYR,COL,2,3
20222023,2022-10-25,CHI,FLA,4,2
20222023,2022-10-25,CGY,PIT,4,1
20222023,2022-10-25,SEA,BUF,5,1
20222023,2022-10-25,LAK,TBL,4,2
20222023,2022-10-25,SJS,VGK,2,4
20222023,2022-10-26,NYI,NYR,3,0
20222023,2022-10-26,STL,EDM,1,3
20222023,2022-10-26,ANA,TBL,2,4
20222023,2022-10-27,BOS,DET,5,1
20222023,2022-10-27,PHI,FLA,4,3
20222023,2022-10-27,OTT,MIN,2,4
20222023,2022-10-27,BUF,MTL,2,3
20222023,2022-10-27,NSH,STL,6,2
20222023,2022-10-27,CHI,EDM,5,6
20222023,2022-10-27,DAL,WSH,2,0
20222023,2022-10-27,SEA,VAN,4,5
20222023,2022-10-27,SJS,TOR,4,3
20222023,2022-10-27,LAK,WPG,4,6
20222023,2022-10-28,VGK,ANA,4,0
20222023,2022-10-28,CBJ,BOS,0,4
20222023,2022-10-28,NJD,COL,1,0
20222023,2022-10-28,CAR,NYI,2,6
20222023,2022-10-28,VAN,PIT,5,1
20222023,2022-10-28,ARI,WPG,2,3
20222023,2022-10-29,DAL,NYR,3,6
20222023,2022-10-29,FLA,OTT,5,3
20222023,2022-10-29,SJS,TBL,3,4
20222023,2022-10-29,PHI,CAR,3,4
20222023,2022-10-29,BUF,CHI,4,3
20222023,2022-10-29,DET,MIN,2,1
20222023,2022-10-29,STL,MTL,4,7
20222023,2022-10-29,LAK,TOR,4,2
20222023,2022-10-29,NYI,COL,5,4
20222023,2022-10-29,NSH,WSH,0,3
20222023,2022-10-29,CGY,EDM,2,3
20222023,2022-10-29,SEA,PIT,3,1
20222023,2022-10-30,NJD,CBJ,7,1
20222023,2022-10-30,CHI,MIN,3,4
20222023,2022-10-30,ARI,NYR,2,3
20222023,2022-10-30,ANA,TOR,4,3
20222023,2022-10-30,VGK,WPG,2,1
20222023,2022-10-31,BUF,DET,8,3
20222023,2022-10-31,CAR,WSH,3,2
20222023,2022-10-31,STL,LAK,1,5
20222023,2022-11-01,TBL,OTT,4,3
20222023,2022-11-01,NYR,PHI,1,0
20222023,2022-11-01,WSH,VGK,2,3
20222023,2022-11-01,PIT,BOS,5,6
20222023,2022-11-01,MIN,MTL,4,1
20222023,2022-11-01,CHI,NYI,1,3
20222023,2022-11-01,DAL,LAK,5,2
20222023,2022-11-01,EDM,NSH,7,4
20222023,2022-11-01,CGY,SEA,4,5
20222023,2022-11-01,ARI,FLA,3,1
20222023,2022-11-01,VAN,NJD,2,5
20222023,2022-11-01,SJS,ANA,5,6
20222023,2022-11-02,TOR,PHI,5,2
20222023,2022-11-02,BUF,PIT,6,3
20222023,2022-11-03,TBL,CAR,3,4
20222023,2022-11-03,OTT,VGK,4,5
20222023,2022-11-03,DET,WSH,3,1
20222023,2022-11-03,NYR,BOS,2,5
20222023,2022-11-03,WPG,MTL,3,2
20222023,2022-11-03,STL,NYI,2,5
20222023,2022-11-03,MIN,SEA,0,4
20222023,2022-11-03,CHI,LAK,2,1
20222023,2022-11-03,CGY,NSH,1,4
20222023,2022-11-03,EDM,NJD,3,4
20222023,2022-11-03,VAN,ANA,8,5
20222023,2022-11-03,ARI,DAL,2,7
20222023,2022-11-03,SJS,FLA,3,4
20222023,2022-11-04,COL,CBJ,6,3
20222023,2022-11-04,CAR,BUF,5,3
20222023,2022-11-05,DET,NYI,3,0
20222023,2022-11-05,CBJ,COL,1,5
20222023,2022-11-05,WPG,CHI,4,0
20222023,2022-11-05,EDM,DAL,2,6
20222023,2022-11-05,WSH,ARI,2,3
20222023,2022-11-05,TOR,BOS,2,1
20222023,2022-11-05,TBL,BUF,5,3
20222023,2022-11-05,OTT,PHI,1,2
20222023,2022-11-05,PIT,SEA,2,3
20222023,2022-11-05,MTL,VGK,4,6
20222023,2022-11-05,VAN,NSH,3,4
20222023,2022-11-05,CGY,NJD,3,4
20222023,2022-11-05,SJS,ANA,4,5
20222023,2022-11-05,LAK,FLA,5,4
20222023,2022-11-06,NYR,DET,2,3
20222023,2022-11-06,CAR,TOR,1,3
20222023,2022-11-06,ANA,FLA,3,5
20222023,2022-11-07,NYI,CGY,4,3
20222023,2022-11-07,BOS,STL,3,1
20222023,2022-11-07,WSH,EDM,5,4
20222023,2022-11-08,BUF,ARI,1,4
20222023,2022-11-08,NJD,CGY,3,2
20222023,2022-11-08,NYR,NYI,3,4
20222023,2022-11-08,PHI,STL,5,1
20222023,2022-11-08,OTT,VAN,4,6
20222023,2022-11-08,TOR,VGK,3,4
20222023,2022-11-08,DET,MTL,2,3
20222023,2022-11-08,TBL,EDM,2,3
20222023,2022-11-08,WPG,DAL,5,1
20222023,2022-11-08,SEA,NSH,5,1
20222023,2022-11-08,LAK,MIN,1,0
20222023,2022-11-09,FLA,CAR,3,0
20222023,2022-11-09,WSH,PIT,1,4
20222023,2022-11-09,MTL,VAN,5,2
20222023,2022-11-09,ANA,MIN,1,4
20222023,2022-11-10,BOS,CGY,3,1
20222023,2022-11-10,CAR,EDM,7,2
20222023,2022-11-10,NJD,OTT,4,3
20222023,2022-11-10,CBJ,PHI,5,2
20222023,2022-11-10,BUF,VGK,4,7
20222023,2022-11-10,DET,NYR,2,8
20222023,2022-11-10,NYI,ARI,0,2
20222023,2022-11-10,STL,SJS,5,3
20222023,2022-11-10,COL,NSH,5,3
20222023,2022-11-10,LAK,CHI,2,1
20222023,2022-11-11,TOR,PIT,2,4
20222023,2022-11-11,WSH,TBL,5,1
20222023,2022-11-11,DAL,SJS,4,5
20222023,2022-11-11,SEA,MIN,0,1
20222023,2022-11-12,PHI,OTT,1,4
20222023,2022-11-12,FLA,EDM,2,4
20222023,2022-11-12,NJD,ARI,4,2
20222023,2022-11-12,BUF,BOS,1,3
20222023,2022-11-12,MTL,PIT,5,4
20222023,2022-11-12,TOR,VAN,3,2
20222023,2022-11-12,NYI,CBJ,4,3
20222023,2022-11-12,NSH,NYR,2,1
20222023,2022-11-12,COL,CAR,4,1
20222023,2022-11-12,ANA,CHI,2,3
20222023,2022-11-12,VGK,STL,2,3
20222023,2022-11-12,CGY,WPG,3,2
20222023,2022-11-12,LAK,DET,4,3
20222023,2022-11-13,PHI,DAL,1,5
20222023,2022-11-13,MIN,SJS,2,3
20222023,2022-11-13,BOS,VAN,5,2
20222023,2022-11-13,NYR,ARI,4,1
20222023,2022-11-13,TBL,WSH,6,3
20222023,2022-11-13,SEA,WPG,2,3
20222023,2022-11-14,OTT,NYI,2,4
20222023,2022-11-14,CHI,CAR,0,3
20222023,2022-11-14,CGY,LAK,6,5
20222023,2022-11-14,COL,STL,2,3
20222023,2022-11-15,TBL,DAL,5,4
20222023,2022-11-15,MTL,NJD,1,5
20222023,2022-11-15,PIT,TOR,2,5
20222023,2022-11-15,BUF,VAN,4,5
20222023,2022-11-15,FLA,WSH,5,2
20222023,2022-11-15,CBJ,PHI,5,4
20222023,2022-11-15,NSH,MIN,2,1
20222023,2022-11-15,ANA,DET,3,2
20222023,2022-11-15,VGK,SJS,2,5
20222023,2022-11-16,OTT,BUF,4,1
20222023,2022-11-16,CHI,STL,2,5
20222023,2022-11-16,EDM,LAK,1,3
20222023,2022-11-17,TBL,CGY,4,1
20222023,2022-11-17,CAR,COL,2,3
20222023,2022-11-17,FLA,DAL,4,6
20222023,2022-11-17,CBJ,MTL,6,4
20222023,2022-11-17,TOR,NJD,2,3
20222023,2022-11-17,BOS,PHI,4,1
20222023,2022-11-17,WPG,ANA,3,2
20222023,2022-11-17,NSH,NYI,5,4
20222023,2022-11-17,MIN,PIT,4,6
20222023,2022-11-17,STL,WSH,5,4
20222023,2022-11-17,VGK,ARI,4,1
20222023,2022-11-17,SEA,NYR,3,2
20222023,2022-11-17,SJS,DET,4,7
20222023,2022-11-18,VAN,LAK,4,1
20222023,2022-11-19,OTT,NJD,1,5
20222023,2022-11-19,FLA,CGY,4,5
20222023,2022-11-19,TOR,BUF,5,2
20222023,2022-11-19,BOS,CHI,6,1
20222023,2022-11-19,WSH,COL,0,4
20222023,2022-11-19,CBJ,DET,1,6
20222023,2022-11-19,MTL,PHI,5,4
20222023,2022-11-19,WPG,PIT,0,3
20222023,2022-11-19,STL,ANA,6,2
20222023,2022-11-19,MIN,CAR,2,1
20222023,2022-11-19,DAL,NYI,5,2
20222023,2022-11-19,NSH,TBL,2,3
20222023,2022-11-19,SEA,LAK,3,2
20222023,2022-11-19,EDM,VGK,4,3
20222023,2022-11-19,SJS,NYR,1,2
20222023,2022-11-20,CBJ,FLA,5,3
20222023,2022-11-20,CHI,PIT,3,5
20222023,2022-11-21,TBL,BOS,3,5
20222023,2022-11-21,PHI,CGY,2,5
20222023,2022-11-21,NJD,EDM,5,2
20222023,2022-11-21,WPG,CAR,4,3
20222023,2022-11-21,TOR,NYI,2,3
20222023,2022-11-21,STL,ANA,3,1
20222023,2022-11-21,NSH,ARI,4,3
20222023,2022-11-21,DAL,COL,2,3
20222023,2022-11-21,SJS,OTT,5,1
20222023,2022-11-21,VAN,VGK,4,5
20222023,2022-11-22,MTL,BUF,2,7
20222023,2022-11-22,LAK,NYR,3,5
20222023,2022-11-23,CAR,ARI,0,4
20222023,2022-11-23,FLA,BOS,5,2
20222023,2022-11-23,PIT,CGY,2,1
20222023,2022-11-23,CBJ,MTL,1,3
20222023,2022-11-23,BUF,STL,6,2
20222023,2022-11-23,NJD,TOR,1,2
20222023,2022-11-23,MIN,WPG,6,1
20222023,2022-11-23,DET,NSH,3,0
20222023,2022-11-23,NYI,EDM,3,0
20222023,2022-11-23,WSH,PHI,3,2
20222023,2022-11-23,DAL,CHI,6,4
20222023,2022-11-23,ANA,NYR,3,2
20222023,2022-11-23,VGK,OTT,4,1
20222023,2022-11-23,SEA,SJS,8,5
20222023,2022-11-23,COL,VAN,3,4
20222023,2022-11-25,BOS,CAR,3,2
20222023,2022-11-25,WSH,CGY,3,0
20222023,2022-11-25,CHI,MTL,2,3
20222023,2022-11-25,MIN,TOR,3,4
20222023,2022-11-25,ANA,OTT,1,5
20222023,2022-11-25,PHI,PIT,1,4
20222023,2022-11-25,DET,ARI,4,3
20222023,2022-11-25,CBJ,NYI,2,3
20222023,2022-11-25,BUF,NJD,1,3
20222023,2022-11-25,TBL,STL,5,2
20222023,2022-11-25,VGK,SEA,2,4
20222023,2022-11-25,DAL,WPG,4,5
20222023,2022-11-25,SJS,LAK,2,5
20222023,2022-11-26,NYR,EDM,3,4
20222023,2022-11-26,CAR,CGY,3,2
20222023,2022-11-26,FLA,STL,4,5
20222023,2022-11-26,PIT,TOR,1,4
20222023,2022-11-26,NJD,WSH,5,1
20222023,2022-11-26,NYI,PHI,5,2
20222023,2022-11-26,COL,DAL,4,1
20222023,2022-11-26,VGK,VAN,1,5
20222023,2022-11-27,MIN,ARI,4,3
20222023,2022-11-27,CHI,WPG,2,7
20222023,2022-11-27,ANA,SEA,4,5
20222023,2022-11-27,SJS,VAN,3,4
20222023,2022-11-27,LAK,OTT,2,3
20222023,2022-11-28,NYR,NJD,3,5
20222023,2022-11-28,BUF,TBL,5,6
20222023,2022-11-28,DET,TOR,2,4
20222023,2022-11-28,CBJ,VGK,2,3
20222023,2022-11-28,STL,DAL,1,4
20222023,2022-11-28,EDM,FLA,4,3
20222023,2022-11-29,PIT,CAR,2,3
20222023,2022-11-29,MTL,SJS,0,4
20222023,2022-11-29,BOS,TBL,3,1
20222023,2022-11-29,PHI,NYI,3,1
20222023,2022-11-29,NSH,ANA,2,1
20222023,2022-11-29,WPG,COL,5,0
20222023,2022-11-29,CGY,FLA,6,2
20222023,2022-11-29,VAN,WSH,1,5
20222023,2022-11-29,LAK,SEA,8,9
20222023,2022-11-30,DET,BUF,4,5
20222023,2022-11-30,OTT,NYR,1,3
20222023,2022-11-30,TOR,SJS,3,1
20222023,2022-11-30,CHI,EDM,4,5
20222023,2022-12-01,BUF,COL,4,6
20222023,2022-12-01,NJD,NSH,3,4
20222023,2022-12-01,PHI,TBL,1,4
20222023,2022-12-01,PIT,VGK,4,3
20222023,2022-12-01,STL,CAR,4,6
20222023,2022-12-01,MIN,EDM,5,3
20222023,2022-12-01,DAL,ANA,5,0
20222023,2022-12-01,CGY,MTL,1,2
20222023,2022-12-01,VAN,FLA,1,5
20222023,2022-12-01,SEA,WSH,3,2
20222023,2022-12-01,LAK,ARI,5,3
20222023,2022-12-02,NYR,OTT,2,3
20222023,2022-12-02,NYI,NSH,1,4
20222023,2022-12-02,WPG,CBJ,1,4
20222023,2022-12-03,MIN,ANA,5,4
20222023,2022-12-03,BOS,COL,5,1
20222023,2022-12-03,EDM,MTL,5,3
20222023,2022-12-03,PHI,NJD,2,3
20222023,2022-12-03,OTT,SJS,5,2
20222023,2022-12-03,PIT,STL,6,2
20222023,2022-12-03,TBL,TOR,4,3
20222023,2022-12-03,DET,VGK,1,4
20222023,2022-12-03,NYR,CHI,2,5
20222023,2022-12-03,VAN,ARI,3,2
20222023,2022-12-03,SEA,FLA,1,5
20222023,2022-12-03,CGY,WSH,5,2
20222023,2022-12-03,LAK,CAR,2,4
20222023,2022-12-04,WPG,ANA,5,2
20222023,2022-12-04,DAL,MIN,5,6
20222023,2022-12-04,CBJ,DET,2,4
20222023,2022-12-04,BUF,SJS,6,3
20222023,2022-12-04,NYI,CHI,3,0
20222023,2022-12-05,PHI,COL,5,3
20222023,2022-12-05,NYR,STL,6,4
20222023,2022-12-05,BOS,VGK,3,4
20222023,2022-12-05,EDM,WSH,2,3
20222023,2022-12-05,CGY,ARI,3,2
20222023,2022-12-05,VAN,MTL,7,6
20222023,2022-12-06,NJD,CHI,3,0
20222023,2022-12-06,PIT,CBJ,4,1
20222023,2022-12-06,TBL,DET,2,4
20222023,2022-12-06,OTT,LAK,2,5
20222023,2022-12-06,NYI,STL,4,7
20222023,2022-12-06,WPG,FLA,5,2
20222023,2022-12-06,DAL,TOR,0,4
20222023,2022-12-06,ANA,CAR,4,3
20222023,2022-12-06,SEA,MTL,2,4
20222023,2022-12-07,PHI,WSH,1,4
20222023,2022-12-07,CBJ,BUF,4,9
20222023,2022-12-07,CGY,MIN,5,3
20222023,2022-12-07,COL,BOS,0,4
20222023,2022-12-07,EDM,ARI,8,2
20222023,2022-12-07,VGK,NYR,1,5
20222023,2022-12-07,SJS,VAN,5,6
20222023,2022-12-08,TOR,LAK,5,0
20222023,2022-12-08,TBL,NSH,5,2
20222023,2022-12-08,FLA,DET,5,1
20222023,2022-12-08,STL,WPG,2,5
20222023,2022-12-08,DAL,OTT,4,3
20222023,2022-12-09,CBJ,CGY,3,1
20222023,2022-12-09,NJD,NYI,4,6
20222023,2022-12-09,BUF,PIT,3,4
20222023,2022-12-09,WSH,SEA,4,1
20222023,2022-12-09,CHI,WPG,1,3
20222023,2022-12-09,EDM,MIN,5,2
20222023,2022-12-09,COL,NYR,1,2
20222023,2022-12-09,ARI,BOS,4,3
20222023,2022-12-09,VGK,PHI,2,1
20222023,2022-12-09,ANA,SJS,1,6
20222023,2022-12-10,NSH,OTT,2,3
20222023,2022-12-10,DAL,DET,3,2
20222023,2022-12-10,TBL,FLA,4,1
20222023,2022-12-10,PIT,BUF,3,1
20222023,2022-12-10,TOR,CGY,5,4
20222023,2022-12-10,MTL,LAK,2,4
20222023,2022-12-10,NYI,CAR,0,3
20222023,2022-12-10,VAN,MIN,0,3
20222023,2022-12-11,STL,COL,2,3
20222023,2022-12-11,CBJ,LAK,6,5
20222023,2022-12-11,FLA,SEA,2,5
20222023,2022-12-11,ARI,PHI,5,4
20222023,2022-12-11,WPG,WSH,2,5
20222023,2022-12-11,VGK,BOS,1,3
20222023,2022-12-12,MTL,CGY,2,1
20222023,2022-12-12,PIT,DAL,2,1
20222023,2022-12-12,NYR,NJD,4,3
20222023,2022-12-12,OTT,ANA,3,0
20222023,2022-12-12,MIN,EDM,2,1
20222023,2022-12-12,STL,NSH,1,0
20222023,2022-12-13,TOR,ANA,7,0
20222023,2022-12-13,FLA,CBJ,4,0
20222023,2022-12-13,NJD,DAL,1,4
20222023,2022-12-13,BUF,LAK,6,0
20222023,2022-12-13,BOS,NYI,4,3
20222023,2022-12-13,TBL,SEA,6,2
20222023,2022-12-13,DET,CAR,0,1
20222023,2022-12-13,NSH,EDM,3,6
20222023,2022-12-13,WPG,VGK,5,6
20222023,2022-12-13,CHI,WSH,3,7
20222023,2022-12-13,COL,PHI,3,2
20222023,2022-12-13,SJS,ARI,3,2
20222023,2022-12-14,OTT,MTL,3,2
20222023,2022-12-14,MIN,DET,4,1
20222023,2022-12-14,CGY,VAN,3,4
20222023,2022-12-15,MTL,ANA,2,5
20222023,2022-12-15,TBL,CBJ,4,1
20222023,2022-12-15,WSH,DAL,1,2
20222023,2022-12-15,BOS,LAK,2,3
20222023,2022-12-15,NJD,PHI,1,2
20222023,2022-12-15,FLA,PIT,2,4
20222023,2022-12-15,CAR,SEA,3,2
20222023,2022-12-15,NYR,TOR,3,1
20222023,2022-12-15,WPG,NSH,2,1
20222023,2022-12-15,CHI,VGK,1,4
20222023,2022-12-15,COL,BUF,2,4
20222023,2022-12-15,EDM,STL,3,4
20222023,2022-12-16,MIN,CHI,4,1
20222023,2022-12-16,CGY,STL,2,5
20222023,2022-12-16,ARI,NYI,5,4
20222023,2022-12-17,BOS,CBJ,4,2
20222023,2022-12-17,DET,OTT,3,6
20222023,2022-12-17,EDM,ANA,3,4
20222023,2022-12-17,CAR,DAL,5,4
20222023,2022-12-17,PHI,NYR,3,6
20222023,2022-12-17,MTL,TBL,1,5
20222023,2022-12-17,WSH,TOR,5,2
20222023,2022-12-17,NJD,FLA,2,4
20222023,2022-12-17,ARI,BUF,2,5
20222023,2022-12-17,COL,NSH,3,1
20222023,2022-12-17,VGK,NYI,2,5
20222023,2022-12-17,VAN,WPG,1,5
20222023,2022-12-17,LAK,SJS,3,2
20222023,2022-12-18,MIN,OTT,4,2
20222023,2022-12-18,CAR,PIT,3,2
20222023,2022-12-18,CHI,NYR,1,7
20222023,2022-12-18,SEA,WPG,3,2
20222023,2022-12-18,SJS,CGY,2,5
20222023,2022-12-19,CBJ,DAL,1,2
20222023,2022-12-19,WSH,DET,4,3
20222023,2022-12-19,BOS,FLA,7,3
20222023,2022-12-19,NSH,EDM,4,3
20222023,2022-12-19,COL,NYI,1,0
20222023,2022-12-19,VGK,BUF,2,3
20222023,2022-12-19,ARI,MTL,2,3
20222023,2022-12-19,VAN,STL,1,5
20222023,2022-12-20,PHI,CBJ,5,3
20222023,2022-12-20,PIT,NYR,3,2
20222023,2022-12-20,CAR,NJD,4,1
20222023,2022-12-20,TOR,TBL,4,1
20222023,2022-12-20,WPG,OTT,5,1
20222023,2022-12-20,SEA,STL,5,2
20222023,2022-12-20,LAK,ANA,4,1
20222023,2022-12-20,SJS,CGY,3,7
20222023,2022-12-21,FLA,NJD,2,4
20222023,2022-12-21,DET,TBL,7,4
20222023,2022-12-21,COL,MTL,2,1
20222023,2022-12-21,CHI,NSH,2,4
20222023,2022-12-21,DAL,EDM,3,6
20222023,2022-12-21,VGK,ARI,5,2
20222023,2022-12-21,ANA,MIN,1,4
20222023,2022-12-22,TOR,PHI,4,3
20222023,2022-12-22,PIT,CAR,3,4
20222023,2022-12-22,NYR,NYI,5,3
20222023,2022-12-22,OTT,WSH,2,3
20222023,2022-12-22,BOS,WPG,3,2
20222023,2022-12-22,VAN,SEA,6,5
20222023,2022-12-22,LAK,CGY,4,3
20222023,2022-12-22,SJS,MIN,5,2
20222023,2022-12-23,NJD,BOS,3,4
20222023,2022-12-23,CAR,PHI,6,5
20222023,2022-12-23,WSH,WPG,4,1
20222023,2022-12-23,NYI,FLA,5,1
20222023,2022-12-23,NSH,COL,2,3
20222023,2022-12-23,DAL,MTL,4,2
20222023,2022-12-23,CHI,CBJ,5,2
20222023,2022-12-23,EDM,VAN,2,5
20222023,2022-12-23,ARI,LAK,2,1
20222023,2022-12-23,VGK,STL,5,4
20222023,2022-12-23,ANA,CGY,2,3
20222023,2022-12-27,OTT,BOS,3,2
20222023,2022-12-27,CAR,CHI,3,0
20222023,2022-12-27,NYR,WSH,0,4
20222023,2022-12-27,NYI,PIT,5,1
20222023,2022-12-27,NSH,DAL,2,3
20222023,2022-12-27,WPG,MIN,1,4
20222023,2022-12-27,STL,TOR,4,5
20222023,2022-12-27,ARI,COL,6,3
20222023,2022-12-27,CGY,EDM,1,2
20222023,2022-12-27,VAN,SJS,6,2
20222023,2022-12-27,LAK,VGK,4,2
20222023,2022-12-28,TBL,MTL,4,1
20222023,2022-12-28,NJD,BOS,1,3
20222023,2022-12-28,PIT,DET,4,5
20222023,2022-12-28,SEA,CGY,2,3
20222023,2022-12-28,ANA,VGK,3,2
20222023,2022-12-29,BUF,DET,6,3
20222023,2022-12-29,FLA,MTL,7,2
20222023,2022-12-29,TBL,NYR,2,1
20222023,2022-12-29,WSH,OTT,3,4
20222023,2022-12-29,NYI,CBJ,2,1
20222023,2022-12-29,STL,CHI,3,1
20222023,2022-12-29,MIN,DAL,1,4
20222023,2022-12-29,WPG,VAN,4,2
20222023,2022-12-29,COL,LAK,4,5
20222023,2022-12-29,ARI,TOR,6,3
20222023,2022-12-29,SJS,PHI,3,4
20222023,2022-12-30,ANA,NSH,1,6
20222023,2022-12-30,PIT,NJD,2,4
20222023,2022-12-30,CAR,FLA,4,0
20222023,2022-12-30,SEA,EDM,2,7
20222023,2022-12-31,BOS,BUF,3,4
20222023,2022-12-31,CBJ,CHI,4,1
20222023,2022-12-31,VGK,NSH,5,4
20222023,2022-12-31,WSH,MTL,9,2
20222023,2022-12-31,LAK,PHI,2,4
20222023,2022-12-31,TBL,ARI,5,3
20222023,2022-12-31,STL,MIN,2,5
20222023,2022-12-31,DET,OTT,4,2
20222023,2022-12-31,COL,TOR,2,6
20222023,2022-12-31,DAL,SJS,5,2
20222023,2022-12-31,CGY,VAN,3,2
20222023,2022-12-31,EDM,WPG,1,2
20222023,2023-01-01,NJD,CAR,4,5
20222023,2023-01-01,FLA,NYR,3,5
20222023,2023-01-01,OTT,BUF,3,1
20222023,2023-01-01,CHI,SJS,2,5
20222023,2023-01-01,SEA,NYI,4,1
20222023,2023-01-02,BOS,PIT,2,1
20222023,2023-01-02,COL,VGK,2,3
20222023,2023-01-02,ANA,PHI,1,4
20222023,2023-01-03,FLA,ARI,5,3
20222023,2023-01-03,WSH,BUF,4,5
20222023,2023-01-03,NYR,CAR,5,3
20222023,2023-01-03,OTT,CBJ,4,0
20222023,2023-01-03,TOR,STL,5,6
20222023,2023-01-03,WPG,CGY,3,2
20222023,2023-01-03,NSH,MTL,6,3
20222023,2023-01-03,CHI,TBL,1,4
20222023,2023-01-03,EDM,SEA,2,5
20222023,2023-01-03,VAN,NYI,2,6
20222023,2023-01-03,LAK,DAL,3,2
20222023,2023-01-04,DET,NJD,1,5
20222023,2023-01-04,MIN,TBL,5,1
20222023,2023-01-04,ANA,DAL,2,0
20222023,2023-01-05,PHI,ARI,6,2
20222023,2023-01-05,MTL,NYR,1,4
20222023,2023-01-05,CAR,NSH,3,5
20222023,2023-01-05,TOR,SEA,1,5
20222023,2023-01-05,NJD,STL,3,5
20222023,2023-01-05,CBJ,WSH,2,6
20222023,2023-01-05,EDM,NYI,4,2
20222023,2023-01-05,VAN,COL,4,2
20222023,2023-01-05,VGK,PIT,5,2
20222023,2023-01-05,LAK,BOS,2,5
20222023,2023-01-06,WSH,NSH,2,3
20222023,2023-01-06,DET,FLA,2,3
20222023,2023-01-06,WPG,TBL,4,2
20222023,2023-01-06,CHI,ARI,2,0
20222023,2023-01-06,CGY,NYI,4,1
20222023,2023-01-06,ANA,SJS,5,4
20222023,2023-01-07,NJD,NYR,4,3
20222023,2023-01-07,CBJ,CAR,4,3
20222023,2023-01-07,TOR,DET,4,1
20222023,2023-01-07,BUF,MIN,6,5
20222023,2023-01-07,OTT,SEA,4,8
20222023,2023-01-07,MTL,STL,5,4
20222023,2023-01-07,EDM,COL,2,3
20222023,2023-01-07,VGK,LAK,1,5
20222023,2023-01-07,SJS,BOS,2,4
20222023,2023-01-08,WPG,VAN,7,4
20222023,2023-01-08,DAL,FLA,5,1
20222023,2023-01-08,WSH,CBJ,1,0
20222023,2023-01-08,CHI,CGY,4,3
20222023,2023-01-08,ARI,PIT,1,4
20222023,2023-01-08,MIN,STL,0,3
20222023,2023-01-08,PHI,TOR,2,6
20222023,2023-01-08,ANA,BOS,1,7
20222023,2023-01-09,BUF,PHI,0,4
20222023,2023-01-09,OTT,NSH,0,3
20222023,2023-01-09,MTL,SEA,0,4
20222023,2023-01-09,LAK,EDM,6,3
20222023,2023-01-10,TBL,CBJ,6,3
20222023,2023-01-10,NYR,MIN,4,3
20222023,2023-01-10,CAR,NJD,3,5
20222023,2023-01-10,BUF,SEA,3,4
20222023,2023-01-10,PIT,VAN,5,4
20222023,2023-01-10,DET,WPG,7,5
20222023,2023-01-10,NYI,DAL,1,2
20222023,2023-01-10,STL,CGY,4,3
20222023,2023-01-10,ARI,SJS,2,4
20222023,2023-01-10,COL,FLA,4,5
20222023,2023-01-11,PHI,WSH,5,3
20222023,2023-01-11,TOR,NSH,2,1
20222023,2023-01-11,ANA,EDM,2,6
20222023,2023-01-11,LAK,SJS,4,3
20222023,2023-01-12,CBJ,CAR,2,6
20222023,2023-01-12,NYR,DAL,2,1
20222023,2023-01-12,MTL,NSH,4,3
20222023,2023-01-12,BOS,SEA,0,3
20222023,2023-01-12,DET,TOR,4,1
20222023,2023-01-12,TBL,VAN,5,4
20222023,2023-01-12,BUF,WPG,2,4
20222023,2023-01-12,NYI,MIN,1,3
20222023,2023-01-12,STL,CGY,1,4
20222023,2023-01-12,CHI,COL,3,2
20222023,2023-01-12,ARI,OTT,3,5
20222023,2023-01-12,VGK,FLA,4,2
20222023,2023-01-13,PIT,WPG,1,4
20222023,2023-01-13,ANA,NJD,2,6
20222023,2023-01-13,SJS,EDM,1,7
20222023,2023-01-14,DAL,CGY,5,6
20222023,2023-01-14,DET,CBJ,3,4
20222023,2023-01-14,NYI,MTL,2,1
20222023,2023-01-14,COL,OTT,7,0
20222023,2023-01-14,WSH,PHI,1,3
20222023,2023-01-14,CAR,PIT,2,1
20222023,2023-01-14,BOS,TOR,4,3
20222023,2023-01-14,FLA,VAN,4,3
20222023,2023-01-14,MIN,ARI,2,1
20222023,2023-01-14,NSH,BUF,3,5
20222023,2023-01-14,CHI,SEA,5,8
20222023,2023-01-14,STL,TBL,2,4
20222023,2023-01-14,VGK,EDM,3,4
20222023,2023-01-14,LAK,NJD,2,5
20222023,2023-01-15,NYR,MTL,1,2
20222023,2023-01-15,CAR,VAN,3,4
20222023,2023-01-15,WPG,ARI,2,1
20222023,2023-01-16,BUF,FLA,1,4
20222023,2023-01-16,BOS,PHI,6,0
20222023,2023-01-16,COL,DET,6,3
20222023,2023-01-16,SJS,NJD,3,4
20222023,2023-01-16,SEA,TBL,1,4
20222023,2023-01-16,VGK,DAL,0,4
20222023,2023-01-16,PIT,ANA,4,3
20222023,2023-01-16,CBJ,NYR,1,3
20222023,2023-01-16,NYI,WSH,3,4
20222023,2023-01-16,NSH,CGY,2,1
20222023,2023-01-16,STL,OTT,2,1
20222023,2023-01-17,PHI,ANA,5,2
20222023,2023-01-17,TOR,FLA,5,4
20222023,2023-01-17,WSH,MIN,2,4
20222023,2023-01-17,MTL,WPG,4,1
20222023,2023-01-17,NSH,CBJ,2,1
20222023,2023-01-17,CHI,BUF,4,3
20222023,2023-01-17,ARI,DET,4,3
20222023,2023-01-17,EDM,SEA,5,2
20222023,2023-01-18,OTT,PIT,5,4
20222023,2023-01-18,NYI,BOS,1,4
20222023,2023-01-18,CGY,COL,1,4
20222023,2023-01-18,VAN,TBL,2,5
20222023,2023-01-18,SJS,DAL,5,3
20222023,2023-01-19,CBJ,ANA,3,5
20222023,2023-01-19,NYR,BOS,1,3
20222023,2023-01-19,PHI,CHI,1,4
20222023,2023-01-19,MTL,FLA,2,6
20222023,2023-01-19,CAR,MIN,5,2
20222023,2023-01-19,TOR,WPG,4,1
20222023,2023-01-19,BUF,NYI,3,2
20222023,2023-01-19,STL,NSH,5,2
20222023,2023-01-19,EDM,TBL,5,3
20222023,2023-01-19,ARI,WSH,0,4
20222023,2023-01-19,VGK,DET,2,3
20222023,2023-01-19,SEA,NJD,4,3
20222023,2023-01-19,LAK,DAL,0,4
20222023,2023-01-20,PIT,OTT,4,1
20222023,2023-01-20,VAN,COL,1,4
20222023,2023-01-21,BUF,ANA,6,3
20222023,2023-01-21,CGY,TBL,6,3
20222023,2023-01-21,FLA,MIN,5,3
20222023,2023-01-21,DET,PHI,1,2
20222023,2023-01-21,CBJ,SJS,5,3
20222023,2023-01-21,MTL,TOR,3,2
20222023,2023-01-21,OTT,WPG,1,5
20222023,2023-01-21,NYI,CAR,2,5
20222023,2023-01-21,DAL,ARI,4,0
20222023,2023-01-21,STL,CHI,3,5
20222023,2023-01-21,NSH,LAK,5,3
20222023,2023-01-21,SEA,COL,1,2
20222023,2023-01-21,VAN,EDM,2,4
20222023,2023-01-21,VGK,WSH,6,2
20222023,2023-01-22,NJD,PIT,2,1
20222023,2023-01-22,CHI,LAK,1,2
20222023,2023-01-22,BOS,SJS,4,0
20222023,2023-01-22,PHI,WPG,3,5
20222023,2023-01-22,ARI,VGK,4,1
20222023,2023-01-23,NYR,FLA,6,2
20222023,2023-01-23,TOR,NYI,5,2
20222023,2023-01-23,DAL,BUF,2,3
20222023,2023-01-23,CGY,CBJ,4,3
20222023,2023-01-24,MTL,BOS,2,4
20222023,2023-01-24,PIT,FLA,7,6
20222023,2023-01-24,PHI,LAK,3,4
20222023,2023-01-24,TBL,MIN,4,2
20222023,2023-01-24,DET,SJS,3,2
20222023,2023-01-24,NJD,VGK,3,2
20222023,2023-01-24,STL,BUF,3,5
20222023,2023-01-24,NSH,WPG,2,1
20222023,2023-01-24,ARI,ANA,2,5
20222023,2023-01-24,COL,WSH,3,2
20222023,2023-01-24,VAN,CHI,5,2
20222023,2023-01-25,OTT,NYI,2,1
20222023,2023-01-25,TOR,NYR,3,2
20222023,2023-01-25,DAL,CAR,2,3
20222023,2023-01-25,EDM,CBJ,2,3
20222023,2023-01-25,SEA,VAN,6,1
20222023,2023-01-26,TBL,BOS,3,2
20222023,2023-01-26,MTL,DET,3,4
20222023,2023-01-26,WSH,PIT,3,2
20222023,2023-01-26,WPG,BUF,2,3
20222023,2023-01-26,NSH,NJD,6,4
20222023,2023-01-26,MIN,PHI,3,2
20222023,2023-01-26,COL,ANA,3,5
20222023,2023-01-26,CGY,CHI,1,5
20222023,2023-01-26,ARI,STL,5,0
20222023,2023-01-27,NYI,DET,2,0
20222023,2023-01-27,FLA,LAK,3,4
20222023,2023-01-27,TOR,OTT,2,6
20222023,2023-01-27,CAR,SJS,5,4
20222023,2023-01-27,NYR,VGK,4,1
20222023,2023-01-27,DAL,NJD,2,3
20222023,2023-01-27,SEA,CGY,2,5
20222023,2023-01-27,VAN,CBJ,5,2
20222023,2023-01-28,COL,STL,4,2
20222023,2023-01-28,FLA,BOS,4,3
20222023,2023-01-28,TBL,LAK,5,2
20222023,2023-01-28,OTT,MTL,5,0
20222023,2023-01-28,WPG,PHI,0,4
20222023,2023-01-28,PIT,SJS,4,6
20222023,2023-01-28,NYI,VGK,2,1
20222023,2023-01-28,MIN,BUF,3,2
20222023,2023-01-28,EDM,CHI,7,3
20222023,2023-01-28,SEA,CBJ,3,1
20222023,2023-01-28,ANA,ARI,2,1
20222023,2023-01-29,CAR,BOS,4,1
20222023,2023-01-29,TOR,WSH,5,1
20222023,2023-01-30,WPG,STL,4,2
20222023,2023-01-31,CAR,LAK,5,4
20222023,2023-01-31,MTL,OTT,4,5
20222023,2023-01-31,CBJ,WSH,3,4
20222023,2023-02-01,BUF,CAR,1,5
20222023,2023-02-01,TOR,BOS,2,5
20222023,2023-02-06,PHI,NYI,1,2
20222023,2023-02-06,FLA,TBL,7,1
20222023,2023-02-06,NYR,CGY,5,4
20222023,2023-02-06,NJD,VAN,5,4
20222023,2023-02-06,DAL,ANA,3,2
20222023,2023-02-06,ARI,MIN,3,2
20222023,2023-02-07,PIT,COL,2,1
20222023,2023-02-07,TBL,SJS,3,4
20222023,2023-02-07,DET,EDM,2,5
20222023,2023-02-07,NYI,SEA,4,0
20222023,2023-02-07,NSH,VGK,1,5
20222023,2023-02-07,CHI,ANA,2,3
20222023,2023-02-08,NYR,VAN,4,3
20222023,2023-02-08,DAL,MIN,4,1
20222023,2023-02-09,TBL,COL,5,0
20222023,2023-02-09,PHI,EDM,2,1
20222023,2023-02-09,FLA,SJS,4,1
20222023,2023-02-09,NJD,SEA,3,1
20222023,2023-02-09,DET,CGY,2,1
20222023,2023-02-09,NYI,VAN,5,6
20222023,2023-02-09,MIN,VGK,1,5
20222023,2023-02-10,NYR,SEA,6,3
20222023,2023-02-10,CBJ,TOR,0,3
20222023,2023-02-10,CHI,ARI,4,3
20222023,2023-02-10,ANA,PIT,3,6
20222023,2023-02-11,DET,VAN,5,2
20222023,2023-02-11,BUF,CGY,2,7
20222023,2023-02-11,OTT,EDM,3,6
20222023,2023-02-11,MTL,NYI,4,3
20222023,2023-02-11,PHI,NSH,1,2
20222023,2023-02-11,DAL,TBL,1,3
20222023,2023-02-11,BOS,WSH,1,2
20222023,2023-02-11,FLA,COL,3,5
20222023,2023-02-11,TOR,CBJ,3,4
20222023,2023-02-11,CAR,NYR,2,6
20222023,2023-02-11,STL,ARI,6,5
20222023,2023-02-11,MIN,NJD,3,2
20222023,2023-02-11,WPG,CHI,4,1
20222023,2023-02-11,LAK,PIT,6,0
20222023,2023-02-12,MTL,EDM,6,2
20222023,2023-02-12,PHI,SEA,3,4
20222023,2023-02-12,WSH,SJS,1,4
20222023,2023-02-12,VGK,ANA,7,2
20222023,2023-02-13,OTT,CGY,4,3
20222023,2023-02-13,NSH,ARI,2,4
20222023,2023-02-13,MIN,FLA,1,2
20222023,2023-02-13,VAN,DET,1,6
20222023,2023-02-13,LAK,BUF,5,2
20222023,2023-02-14,WSH,CAR,2,3
20222023,2023-02-14,MTL,CHI,4,0
20222023,2023-02-14,CBJ,NJD,2,3
20222023,2023-02-14,NYI,OTT,2,3
20222023,2023-02-14,STL,FLA,6,2
20222023,2023-02-14,WPG,SEA,3,2
20222023,2023-02-14,DAL,BOS,2,3
20222023,2023-02-14,COL,TBL,3,4
20222023,2023-02-14,SJS,PIT,1,3
20222023,2023-02-15,TOR,CHI,5,2
20222023,2023-02-15,ARI,TBL,1,0
20222023,2023-02-15,MIN,COL,2,3
20222023,2023-02-15,EDM,DET,4,5
20222023,2023-02-15,ANA,BUF,3,7
20222023,2023-02-15,VAN,NYR,4,6
20222023,2023-02-16,WSH,FLA,3,6
20222023,2023-02-16,CAR,MTL,6,2
20222023,2023-02-16,CBJ,WPG,3,1
20222023,2023-02-16,NSH,BOS,0,5
20222023,2023-02-16,STL,NJD,4,2
20222023,2023-02-16,CGY,DET,2,5
20222023,2023-02-16,SEA,PHI,6,2
20222023,2023-02-16,VGK,SJS,2,1
20222023,2023-02-17,OTT,CHI,3,4
20222023,2023-02-17,NYI,PIT,5,4
20222023,2023-02-17,MIN,DAL,2,1
20222023,2023-02-17,EDM,NYR,4,5
20222023,2023-02-17,ANA,LAK,3,6
20222023,2023-02-18,STL,COL,1,4
20222023,2023-02-18,NSH,FLA,7,3
20222023,2023-02-18,BOS,NYI,6,2
20222023,2023-02-18,PIT,NJD,2,5
20222023,2023-02-18,DAL,CBJ,1,4
20222023,2023-02-18,TOR,MTL,5,1
20222023,2023-02-18,CAR,WSH,4,1
20222023,2023-02-18,CGY,NYR,3,2
20222023,2023-02-18,VAN,PHI,6,2
20222023,2023-02-18,LAK,ARI,6,5
20222023,2023-02-18,SJS,BUF,2,4
20222023,2023-02-18,SEA,DET,4,2
20222023,2023-02-18,VGK,TBL,5,4
20222023,2023-02-19,MIN,NSH,4,3
20222023,2023-02-19,OTT,STL,7,2
20222023,2023-02-19,COL,EDM,6,5
20222023,2023-02-19,CHI,TOR,5,3
20222023,2023-02-19,NJD,WPG,4,2
20222023,2023-02-19,ARI,CBJ,3,2
20222023,2023-02-20,FLA,ANA,4,3
20222023,2023-02-20,BOS,OTT,3,1
20222023,2023-02-20,CGY,PHI,3,4
20222023,2023-02-20,SJS,SEA,4,0
20222023,2023-02-20,PIT,NYI,2,4
20222023,2023-02-20,NYR,WPG,1,4
20222023,2023-02-21,TBL,ANA,6,1
20222023,2023-02-21,WSH,DET,1,3
20222023,2023-02-21,NJD,MTL,2,5
20222023,2023-02-21,CAR,STL,4,1
20222023,2023-02-21,BUF,TOR,3,6
20222023,2023-02-21,MIN,LAK,2,1
20222023,2023-02-21,NSH,VAN,5,4
20222023,2023-02-21,CHI,VGK,3,2
20222023,2023-02-21,EDM,PHI,4,2
20222023,2023-02-22,NYI,WPG,2,1
20222023,2023-02-22,DAL,CHI,3,4
20222023,2023-02-22,ARI,CGY,3,6
20222023,2023-02-23,WSH,ANA,2,4
20222023,2023-02-23,TBL,BUF,5,6
20222023,2023-02-23,PIT,EDM,2,7
20222023,2023-02-23,NJD,LAK,4,3
20222023,2023-02-23,CBJ,MIN,0,2
20222023,2023-02-23,DET,NYR,4,1
20222023,2023-02-23,STL,VAN,2,3
20222023,2023-02-23,VGK,CGY,4,3
20222023,2023-02-23,SEA,BOS,5,6
20222023,2023-02-23,SJS,NSH,2,6
20222023,2023-02-24,FLA,BUF,1,3
20222023,2023-02-24,TOR,MIN,2,1
20222023,2023-02-24,PHI,MTL,2,5
20222023,2023-02-24,CAR,OTT,4,0
20222023,2023-02-24,NYI,LAK,2,3
20222023,2023-02-24,WPG,COL,1,5
20222023,2023-02-25,CBJ,EDM,6,5
20222023,2023-02-25,WSH,NYR,6,3
20222023,2023-02-25,STL,PIT,2,3
20222023,2023-02-25,CAR,ANA,2,3
20222023,2023-02-25,VAN,BOS,1,3
20222023,2023-02-25,MTL,OTT,2,5
20222023,2023-02-25,NJD,PHI,7,0
20222023,2023-02-25,DET,TBL,0,3
20222023,2023-02-25,COL,CGY,4,1
20222023,2023-02-25,VGK,DAL,2,3
20222023,2023-02-25,SJS,CHI,3,4
20222023,2023-02-26,BUF,WSH,7,4
20222023,2023-02-26,MIN,CBJ,3,2
20222023,2023-02-26,WPG,NYI,0,4
20222023,2023-02-26,NYR,LAK,5,2
20222023,2023-02-26,PIT,TBL,7,3
20222023,2023-02-26,ARI,NSH,2,6
20222023,2023-02-26,SEA,TOR,1,5
20222023,2023-02-27,OTT,DET,6,2
20222023,2023-02-27,EDM,BOS,2,3
20222023,2023-02-27,DAL,VAN,4,5
20222023,2023-02-27,COL,VGK,3,0
20222023,2023-02-27,ANA,CHI,4,2
20222023,2023-02-28,OTT,DET,6,1
20222023,2023-02-28,TBL,FLA,1,4
20222023,2023-02-28,BUF,CBJ,3,5
20222023,2023-02-28,WPG,LAK,5,6
20222023,2023-02-28,MIN,NYI,2,1
20222023,2023-02-28,NSH,PIT,1,3
20222023,2023-02-28,STL,SEA,3,5
20222023,2023-02-28,CGY,BOS,3,4
20222023,2023-02-28,ARI,CHI,4,1
20222023,2023-02-28,SJS,MTL,1,3
20222023,2023-03-01,PHI,NYR,2,3
20222023,2023-03-01,EDM,TOR,5,2
20222023,2023-03-01,DAL,ARI,4,2
20222023,2023-03-01,COL,NJD,5,7
20222023,2023-03-01,VGK,CAR,3,2
20222023,2023-03-01,ANA,WSH,2,3
20222023,2023-03-02,BOS,BUF,7,1
20222023,2023-03-02,FLA,NSH,1,2
20222023,2023-03-02,NYR,OTT,3,5
20222023,2023-03-02,TBL,PIT,4,5
20222023,2023-03-02,DET,SEA,4,5
20222023,2023-03-02,CHI,DAL,2,5
20222023,2023-03-02,CGY,TOR,1,2
20222023,2023-03-02,VAN,MIN,1,2
20222023,2023-03-02,LAK,MTL,3,2
20222023,2023-03-02,SJS,STL,3,6
20222023,2023-03-03,CBJ,SEA,2,4
20222023,2023-03-03,EDM,WPG,6,3
20222023,2023-03-03,ARI,CAR,1,6
20222023,2023-03-03,ANA,MTL,3,2
20222023,2023-03-03,VGK,NJD,4,3
20222023,2023-03-04,BUF,TBL,5,3
20222023,2023-03-04,NYI,DET,4,1
20222023,2023-03-04,BOS,NYR,4,2
20222023,2023-03-04,DAL,COL,7,3
20222023,2023-03-04,FLA,PIT,4,1
20222023,2023-03-04,SJS,WSH,3,8
20222023,2023-03-04,OTT,CBJ,5,2
20222023,2023-03-04,WPG,EDM,7,5
20222023,2023-03-04,VAN,TOR,4,1
20222023,2023-03-04,CHI,NSH,1,3
20222023,2023-03-04,CGY,MIN,0,3
20222023,2023-03-04,LAK,STL,4,2
20222023,2023-03-05,CAR,TBL,6,0
20222023,2023-03-05,PHI,DET,3,1
20222023,2023-03-05,VGK,MTL,4,3
20222023,2023-03-05,ARI,NJD,4,5
20222023,2023-03-05,COL,SEA,2,3
20222023,2023-03-06,BUF,EDM,2,3
20222023,2023-03-06,WPG,SJS,2,3
20222023,2023-03-06,DAL,CGY,4,5
20222023,2023-03-06,CHI,OTT,5,0
20222023,2023-03-06,VAN,NSH,4,3
20222023,2023-03-06,LAK,WSH,4,2
20222023,2023-03-07,MTL,CAR,3,4
20222023,2023-03-07,PIT,CBJ,5,4
20222023,2023-03-07,TBL,PHI,5,2
20222023,2023-03-07,NJD,TOR,3,4
20222023,2023-03-07,FLA,VGK,2,1
20222023,2023-03-07,NYI,BUF,3,2
20222023,2023-03-07,MIN,CGY,0,1
20222023,2023-03-07,COL,SJS,6,0
20222023,2023-03-07,ARI,STL,6,2
20222023,2023-03-07,SEA,ANA,5,2
20222023,2023-03-08,DET,CHI,4,3
20222023,2023-03-08,WPG,MIN,2,4
20222023,2023-03-08,VAN,ANA,3,2
20222023,2023-03-09,BUF,DAL,4,10
20222023,2023-03-09,PIT,NYI,3,4
20222023,2023-03-09,MTL,NYR,3,4
20222023,2023-03-09,WSH,NJD,2,3
20222023,2023-03-09,CAR,PHI,1,0
20222023,2023-03-09,TBL,VGK,3,4
20222023,2023-03-09,BOS,EDM,2,3
20222023,2023-03-09,STL,SJS,4,2
20222023,2023-03-09,COL,LAK,2,5
20222023,2023-03-09,ARI,NSH,4,1
20222023,2023-03-09,SEA,OTT,4,5
20222023,2023-03-10,FLA,CHI,4,3
20222023,2023-03-10,CGY,ANA,1,3
20222023,2023-03-11,BOS,DET,3,2
20222023,2023-03-11,PIT,PHI,5,1
20222023,2023-03-11,BUF,NYR,1,2
20222023,2023-03-11,COL,ARI,3,2
20222023,2023-03-11,TBL,CHI,3,1
20222023,2023-03-11,TOR,EDM,7,4
20222023,2023-03-11,MTL,NJD,1,3
20222023,2023-03-11,CBJ,STL,2,5
20222023,2023-03-11,CAR,VGK,0,4
20222023,2023-03-11,FLA,WPG,4,5
20222023,2023-03-11,NYI,WSH,1,5
20222023,2023-03-11,SEA,DAL,3,4
20222023,2023-03-11,VAN,OTT,5,2
20222023,2023-03-11,SJS,MIN,2,5
20222023,2023-03-11,LAK,NSH,1,2
20222023,2023-03-12,DET,BOS,5,3
20222023,2023-03-12,PIT,NYR,3,2
20222023,2023-03-12,NJD,CAR,3,0
20222023,2023-03-12,STL,VGK,3,5
20222023,2023-03-12,TBL,WPG,2,3
20222023,2023-03-12,CGY,OTT,5,1
20222023,2023-03-12,ARI,MIN,5,4
20222023,2023-03-12,ANA,NSH,4,5
20222023,2023-03-13,TOR,BUF,3,4
20222023,2023-03-13,MTL,COL,4,8
20222023,2023-03-13,SEA,DAL,2,5
20222023,2023-03-14,PIT,MTL,4,6
20222023,2023-03-14,NJD,TBL,1,4
20222023,2023-03-14,PHI,VGK,3,5
20222023,2023-03-14,NYR,WSH,5,3
20222023,2023-03-14,CAR,WPG,5,3
20222023,2023-03-14,NSH,DET,2,1
20222023,2023-03-14,CHI,BOS,6,3
20222023,2023-03-14,EDM,OTT,6,3
20222023,2023-03-14,ARI,CGY,4,3
20222023,2023-03-14,VAN,DAL,5,2
20222023,2023-03-14,SJS,CBJ,5,6
20222023,2023-03-14,LAK,NYI,5,2
20222023,2023-03-15,WSH,BUF,5,4
20222023,2023-03-15,TOR,COL,1,2
20222023,2023-03-15,STL,MIN,5,8
20222023,2023-03-15,ANA,NYI,3,6
20222023,2023-03-16,OTT,COL,4,5
20222023,2023-03-16,FLA,MTL,9,5
20222023,2023-03-16,NYR,PIT,4,2
20222023,2023-03-16,NJD,TBL,3,4
20222023,2023-03-16,WPG,BOS,0,3
20222023,2023-03-16,NSH,CHI,1,2
20222023,2023-03-16,EDM,DAL,4,1
20222023,2023-03-16,VGK,CGY,2,7
20222023,2023-03-16,ARI,VAN,3,2
20222023,2023-03-16,LAK,CBJ,4,1
20222023,2023-03-16,SJS,SEA,1,2
20222023,2023-03-17,PHI,BUF,5,2
20222023,2023-03-17,TOR,CAR,5,2
20222023,2023-03-17,WSH,STL,2,5
20222023,2023-03-17,ANA,CBJ,7,4
20222023,2023-03-18,DET,COL,1,5
20222023,2023-03-18,MIN,BOS,2,5
20222023,2023-03-18,NSH,WPG,2,3
20222023,2023-03-18,SEA,EDM,4,6
20222023,2023-03-18,PHI,CAR,4,5
20222023,2023-03-18,FLA,NJD,4,2
20222023,2023-03-18,TBL,MTL,5,3
20222023,2023-03-18,OTT,TOR,4,5
20222023,2023-03-18,NYR,PIT,6,0
20222023,2023-03-18,CGY,DAL,5,6
20222023,2023-03-18,LAK,VAN,2,3
20222023,2023-03-18,ARI,CHI,4,2
20222023,2023-03-18,SJS,NYI,1,4
20222023,2023-03-19,BUF,BOS,0,7
20222023,2023-03-19,MIN,WSH,5,3
20222023,2023-03-19,VGK,CBJ,7,2
20222023,2023-03-19,NYR,NSH,7,0
20222023,2023-03-19,TBL,NJD,2,5
20222023,2023-03-19,STL,WPG,3,0
20222023,2023-03-19,ANA,VAN,1,2
20222023,2023-03-20,PIT,OTT,1,2
20222023,2023-03-20,DET,FLA,2,5
20222023,2023-03-20,COL,CHI,5,0
20222023,2023-03-20,EDM,SJS,5,4
20222023,2023-03-20,LAK,CGY,8,2
20222023,2023-03-21,NYR,CAR,2,3
20222023,2023-03-21,WSH,CBJ,6,7
20222023,2023-03-21,PHI,FLA,6,3
20222023,2023-03-21,NJD,MIN,1,2
20222023,2023-03-21,BUF,NSH,3,7
20222023,2023-03-21,BOS,OTT,2,1
20222023,2023-03-21,MTL,TBL,3,2
20222023,2023-03-21,NYI,TOR,7,2
20222023,2023-03-21,WPG,ARI,2,1
20222023,2023-03-21,STL,DET,2,3
20222023,2023-03-21,DAL,SEA,4,5
20222023,2023-03-21,ANA,CGY,1,5
20222023,2023-03-21,VAN,VGK,3,4
20222023,2023-03-22,COL,PIT,2,5
20222023,2023-03-22,EDM,ARI,4,3
20222023,2023-03-23,PHI,MIN,5,4
20222023,2023-03-23,WSH,CHI,6,1
20222023,2023-03-23,BOS,MTL,4,2
20222023,2023-03-23,CAR,NYR,1,2
20222023,2023-03-23,OTT,TBL,7,2
20222023,2023-03-23,FLA,TOR,2,6
20222023,2023-03-23,DET,STL,3,4
20222023,2023-03-23,NSH,SEA,2,1
20222023,2023-03-23,DAL,PIT,3,2
20222023,2023-03-23,CGY,VGK,2,3
20222023,2023-03-23,VAN,SJS,7,2
20222023,2023-03-23,ANA,WPG,2,3
20222023,2023-03-24,CBJ,NYI,5,4
20222023,2023-03-24,BUF,NJD,5,4
20222023,2023-03-24,COL,ARI,3,1
20222023,2023-03-25,PHI,DET,3,0
20222023,2023-03-25,BOS,TBL,2,1
20222023,2023-03-25,NSH,SEA,2,7
20222023,2023-03-25,CGY,SJS,5,3
20222023,2023-03-25,LAK,WPG,4,1
20222023,2023-03-25,MIN,CHI,3,1
20222023,2023-03-25,FLA,NYR,3,4
20222023,2023-03-25,NYI,BUF,0,2
20222023,2023-03-25,MTL,CBJ,8,2
20222023,2023-03-25,NJD,OTT,5,3
20222023,2023-03-25,CAR,TOR,5,3
20222023,2023-03-25,DAL,VAN,1,3
20222023,2023-03-25,PIT,WSH,4,3
20222023,2023-03-25,EDM,VGK,3,4
20222023,2023-03-25,ANA,STL,3,6
20222023,2023-03-26,ARI,COL,3,4
20222023,2023-03-26,CAR,BOS,3,4
20222023,2023-03-26,NSH,TOR,2,3
20222023,2023-03-26,CHI,VAN,2,4
20222023,2023-03-26,LAK,STL,7,6
20222023,2023-03-27,OTT,FLA,5,2
20222023,2023-03-27,BUF,MTL,3,4
20222023,2023-03-27,NYI,NJD,5,1
20222023,2023-03-27,MIN,SEA,5,1
20222023,2023-03-27,ANA,COL,1,5
20222023,2023-03-27,ARI,EDM,4,5
20222023,2023-03-28,NYR,CBJ,6,2
20222023,2023-03-28,PHI,MTL,3,2
20222023,2023-03-28,BOS,NSH,1,2
20222023,2023-03-28,CAR,TBL,0,4
20222023,2023-03-28,DET,PIT,7,4
20222023,2023-03-28,STL,VAN,6,5
20222023,2023-03-28,CHI,DAL,1,4
20222023,2023-03-28,CGY,LAK,2,1
20222023,2023-03-28,VGK,EDM,4,7
20222023,2023-03-28,SJS,WPG,3,0
20222023,2023-03-29,TOR,FLA,2,3
20222023,2023-03-29,WSH,NYI,1,2
20222023,2023-03-29,COL,MIN,2,4
20222023,2023-03-30,BOS,CBJ,2,1
20222023,2023-03-30,MTL,FLA,2,5
20222023,2023-03-30,NJD,NYR,2,1
20222023,2023-03-30,PIT,NSH,2,0
20222023,2023-03-30,OTT,PHI,5,4
20222023,2023-03-30,TBL,WSH,5,1
20222023,2023-03-30,DET,CAR,3,2
20222023,2023-03-30,CHI,STL,3,5
20222023,2023-03-30,EDM,LAK,2,0
20222023,2023-03-30,SEA,ANA,4,1
20222023,2023-03-30,SJS,VGK,4,3
20222023,2023-03-31,BUF,NYR,3,2
20222023,2023-03-31,WPG,DET,6,2
20222023,2023-03-31,VAN,CGY,4,5
20222023,2023-03-31,ARI,DAL,2,5
20222023,2023-04-01,NSH,STL,6,1
20222023,2023-04-01,PIT,BOS,3,4
20222023,2023-04-01,PHI,BUF,3,6
20222023,2023-04-01,MTL,CAR,0,3
20222023,2023-04-01,CBJ,FLA,0,7
20222023,2023-04-01,TBL,NYI,5,0
20222023,2023-04-01,OTT,TOR,0,3
20222023,2023-04-01,CHI,NJD,3,6
20222023,2023-04-01,COL,DAL,5,2
20222023,2023-04-01,EDM,ANA,6,0
20222023,2023-04-01,SEA,LAK,1,3
20222023,2023-04-01,VGK,MIN,4,1
20222023,2023-04-01,ARI,SJS,2,7
20222023,2023-04-02,WSH,NYR,2,5
20222023,2023-04-02,STL,BOS,3,4
20222023,2023-04-02,CAR,NYI,2,1
20222023,2023-04-02,CBJ,OTT,4,3
20222023,2023-04-02,PIT,PHI,4,2
20222023,2023-04-02,TOR,DET,2,5
20222023,2023-04-02,WPG,NJD,6,1
20222023,2023-04-02,CGY,ANA,5,4
20222023,2023-04-02,VAN,LAK,1,4
20222023,2023-04-03,MIN,VGK,3,4
20222023,2023-04-03,DAL,NSH,5,1
20222023,2023-04-03,SEA,ARI,8,1
20222023,2023-04-04,FLA,BUF,2,1
20222023,2023-04-04,TOR,CBJ,4,2
20222023,2023-04-04,MTL,DET,0,5
20222023,2023-04-04,CAR,OTT,3,2
20222023,2023-04-04,NJD,PIT,5,1
20222023,2023-04-04,STL,PHI,4,2
20222023,2023-04-04,NSH,VGK,3,2
20222023,2023-04-04,CGY,CHI,3,4
20222023,2023-04-04,VAN,SEA,2,5
20222023,2023-04-04,LAK,EDM,1,3
20222023,2023-04-04,SJS,COL,3,4
20222023,2023-04-05,WPG,CGY,1,3
20222023,2023-04-05,NYR,TBL,6,3
20222023,2023-04-05,ANA,EDM,1,3
20222023,2023-04-06,NJD,CBJ,8,1
20222023,2023-04-06,PIT,MIN,4,1
20222023,2023-04-06,FLA,OTT,7,2
20222023,2023-04-06,BOS,TOR,2,1
20222023,2023-04-06,MTL,WSH,6,2
20222023,2023-04-06,DET,BUF,6,7
20222023,2023-04-06,NYI,TBL,6,1
20222023,2023-04-06,NSH,CAR,3,0
20222023,2023-04-06,STL,NYR,3,2
20222023,2023-04-06,DAL,PHI,4,1
20222023,2023-04-06,VAN,CHI,3,0
20222023,2023-04-06,VGK,LAK,5,2
20222023,2023-04-06,SEA,ARI,4,2
20222023,2023-04-06,SJS,COL,2,6
20222023,2023-04-08,BUF,CAR,4,3
20222023,2023-04-08,DET,PIT,1,5
20222023,2023-04-08,DAL,VGK,2,1
20222023,2023-04-08,SJS,EDM,1,6
20222023,2023-04-08,ARI,ANA,5,4
20222023,2023-04-08,WSH,FLA,2,4
20222023,2023-04-08,TOR,MTL,7,1
20222023,2023-04-08,CBJ,NYR,0,4
20222023,2023-04-08,WPG,NSH,2,0
20222023,2023-04-08,OTT,TBL,7,4
20222023,2023-04-08,NYI,PHI,4,0
20222023,2023-04-08,MIN,STL,5,3
20222023,2023-04-08,BOS,NJD,2,1
20222023,2023-04-08,VAN,CGY,3,2
20222023,2023-04-08,SEA,CHI,7,3
20222023,2023-04-08,LAK,COL,3,4
20222023,2023-04-09,PHI,BOS,3,5
20222023,2023-04-09,ANA,COL,4,5
20222023,2023-04-10,NYR,BUF,2,3
20222023,2023-04-10,OTT,CAR,3,2
20222023,2023-04-10,WSH,NYI,5,2
20222023,2023-04-10,WPG,SJS,6,2
20222023,2023-04-10,FLA,TOR,1,2
20222023,2023-04-10,DET,DAL,1,6
20222023,2023-04-10,CHI,MIN,2,4
20222023,2023-04-10,CGY,NSH,2,3
20222023,2023-04-10,ARI,SEA,1,4
20222023,2023-04-10,LAK,VAN,3,0
20222023,2023-04-11,NJD,BUF,6,2
20222023,2023-04-11,PHI,CBJ,4,3
20222023,2023-04-11,CAR,DET,4,1
20222023,2023-04-11,TBL,TOR,3,4
20222023,2023-04-11,BOS,WSH,5,2
20222023,2023-04-11,PIT,CHI,2,5
20222023,2023-04-11,MIN,WPG,1,3
20222023,2023-04-11,COL,EDM,1,2
20222023,2023-04-11,VGK,SEA,4,1
20222023,2023-04-11,ANA,VAN,2,3
20222023,2023-04-12,NYI,MTL,4,2
20222023,2023-04-12,STL,DAL,2,5
20222023,2023-04-12,CGY,SJS,3,1
20222023,2023-04-13,MTL,BOS,4,5
20222023,2023-04-13,FLA,CAR,4,6
20222023,2023-04-13,TBL,DET,5,0
20222023,2023-04-13,WSH,NJD,4,5
20222023,2023-04-13,BUF,OTT,4,3
20222023,2023-04-13,CBJ,PIT,3,2
20222023,2023-04-13,NYR,TOR,2,3
20222023,2023-04-13,NSH,MIN,4,3
20222023,2023-04-13,DAL,STL,1,0
20222023,2023-04-13,COL,WPG,4,2
20222023,2023-04-13,CHI,PHI,4,5
20222023,2023-04-13,EDM,SJS,5,2
20222023,2023-04-13,ANA,LAK,3,5
20222023,2023-04-13,ARI,VAN,4,5
20222023,2023-04-13,SEA,VGK,1,3
20222023,2023-04-14,CBJ,BUF,2,5
20222023,2023-04-14,NSH,COL,3,4
20232024,2023-10-10,TBL,NSH,5,3
20232024,2023-10-10,PIT,CHI,2,4
20232024,2023-10-10,VGK,SEA,4,1
20232024,2023-10-11,CAR,OTT,5,3
20232024,2023-10-11,TOR,MTL,6,5
20232024,2023-10-11,BOS,CHI,3,1
20232024,2023-10-11,CGY,WPG,5,3
20232024,2023-10-11,LAK,COL,2,5
20232024,2023-10-11,VAN,EDM,8,1
20232024,2023-10-12,BUF,NYR,1,5
20232024,2023-10-12,CBJ,PHI,2,4
20232024,2023-10-12,NJD,DET,4,3
20232024,2023-10-12,DAL,STL,2,1
20232024,2023-10-12,MIN,FLA,2,0
20232024,2023-10-12,NSH,SEA,3,0
20232024,2023-10-12,SJS,VGK,1,4
20232024,2023-10-13,NJD,ARI,3,4
20232024,2023-10-13,WSH,PIT,0,4
20232024,2023-10-14,OTT,PHI,5,2
20232024,2023-10-14,WPG,FLA,6,4
20232024,2023-10-14,BOS,NSH,3,2
20232024,2023-10-14,CBJ,NYR,5,3
20232024,2023-10-14,DET,TBL,6,4
20232024,2023-10-14,MTL,CHI,3,2
20232024,2023-10-14,PIT,CGY,5,2
20232024,2023-10-14,TOR,MIN,7,4
20232024,2023-10-14,NYI,BUF,3,2
20232024,2023-10-14,STL,SEA,2,1
20232024,2023-10-14,EDM,VAN,3,4
20232024,2023-10-14,SJS,COL,1,2
20232024,2023-10-14,VGK,ANA,4,1
20232024,2023-10-14,LAK,CAR,5,6
20232024,2023-10-15,OTT,TBL,5,2
20232024,2023-10-15,ANA,CAR,6,3
20232024,2023-10-16,CBJ,DET,0,4
20232024,2023-10-16,NJD,FLA,3,4
20232024,2023-10-16,NYR,ARI,2,1
20232024,2023-10-16,TOR,CHI,1,4
20232024,2023-10-16,WSH,CGY,3,2
20232024,2023-10-17,PHI,VAN,2,0
20232024,2023-10-17,MTL,MIN,2,5
20232024,2023-10-17,BUF,TBL,3,2
20232024,2023-10-17,NYI,ARI,1,0
20232024,2023-10-17,NSH,EDM,1,6
20232024,2023-10-17,WPG,LAK,1,5
20232024,2023-10-17,SEA,COL,1,4
20232024,2023-10-17,SJS,CAR,3,6
20232024,2023-10-17,VGK,DAL,3,2
20232024,2023-10-18,OTT,WSH,6,1
20232024,2023-10-18,DET,PIT,6,3
20232024,2023-10-19,BUF,CGY,3,4
20232024,2023-10-19,FLA,TOR,3,1
20232024,2023-10-19,NYR,NSH,1,4
20232024,2023-10-19,TBL,VAN,4,3
20232024,2023-10-19,PHI,EDM,4,1
20232024,2023-10-19,MIN,LAK,3,7
20232024,2023-10-19,STL,ARI,2,6
20232024,2023-10-19,WPG,VGK,3,5
20232024,2023-10-19,ANA,DAL,2,3
20232024,2023-10-19,SEA,CAR,7,4
20232024,2023-10-19,COL,CHI,4,0
20232024,2023-10-19,SJS,BOS,1,3
20232024,2023-10-20,CBJ,CGY,3,1
20232024,2023-10-20,NYI,NJD,4,5
20232024,2023-10-21,OTT,DET,2,5
20232024,2023-10-21,ARI,ANA,2,1
20232024,2023-10-21,BUF,NYI,3,1
20232024,2023-10-21,FLA,VAN,3,5
20232024,2023-10-21,MTL,WSH,3,2
20232024,2023-10-21,TBL,TOR,3,4
20232024,2023-10-21,CHI,VGK,3,5
20232024,2023-10-21,DAL,PHI,5,4
20232024,2023-10-21,MIN,CBJ,4,5
20232024,2023-10-21,NSH,SJS,5,1
20232024,2023-10-21,STL,PIT,4,2
20232024,2023-10-21,COL,CAR,6,4
20232024,2023-10-21,EDM,WPG,2,3
20232024,2023-10-21,SEA,NYR,1,4
20232024,2023-10-21,LAK,BOS,2,4
20232024,2023-10-22,DET,CGY,6,2
20232024,2023-10-22,ANA,BOS,1,3
20232024,2023-10-23,BUF,MTL,1,3
20232024,2023-10-24,WSH,TOR,1,4
20232024,2023-10-24,OTT,BUF,4,6
20232024,2023-10-24,TBL,CAR,3,0
20232024,2023-10-24,MTL,NJD,2,5
20232024,2023-10-24,PIT,DAL,1,4
20232024,2023-10-24,FLA,SJS,3,1
20232024,2023-10-24,NYI,COL,4,7
20232024,2023-10-24,DET,SEA,4,5
20232024,2023-10-24,CBJ,ANA,2,3
20232024,2023-10-24,CHI,BOS,0,3
20232024,2023-10-24,WPG,STL,4,2
20232024,2023-10-24,MIN,EDM,7,4
20232024,2023-10-24,NSH,VAN,2,3
20232024,2023-10-24,CGY,NYR,1,3
20232024,2023-10-24,LAK,ARI,6,3
20232024,2023-10-24,VGK,PHI,3,2
20232024,2023-10-25,NJD,WSH,4,6
20232024,2023-10-26,BOS,ANA,3,4
20232024,2023-10-26,CAR,SEA,3,2
20232024,2023-10-26,DET,WPG,1,4
20232024,2023-10-26,MTL,CBJ,4,3
20232024,2023-10-26,PIT,COL,4,0
20232024,2023-10-26,TBL,SJS,6,0
20232024,2023-10-26,PHI,MIN,6,2
20232024,2023-10-26,NYI,OTT,3,2
20232024,2023-10-26,DAL,TOR,1,4
20232024,2023-10-26,CGY,STL,0,3
20232024,2023-10-26,EDM,NYR,0,3
20232024,2023-10-27,VGK,CHI,3,4
20232024,2023-10-27,CAR,SJS,3,0
20232024,2023-10-27,NJD,BUF,5,4
20232024,2023-10-27,WSH,MIN,3,2
20232024,2023-10-27,ARI,LAK,4,5
20232024,2023-10-27,VAN,STL,5,0
20232024,2023-10-28,PHI,ANA,4,7
20232024,2023-10-28,FLA,SEA,3,2
20232024,2023-10-28,BOS,DET,4,1
20232024,2023-10-28,CBJ,NYI,0,2
20232024,2023-10-28,MTL,WPG,4,3
20232024,2023-10-28,NSH,TOR,3,2
20232024,2023-10-28,PIT,OTT,2,5
20232024,2023-10-28,VAN,NYR,3,4
20232024,2023-10-28,LAK,VGK,3,4
20232024,2023-10-29,BUF,COL,4,0
20232024,2023-10-29,NJD,MIN,4,3
20232024,2023-10-29,WSH,SJS,3,1
20232024,2023-10-29,EDM,CGY,5,2
20232024,2023-10-30,BOS,FLA,3,2
20232024,2023-10-30,PHI,CAR,2,3
20232024,2023-10-30,PIT,ANA,3,4
20232024,2023-10-30,TBL,SEA,3,4
20232024,2023-10-30,NYI,DET,3,4
20232024,2023-10-30,WPG,NYR,2,3
20232024,2023-10-30,DAL,CBJ,5,3
20232024,2023-10-30,ARI,CHI,8,1
20232024,2023-10-30,VGK,MTL,3,2
20232024,2023-10-31,TOR,LAK,1,4
20232024,2023-10-31,VAN,NSH,5,2
20232024,2023-11-01,PHI,BUF,2,5
20232024,2023-11-01,CGY,DAL,3,4
20232024,2023-11-01,COL,STL,4,1
20232024,2023-11-01,ANA,ARI,4,3
20232024,2023-11-02,CBJ,TBL,4,2
20232024,2023-11-02,DET,FLA,0,2
20232024,2023-11-02,NYR,CAR,2,1
20232024,2023-11-02,OTT,LAK,2,3
20232024,2023-11-02,WSH,NYI,0,3
20232024,2023-11-02,BOS,TOR,3,2
20232024,2023-11-02,MIN,NJD,3,5
20232024,2023-11-02,EDM,DAL,3,4
20232024,2023-11-02,ARI,MTL,3,2
20232024,2023-11-02,SEA,NSH,4,2
20232024,2023-11-02,VGK,WPG,5,2
20232024,2023-11-02,SJS,VAN,1,10
20232024,2023-11-03,BUF,PHI,1,5
20232024,2023-11-03,STL,NJD,4,1
20232024,2023-11-04,EDM,NSH,2,5
20232024,2023-11-04,ARI,WPG,3,5
20232024,2023-11-04,DET,BOS,5,4
20232024,2023-11-04,OTT,TBL,4,6
20232024,2023-11-04,STL,MTL,6,3
20232024,2023-11-04,TOR,BUF,4,6
20232024,2023-11-04,WSH,CBJ,2,1
20232024,2023-11-04,PHI,LAK,0,5
20232024,2023-11-04,NYI,CAR,3,4
20232024,2023-11-04,CHI,FLA,5,2
20232024,2023-11-04,MIN,NYR,5,4
20232024,2023-11-04,SEA,CGY,3,6
20232024,2023-11-04,SJS,PIT,2,10
20232024,2023-11-04,VAN,DAL,2,0
20232024,2023-11-04,VGK,COL,7,0
20232024,2023-11-05,CHI,NJD,2,4
20232024,2023-11-05,ANA,VGK,4,2
20232024,2023-11-06,FLA,CBJ,5,4
20232024,2023-11-06,TOR,TBL,6,5
20232024,2023-11-06,DAL,BOS,2,3
20232024,2023-11-06,VAN,EDM,6,2
20232024,2023-11-07,CAR,BUF,3,2
20232024,2023-11-07,MTL,TBL,3,5
20232024,2023-11-07,NYI,MIN,2,4
20232024,2023-11-07,NYR,DET,5,3
20232024,2023-11-07,STL,WPG,2,5
20232024,2023-11-07,ARI,SEA,4,3
20232024,2023-11-07,CGY,NSH,4,2
20232024,2023-11-07,ANA,PIT,0,2
20232024,2023-11-07,COL,NJD,6,3
20232024,2023-11-07,SJS,PHI,2,1
20232024,2023-11-08,TOR,OTT,3,6
20232024,2023-11-08,WSH,FLA,3,4
20232024,2023-11-08,VGK,LAK,1,4
20232024,2023-11-09,BOS,NYI,5,2
20232024,2023-11-09,DET,MTL,2,3
20232024,2023-11-09,NYR,MIN,4,1
20232024,2023-11-09,OTT,VAN,2,5
20232024,2023-11-09,TBL,CHI,3,5
20232024,2023-11-09,CBJ,DAL,2,5
20232024,2023-11-09,STL,ARI,2,1
20232024,2023-11-09,WPG,NSH,6,3
20232024,2023-11-09,COL,SEA,3,4
20232024,2023-11-09,LAK,PIT,3,4
20232024,2023-11-09,SJS,EDM,3,2
20232024,2023-11-10,BUF,MIN,3,2
20232024,2023-11-10,FLA,CAR,5,2
20232024,2023-11-10,NJD,WSH,2,4
20232024,2023-11-10,TOR,CGY,5,4
20232024,2023-11-10,ANA,PHI,3,6
20232024,2023-11-10,VGK,SJS,5,0
20232024,2023-11-11,DET,CBJ,5,4
20232024,2023-11-11,WPG,DAL,2,3
20232024,2023-11-11,MTL,BOS,3,2
20232024,2023-11-11,OTT,CGY,4,1
20232024,2023-11-11,TBL,CAR,0,4
20232024,2023-11-11,TOR,VAN,5,2
20232024,2023-11-11,NYI,WSH,1,4
20232024,2023-11-11,PIT,BUF,4,0
20232024,2023-11-11,NSH,ARI,5,7
20232024,2023-11-11,COL,STL,2,8
20232024,2023-11-11,SEA,EDM,1,4
20232024,2023-11-11,LAK,PHI,2,4
20232024,2023-11-12,FLA,CHI,4,3
20232024,2023-11-12,MIN,DAL,3,8
20232024,2023-11-12,MTL,VAN,2,5
20232024,2023-11-12,NYR,CBJ,4,3
20232024,2023-11-12,ANA,SJS,4,1
20232024,2023-11-13,EDM,NYI,4,1
20232024,2023-11-13,SEA,COL,1,5
20232024,2023-11-14,BUF,BOS,2,5
20232024,2023-11-14,CBJ,PIT,3,5
20232024,2023-11-14,MTL,CGY,1,2
20232024,2023-11-14,WSH,VGK,3,0
20232024,2023-11-14,DAL,ARI,4,3
20232024,2023-11-14,NSH,ANA,2,3
20232024,2023-11-14,STL,TBL,5,0
20232024,2023-11-14,WPG,NJD,6,3
20232024,2023-11-14,SJS,FLA,3,5
20232024,2023-11-15,CAR,PHI,1,3
20232024,2023-11-15,EDM,SEA,4,3
20232024,2023-11-15,COL,ANA,8,2
20232024,2023-11-15,VAN,NYI,4,3
20232024,2023-11-16,OTT,DET,5,4
20232024,2023-11-16,CBJ,ARI,2,3
20232024,2023-11-16,MTL,VGK,5,6
20232024,2023-11-16,PIT,NJD,2,5
20232024,2023-11-16,CHI,TBL,2,4
20232024,2023-11-16,CGY,VAN,5,2
20232024,2023-11-16,SEA,NYI,4,3
20232024,2023-11-16,LAK,FLA,2,1
20232024,2023-11-16,SJS,STL,5,1
20232024,2023-11-17,DET,TOR,2,3
20232024,2023-11-17,WPG,BUF,3,2
20232024,2023-11-17,ANA,FLA,1,2
20232024,2023-11-18,OTT,MIN,2,1
20232024,2023-11-18,PHI,VGK,4,3
20232024,2023-11-18,NSH,CHI,4,2
20232024,2023-11-18,TBL,EDM,6,4
20232024,2023-11-18,BOS,MTL,5,2
20232024,2023-11-18,CAR,PIT,4,2
20232024,2023-11-18,CGY,NYI,4,5
20232024,2023-11-18,NJD,NYR,3,5
20232024,2023-11-18,WPG,ARI,5,2
20232024,2023-11-18,WSH,CBJ,4,3
20232024,2023-11-18,DAL,COL,3,6
20232024,2023-11-18,VAN,SEA,3,4
20232024,2023-11-18,LAK,STL,5,1
20232024,2023-11-19,MIN,TOR,3,4
20232024,2023-11-19,PHI,CBJ,5,2
20232024,2023-11-19,PIT,VGK,3,0
20232024,2023-11-19,CHI,BUF,2,3
20232024,2023-11-19,ANA,STL,1,3
20232024,2023-11-20,FLA,EDM,5,3
20232024,2023-11-20,TBL,BOS,5,4
20232024,2023-11-20,DAL,NYR,6,3
20232024,2023-11-20,NSH,COL,4,3
20232024,2023-11-20,ARI,LAK,1,4
20232024,2023-11-20,SEA,CGY,3,4
20232024,2023-11-20,VAN,SJS,3,1
20232024,2023-11-22,CAR,EDM,6,3
20232024,2023-11-22,CBJ,CHI,7,3
20232024,2023-11-22,DET,NJD,4,0
20232024,2023-11-22,FLA,BOS,1,3
20232024,2023-11-22,PIT,NYR,0,1
20232024,2023-11-22,TBL,WPG,2,3
20232024,2023-11-22,WSH,BUF,4,3
20232024,2023-11-22,NYI,PHI,3,2
20232024,2023-11-22,ARI,STL,5,6
20232024,2023-11-22,NSH,CGY,4,2
20232024,2023-11-22,DAL,VGK,1,2
20232024,2023-11-22,ANA,MTL,3,4
20232024,2023-11-22,COL,VAN,5,2
20232024,2023-11-22,SEA,SJS,7,1
20232024,2023-11-24,BOS,DET,2,5
20232024,2023-11-24,PHI,NYR,1,3
20232024,2023-11-24,CHI,TOR,4,3
20232024,2023-11-24,NJD,CBJ,1,2
20232024,2023-11-24,STL,NSH,3,8
20232024,2023-11-24,WSH,EDM,0,5
20232024,2023-11-24,ANA,LAK,2,5
20232024,2023-11-24,SJS,MTL,2,3
20232024,2023-11-24,BUF,PIT,3,2
20232024,2023-11-24,OTT,NYI,3,5
20232024,2023-11-24,CAR,TBL,2,8
20232024,2023-11-24,FLA,WPG,0,3
20232024,2023-11-24,DAL,CGY,4,7
20232024,2023-11-24,MIN,COL,2,3
20232024,2023-11-24,SEA,VAN,1,5
20232024,2023-11-25,NYR,BOS,7,4
20232024,2023-11-25,LAK,MTL,4,0
20232024,2023-11-25,NJD,BUF,7,2
20232024,2023-11-25,PIT,TOR,3,2
20232024,2023-11-25,NYI,PHI,0,1
20232024,2023-11-25,COL,CGY,3,1
20232024,2023-11-25,SJS,VAN,4,3
20232024,2023-11-25,VGK,ARI,0,2
20232024,2023-11-26,DET,MIN,4,1
20232024,2023-11-26,CHI,STL,2,4
20232024,2023-11-26,CAR,CBJ,3,2
20232024,2023-11-26,NSH,WPG,3,2
20232024,2023-11-26,EDM,ANA,8,2
20232024,2023-11-27,CBJ,BOS,5,2
20232024,2023-11-27,NYR,BUF,1,5
20232024,2023-11-27,OTT,FLA,0,5
20232024,2023-11-27,COL,TBL,4,1
20232024,2023-11-27,CGY,VGK,2,1
20232024,2023-11-27,SJS,WSH,2,1
20232024,2023-11-28,NJD,NYI,5,4
20232024,2023-11-28,TOR,FLA,2,1
20232024,2023-11-28,PHI,CAR,1,4
20232024,2023-11-28,MIN,STL,3,1
20232024,2023-11-28,NSH,PIT,3,2
20232024,2023-11-28,WPG,DAL,0,2
20232024,2023-11-28,CHI,SEA,4,3
20232024,2023-11-28,ARI,TBL,3,1
20232024,2023-11-28,EDM,VGK,5,4
20232024,2023-11-28,VAN,ANA,3,1
20232024,2023-11-29,CBJ,MTL,2,4
20232024,2023-11-29,NYR,DET,3,2
20232024,2023-11-29,LAK,WSH,1,2
20232024,2023-11-30,BOS,SJS,3,0
20232024,2023-11-30,DET,CHI,5,1
20232024,2023-11-30,MTL,FLA,1,5
20232024,2023-11-30,PHI,NJD,3,4
20232024,2023-11-30,TBL,PIT,2,4
20232024,2023-11-30,TOR,SEA,4,3
20232024,2023-11-30,CAR,NYI,4,5
20232024,2023-11-30,NSH,MIN,1,6
20232024,2023-11-30,STL,BUF,6,4
20232024,2023-11-30,WPG,EDM,1,3
20232024,2023-11-30,ARI,COL,4,3
20232024,2023-11-30,CGY,DAL,4,3
20232024,2023-11-30,ANA,WSH,4,5
20232024,2023-11-30,VAN,VGK,1,4
20232024,2023-12-01,CBJ,OTT,4,2
20232024,2023-12-01,NJD,SJS,3,6
20232024,2023-12-02,DAL,TBL,8,1
20232024,2023-12-02,WPG,CHI,3,1
20232024,2023-12-02,NSH,NYR,3,4
20232024,2023-12-02,FLA,NYI,3,4
20232024,2023-12-02,CAR,BUF,6,2
20232024,2023-12-02,MTL,DET,4,5
20232024,2023-12-02,OTT,SEA,2,0
20232024,2023-12-02,PIT,PHI,3,4
20232024,2023-12-02,TOR,BOS,3,4
20232024,2023-12-02,ARI,STL,4,1
20232024,2023-12-02,ANA,COL,4,3
20232024,2023-12-02,CGY,VAN,3,4
20232024,2023-12-02,VGK,WSH,4,1
20232024,2023-12-03,MIN,CHI,4,1
20232024,2023-12-03,NYR,SJS,6,5
20232024,2023-12-03,BOS,CBJ,3,1
20232024,2023-12-03,BUF,NSH,1,2
20232024,2023-12-03,LAK,COL,4,1
20232024,2023-12-04,PHI,PIT,2,1
20232024,2023-12-04,TBL,DAL,4,0
20232024,2023-12-04,MTL,SEA,4,2
20232024,2023-12-04,WPG,CAR,2,1
20232024,2023-12-04,ARI,WSH,6,0
20232024,2023-12-04,VGK,STL,1,2
20232024,2023-12-05,CBJ,LAK,3,4
20232024,2023-12-05,OTT,NYR,6,2
20232024,2023-12-05,BUF,DET,3,5
20232024,2023-12-05,NYI,SJS,4,5
20232024,2023-12-05,CHI,NSH,3,4
20232024,2023-12-05,CGY,MIN,2,5
20232024,2023-12-05,COL,ANA,3,2
20232024,2023-12-05,VAN,NJD,5,6
20232024,2023-12-06,FLA,DAL,5,4
20232024,2023-12-06,TBL,PIT,3,1
20232024,2023-12-06,STL,VGK,3,6
20232024,2023-12-06,EDM,CAR,6,1
20232024,2023-12-07,BOS,BUF,1,3
20232024,2023-12-07,DET,SJS,5,6
20232024,2023-12-07,MTL,LAK,0,4
20232024,2023-12-07,OTT,TOR,3,4
20232024,2023-12-07,NYI,CBJ,7,3
20232024,2023-12-07,WSH,DAL,4,5
20232024,2023-12-07,NSH,TBL,5,1
20232024,2023-12-07,CHI,ANA,1,0
20232024,2023-12-07,ARI,PHI,1,4
20232024,2023-12-07,CGY,CAR,3,2
20232024,2023-12-07,COL,WPG,2,4
20232024,2023-12-07,VAN,MIN,2,0
20232024,2023-12-07,SEA,NJD,1,2
20232024,2023-12-08,CBJ,STL,5,2
20232024,2023-12-08,FLA,PIT,3,1
20232024,2023-12-08,EDM,MIN,4,3
20232024,2023-12-09,BOS,ARI,5,3
20232024,2023-12-09,CGY,NJD,2,4
20232024,2023-12-09,DAL,VGK,1,6
20232024,2023-12-09,BUF,MTL,2,3
20232024,2023-12-09,DET,OTT,1,5
20232024,2023-12-09,TOR,NSH,4,0
20232024,2023-12-09,WSH,NYR,4,0
20232024,2023-12-09,NYI,LAK,3,2
20232024,2023-12-09,CHI,STL,3,1
20232024,2023-12-09,COL,PHI,2,5
20232024,2023-12-09,SEA,TBL,3,4
20232024,2023-12-09,VAN,CAR,4,3
20232024,2023-12-10,CBJ,FLA,2,5
20232024,2023-12-10,EDM,NJD,4,1
20232024,2023-12-10,CHI,WSH,2,4
20232024,2023-12-10,MTL,NSH,1,2
20232024,2023-12-10,NYR,LAK,4,1
20232024,2023-12-10,ANA,WPG,2,4
20232024,2023-12-10,SEA,MIN,0,3
20232024,2023-12-10,VGK,SJS,5,4
20232024,2023-12-11,BUF,ARI,5,2
20232024,2023-12-11,NYI,TOR,4,3
20232024,2023-12-11,DAL,DET,6,3
20232024,2023-12-11,COL,CGY,6,5
20232024,2023-12-12,NYR,TOR,3,7
20232024,2023-12-12,OTT,CAR,1,4
20232024,2023-12-12,PIT,ARI,4,2
20232024,2023-12-12,STL,DET,4,6
20232024,2023-12-12,NSH,PHI,3,2
20232024,2023-12-12,EDM,CHI,4,1
20232024,2023-12-12,SEA,FLA,4,0
20232024,2023-12-12,VAN,TBL,4,1
20232024,2023-12-12,VGK,CGY,5,4
20232024,2023-12-12,SJS,WPG,2,1
20232024,2023-12-13,MTL,PIT,3,4
20232024,2023-12-13,NJD,BOS,2,1
20232024,2023-12-13,NYI,ANA,4,3
20232024,2023-12-13,COL,BUF,5,1
20232024,2023-12-13,LAK,WPG,2,5
20232024,2023-12-14,PHI,WSH,4,3
20232024,2023-12-14,TOR,CBJ,5,6
20232024,2023-12-14,DET,CAR,1,2
20232024,2023-12-14,MIN,CGY,3,2
20232024,2023-12-14,STL,OTT,4,2
20232024,2023-12-14,EDM,TBL,4,7
20232024,2023-12-14,SEA,CHI,7,1
20232024,2023-12-14,VAN,FLA,4,0
20232024,2023-12-15,NYR,ANA,5,1
20232024,2023-12-15,CAR,NSH,5,6
20232024,2023-12-15,NYI,BOS,4,5
20232024,2023-12-15,DAL,OTT,5,4
20232024,2023-12-15,ARI,SJS,1,0
20232024,2023-12-15,VGK,BUF,2,5
20232024,2023-12-16,MIN,VAN,2,1
20232024,2023-12-16,BOS,NYR,1,2
20232024,2023-12-16,CBJ,NJD,3,6
20232024,2023-12-16,MTL,NYI,5,3
20232024,2023-12-16,PHI,DET,1,0
20232024,2023-12-16,TOR,PIT,7,0
20232024,2023-12-16,WPG,COL,6,2
20232024,2023-12-16,NSH,WSH,3,1
20232024,2023-12-16,STL,DAL,4,3
20232024,2023-12-16,ARI,BUF,2,0
20232024,2023-12-16,CGY,TBL,4,2
20232024,2023-12-16,EDM,FLA,1,5
20232024,2023-12-16,SEA,LAK,2,3
20232024,2023-12-17,CHI,VAN,3,4
20232024,2023-12-17,CAR,WSH,1,2
20232024,2023-12-17,NJD,ANA,1,5
20232024,2023-12-17,COL,SJS,6,2
20232024,2023-12-17,VGK,OTT,6,3
20232024,2023-12-18,DET,ANA,3,4
20232024,2023-12-18,PIT,MIN,4,3
20232024,2023-12-18,WPG,MTL,2,3
20232024,2023-12-18,DAL,SEA,4,3
20232024,2023-12-18,CGY,FLA,3,1
20232024,2023-12-19,BOS,MIN,3,4
20232024,2023-12-19,BUF,CBJ,4,9
20232024,2023-12-19,CAR,VGK,6,3
20232024,2023-12-19,NJD,PHI,2,3
20232024,2023-12-19,TBL,STL,6,1
20232024,2023-12-19,TOR,NYR,2,5
20232024,2023-12-19,NYI,EDM,3,1
20232024,2023-12-19,NSH,VAN,2,5
20232024,2023-12-19,CHI,COL,3,2
20232024,2023-12-19,ARI,OTT,4,3
20232024,2023-12-19,SJS,LAK,1,4
20232024,2023-12-20,WPG,DET,5,2
20232024,2023-12-20,WSH,NYI,3,2
20232024,2023-12-20,LAK,SEA,1,2
20232024,2023-12-21,BUF,TOR,9,3
20232024,2023-12-21,CBJ,WSH,2,3
20232024,2023-12-21,FLA,STL,1,4
20232024,2023-12-21,PHI,NSH,2,4
20232024,2023-12-21,PIT,CAR,2,1
20232024,2023-12-21,TBL,VGK,5,4
20232024,2023-12-21,NJD,EDM,3,6
20232024,2023-12-21,DAL,VAN,4,3
20232024,2023-12-21,MIN,MTL,4,3
20232024,2023-12-21,COL,OTT,6,4
20232024,2023-12-21,ANA,CGY,0,3
20232024,2023-12-21,SJS,ARI,2,5
20232024,2023-12-22,DET,PHI,7,6
20232024,2023-12-22,NYR,EDM,3,4
20232024,2023-12-22,WPG,BOS,5,1
20232024,2023-12-22,CHI,MTL,2,5
20232024,2023-12-23,NSH,DAL,2,3
20232024,2023-12-23,FLA,VGK,4,2
20232024,2023-12-23,CBJ,TOR,1,4
20232024,2023-12-23,MIN,BOS,3,2
20232024,2023-12-23,NJD,DET,3,2
20232024,2023-12-23,OTT,PIT,5,4
20232024,2023-12-23,WSH,TBL,1,2
20232024,2023-12-23,CAR,NYI,4,5
20232024,2023-12-23,NYR,BUF,4,3
20232024,2023-12-23,ANA,SEA,2,3
20232024,2023-12-23,STL,CHI,7,5
20232024,2023-12-23,COL,ARI,4,1
20232024,2023-12-23,LAK,CGY,5,3
20232024,2023-12-23,VAN,SJS,7,4
20232024,2023-12-27,NJD,CBJ,4,3
20232024,2023-12-27,NYR,WSH,5,1
20232024,2023-12-27,TBL,FLA,2,3
20232024,2023-12-27,TOR,OTT,2,4
20232024,2023-12-27,BUF,BOS,1,4
20232024,2023-12-27,NYI,PIT,0,7
20232024,2023-12-27,MIN,DET,6,3
20232024,2023-12-27,NSH,CAR,2,5
20232024,2023-12-27,STL,DAL,2,1
20232024,2023-12-27,ARI,COL,5,4
20232024,2023-12-27,CHI,WPG,2,1
20232024,2023-12-27,CGY,SEA,1,2
20232024,2023-12-27,ANA,VGK,5,2
20232024,2023-12-27,LAK,SJS,5,1
20232024,2023-12-28,CAR,MTL,5,3
20232024,2023-12-28,VAN,PHI,1,4
20232024,2023-12-28,VGK,LAK,3,2
20232024,2023-12-28,SJS,EDM,0,5
20232024,2023-12-29,CBJ,TOR,6,5
20232024,2023-12-29,DET,NSH,5,4
20232024,2023-12-29,FLA,NYR,4,3
20232024,2023-12-29,OTT,NJD,2,6
20232024,2023-12-29,NYI,WSH,5,1
20232024,2023-12-29,DAL,CHI,5,4
20232024,2023-12-29,STL,COL,1,2
20232024,2023-12-29,ANA,ARI,0,2
20232024,2023-12-29,SEA,PHI,2,1
20232024,2023-12-30,WPG,MIN,4,2
20232024,2023-12-30,BUF,CBJ,3,2
20232024,2023-12-30,BOS,NJD,5,2
20232024,2023-12-30,FLA,MTL,4,1
20232024,2023-12-30,PIT,STL,4,2
20232024,2023-12-30,TBL,NYR,1,5
20232024,2023-12-30,TOR,CAR,2,3
20232024,2023-12-30,WSH,NSH,2,3
20232024,2023-12-30,LAK,EDM,2,3
20232024,2023-12-31,MIN,WPG,2,3
20232024,2023-12-31,DET,BOS,3,5
20232024,2023-12-31,OTT,BUF,5,1
20232024,2023-12-31,PIT,NYI,3,1
20232024,2023-12-31,TBL,MTL,4,3
20232024,2023-12-31,ANA,EDM,2,7
20232024,2023-12-31,CGY,PHI,4,3
20232024,2023-12-31,COL,SJS,3,1
20232024,2023-12-31,DAL,CHI,8,1
20232024,2024-01-01,SEA,VGK,3,0
20232024,2024-01-02,CBJ,BOS,1,4
20232024,2024-01-02,NYR,CAR,1,6
20232024,2024-01-02,PIT,WSH,3,4
20232024,2024-01-02,DAL,MTL,3,4
20232024,2024-01-02,MIN,CGY,1,3
20232024,2024-01-02,NSH,CHI,3,0
20232024,2024-01-02,WPG,TBL,4,2
20232024,2024-01-02,ARI,FLA,1,4
20232024,2024-01-02,COL,NYI,5,4
20232024,2024-01-02,EDM,PHI,5,2
20232024,2024-01-02,VAN,OTT,6,3
20232024,2024-01-02,LAK,TOR,0,3
20232024,2024-01-02,SJS,DET,3,5
20232024,2024-01-03,WSH,NJD,3,6
20232024,2024-01-03,ANA,TOR,1,2
20232024,2024-01-04,BOS,PIT,5,6
20232024,2024-01-04,MTL,BUF,1,6
20232024,2024-01-04,NYR,CHI,4,1
20232024,2024-01-04,PHI,CBJ,2,3
20232024,2024-01-04,DAL,COL,4,5
20232024,2024-01-04,MIN,TBL,1,4
20232024,2024-01-04,NSH,CGY,3,6
20232024,2024-01-04,STL,VAN,2,1
20232024,2024-01-04,ARI,NYI,1,5
20232024,2024-01-04,SEA,OTT,4,1
20232024,2024-01-04,VGK,FLA,1,4
20232024,2024-01-04,LAK,DET,3,4
20232024,2024-01-04,SJS,WPG,1,2
20232024,2024-01-05,NJD,CHI,4,2
20232024,2024-01-05,WSH,CAR,2,6
20232024,2024-01-05,ANA,WPG,1,3
20232024,2024-01-06,PHI,CGY,3,2
20232024,2024-01-06,COL,FLA,4,8
20232024,2024-01-06,BOS,TBL,7,3
20232024,2024-01-06,CBJ,MIN,3,4
20232024,2024-01-06,MTL,NYR,4,3
20232024,2024-01-06,NJD,VAN,4,6
20232024,2024-01-06,PIT,BUF,1,3
20232024,2024-01-06,SJS,TOR,1,4
20232024,2024-01-06,CAR,STL,1,2
20232024,2024-01-06,DAL,NSH,3,4
20232024,2024-01-06,EDM,OTT,3,1
20232024,2024-01-06,VGK,NYI,5,2
20232024,2024-01-07,CHI,CGY,4,3
20232024,2024-01-07,WSH,LAK,4,3
20232024,2024-01-07,ARI,WPG,2,6
20232024,2024-01-07,ANA,DET,2,3
20232024,2024-01-08,NYR,VAN,3,6
20232024,2024-01-08,PHI,PIT,1,4
20232024,2024-01-08,MIN,DAL,0,4
20232024,2024-01-08,COL,BOS,4,3
20232024,2024-01-09,BUF,SEA,2,5
20232024,2024-01-09,TBL,LAK,3,2
20232024,2024-01-09,TOR,SJS,7,1
20232024,2024-01-09,NYI,VAN,2,5
20232024,2024-01-09,NSH,ANA,3,5
20232024,2024-01-09,STL,FLA,1,5
20232024,2024-01-09,WPG,CBJ,5,0
20232024,2024-01-09,CHI,EDM,1,2
20232024,2024-01-09,ARI,BOS,4,3
20232024,2024-01-09,CGY,OTT,6,3
20232024,2024-01-10,PHI,MTL,3,2
20232024,2024-01-10,DAL,MIN,7,2
20232024,2024-01-10,COL,VGK,3,0
20232024,2024-01-11,BUF,OTT,5,3
20232024,2024-01-11,CAR,ANA,6,3
20232024,2024-01-11,DET,EDM,2,3
20232024,2024-01-11,FLA,LAK,3,2
20232024,2024-01-11,MTL,SJS,2,3
20232024,2024-01-11,PIT,VAN,3,4
20232024,2024-01-11,TBL,NJD,4,3
20232024,2024-01-11,WSH,SEA,1,4
20232024,2024-01-11,NYI,TOR,4,3
20232024,2024-01-11,STL,NYR,5,2
20232024,2024-01-11,WPG,CHI,2,1
20232024,2024-01-11,ARI,CGY,2,6
20232024,2024-01-11,VGK,BOS,2,1
20232024,2024-01-12,DAL,NSH,3,6
20232024,2024-01-12,MIN,PHI,3,4
20232024,2024-01-13,WSH,NYR,3,2
20232024,2024-01-13,BUF,VAN,0,1
20232024,2024-01-13,OTT,SJS,5,4
20232024,2024-01-13,FLA,NJD,1,4
20232024,2024-01-13,CAR,PIT,3,2
20232024,2024-01-13,CBJ,SEA,4,7
20232024,2024-01-13,DET,LAK,5,3
20232024,2024-01-13,MTL,EDM,1,2
20232024,2024-01-13,TBL,ANA,5,1
20232024,2024-01-13,TOR,COL,3,5
20232024,2024-01-13,WPG,PHI,0,2
20232024,2024-01-13,CHI,DAL,1,3
20232024,2024-01-13,MIN,ARI,0,6
20232024,2024-01-13,NSH,NYI,3,1
20232024,2024-01-13,STL,BOS,3,4
20232024,2024-01-13,VGK,CGY,1,3
20232024,2024-01-14,NYR,WSH,2,1
20232024,2024-01-14,TOR,DET,2,4
20232024,2024-01-15,BUF,SJS,3,0
20232024,2024-01-15,BOS,NJD,3,0
20232024,2024-01-15,CBJ,VAN,4,3
20232024,2024-01-15,FLA,ANA,4,5
20232024,2024-01-15,PIT,SEA,3,0
20232024,2024-01-15,CAR,LAK,2,5
20232024,2024-01-15,MIN,NYI,5,0
20232024,2024-01-15,VGK,NSH,4,1
20232024,2024-01-15,MTL,COL,4,3
20232024,2024-01-15,STL,PHI,2,4
20232024,2024-01-16,NYR,SEA,5,2
20232024,2024-01-16,OTT,COL,4,7
20232024,2024-01-16,WSH,ANA,2,0
20232024,2024-01-16,DAL,LAK,5,1
20232024,2024-01-16,WPG,NYI,4,2
20232024,2024-01-16,CHI,SJS,2,1
20232024,2024-01-16,CGY,ARI,3,2
20232024,2024-01-16,EDM,TOR,4,2
20232024,2024-01-17,FLA,DET,2,3
20232024,2024-01-17,NJD,MTL,2,3
20232024,2024-01-18,BUF,CHI,3,0
20232024,2024-01-18,BOS,COL,5,2
20232024,2024-01-18,OTT,MTL,6,2
20232024,2024-01-18,PHI,DAL,5,1
20232024,2024-01-18,TBL,MIN,7,3
20232024,2024-01-18,WSH,STL,5,2
20232024,2024-01-18,CGY,TOR,3,4
20232024,2024-01-18,EDM,SEA,4,2
20232024,2024-01-18,LAK,NSH,1,2
20232024,2024-01-18,VAN,ARI,2,1
20232024,2024-01-18,VGK,NYR,5,1
20232024,2024-01-19,CAR,DET,4,2
20232024,2024-01-19,CBJ,NJD,1,4
20232024,2024-01-19,FLA,MIN,4,6
20232024,2024-01-19,CHI,NYI,4,3
20232024,2024-01-20,BUF,TBL,1,3
20232024,2024-01-20,PHI,COL,4,7
20232024,2024-01-20,ARI,NSH,3,2
20232024,2024-01-20,OTT,WPG,1,2
20232024,2024-01-20,BOS,MTL,9,4
20232024,2024-01-20,NJD,DAL,2,6
20232024,2024-01-20,VAN,TOR,6,4
20232024,2024-01-20,STL,WSH,3,0
20232024,2024-01-20,CGY,EDM,1,3
20232024,2024-01-20,SJS,ANA,5,3
20232024,2024-01-20,VGK,PIT,3,2
20232024,2024-01-20,LAK,NYR,2,1
20232024,2024-01-21,PHI,OTT,3,5
20232024,2024-01-21,CAR,MIN,2,5
20232024,2024-01-21,DET,TBL,2,1
20232024,2024-01-21,NYI,DAL,3,2
20232024,2024-01-21,ANA,NYR,2,5
20232024,2024-01-21,SEA,TOR,1,3
20232024,2024-01-22,BOS,WPG,4,1
20232024,2024-01-22,NJD,VGK,6,5
20232024,2024-01-22,NSH,FLA,1,4
20232024,2024-01-22,ARI,PIT,5,2
20232024,2024-01-22,VAN,CHI,2,0
20232024,2024-01-22,LAK,SJS,3,4
20232024,2024-01-23,DET,DAL,4,5
20232024,2024-01-23,MTL,OTT,1,4
20232024,2024-01-23,PHI,TBL,3,6
20232024,2024-01-23,NYI,VGK,2,3
20232024,2024-01-23,MIN,WSH,5,3
20232024,2024-01-23,CGY,STL,3,4
20232024,2024-01-23,EDM,CBJ,4,1
20232024,2024-01-23,ANA,BUF,4,2
20232024,2024-01-23,SJS,NYR,3,2
20232024,2024-01-24,FLA,ARI,6,2
20232024,2024-01-24,TOR,WPG,1,0
20232024,2024-01-24,BOS,CAR,2,3
20232024,2024-01-24,COL,WSH,6,2
20232024,2024-01-24,SEA,CHI,6,2
20232024,2024-01-24,VAN,STL,3,4
20232024,2024-01-24,LAK,BUF,3,5
20232024,2024-01-25,DET,PHI,3,0
20232024,2024-01-25,MTL,NYI,4,3
20232024,2024-01-25,OTT,BOS,2,3
20232024,2024-01-25,TBL,ARI,6,3
20232024,2024-01-25,CAR,NJD,3,2
20232024,2024-01-25,DAL,ANA,4,3
20232024,2024-01-25,MIN,NSH,2,3
20232024,2024-01-25,CGY,CBJ,2,5
20232024,2024-01-25,EDM,CHI,3,0
20232024,2024-01-26,NYR,VGK,2,5
20232024,2024-01-26,PIT,FLA,2,3
20232024,2024-01-26,COL,LAK,5,1
20232024,2024-01-26,SEA,STL,3,4
20232024,2024-01-27,PHI,BOS,2,6
20232024,2024-01-27,DAL,WSH,5,4
20232024,2024-01-27,EDM,NSH,4,1
20232024,2024-01-27,SJS,BUF,2,5
20232024,2024-01-27,CAR,ARI,3,1
20232024,2024-01-27,OTT,NYR,2,7
20232024,2024-01-27,PIT,MTL,3,2
20232024,2024-01-27,TBL,NJD,6,3
20232024,2024-01-27,WPG,TOR,2,4
20232024,2024-01-27,NYI,FLA,2,3
20232024,2024-01-27,DET,VGK,5,2
20232024,2024-01-27,MIN,ANA,2,3
20232024,2024-01-27,CGY,CHI,1,0
20232024,2024-01-27,VAN,CBJ,5,4
20232024,2024-01-28,STL,LAK,4,3
20232024,2024-01-28,SEA,CBJ,4,2
20232024,2024-01-29,OTT,NSH,4,3
20232024,2024-01-30,STL,CBJ,0,1
20232024,2024-01-30,SJS,SEA,2,0
20232024,2024-01-31,DET,OTT,2,3
20232024,2024-01-31,NSH,LAK,2,4
20232024,2024-01-31,ANA,SJS,3,2
20232024,2024-02-05,NYR,COL,2,1
20232024,2024-02-05,TOR,NYI,2,3
20232024,2024-02-06,BOS,CGY,1,4
20232024,2024-02-06,BUF,DAL,1,2
20232024,2024-02-06,CAR,VAN,2,3
20232024,2024-02-06,FLA,PHI,1,2
20232024,2024-02-06,PIT,WPG,3,0
20232024,2024-02-06,WSH,MTL,2,5
20232024,2024-02-06,NJD,COL,5,3
20232024,2024-02-06,VGK,EDM,3,1
20232024,2024-02-07,NYR,TBL,3,1
20232024,2024-02-07,TOR,DAL,5,4
20232024,2024-02-07,CHI,MIN,1,2
20232024,2024-02-08,BOS,VAN,4,0
20232024,2024-02-08,FLA,WSH,4,2
20232024,2024-02-08,NJD,CGY,3,5
20232024,2024-02-08,PHI,WPG,4,1
20232024,2024-02-08,CAR,COL,5,2
20232024,2024-02-08,NYI,TBL,6,2
20232024,2024-02-08,ARI,VGK,2,3
20232024,2024-02-09,MIN,PIT,3,2
20232024,2024-02-09,CHI,NYR,3,4
20232024,2024-02-09,ANA,EDM,3,5
20232024,2024-02-10,BUF,STL,1,3
20232024,2024-02-10,DET,VAN,4,3
20232024,2024-02-10,MTL,DAL,2,3
20232024,2024-02-10,NYI,CGY,2,5
20232024,2024-02-10,BOS,WSH,0,3
20232024,2024-02-10,FLA,COL,4,0
20232024,2024-02-10,CAR,NJD,1,0
20232024,2024-02-10,CBJ,TBL,2,4
20232024,2024-02-10,OTT,TOR,5,3
20232024,2024-02-10,PHI,SEA,3,2
20232024,2024-02-10,WPG,PIT,2,1
20232024,2024-02-10,NSH,ARI,5,4
20232024,2024-02-10,LAK,EDM,4,0
20232024,2024-02-11,MTL,STL,2,7
20232024,2024-02-11,WSH,VAN,2,3
20232024,2024-02-12,NJD,SEA,3,1
20232024,2024-02-12,NYR,CGY,2,0
20232024,2024-02-12,PHI,ARI,5,3
20232024,2024-02-12,VGK,MIN,3,5
20232024,2024-02-13,BOS,TBL,2,3
20232024,2024-02-13,BUF,LAK,7,0
20232024,2024-02-13,MTL,ANA,5,0
20232024,2024-02-13,OTT,CBJ,6,3
20232024,2024-02-13,TOR,STL,4,1
20232024,2024-02-13,WSH,COL,3,6
20232024,2024-02-13,NYI,SEA,1,2
20232024,2024-02-13,DAL,CAR,4,2
20232024,2024-02-13,NSH,NJD,2,4
20232024,2024-02-13,CHI,VAN,2,4
20232024,2024-02-13,EDM,DET,8,4
20232024,2024-02-14,PIT,FLA,2,5
20232024,2024-02-14,WPG,SJS,1,0
20232024,2024-02-14,ARI,MIN,1,3
20232024,2024-02-15,BOS,SEA,1,4
20232024,2024-02-15,BUF,FLA,0,4
20232024,2024-02-15,NJD,LAK,1,2
20232024,2024-02-15,NYR,MTL,7,4
20232024,2024-02-15,OTT,ANA,1,5
20232024,2024-02-15,TBL,COL,6,3
20232024,2024-02-15,TOR,PHI,4,3
20232024,2024-02-15,STL,EDM,6,3
20232024,2024-02-15,NSH,DAL,2,9
20232024,2024-02-15,CHI,PIT,1,4
20232024,2024-02-15,CGY,SJS,3,6
20232024,2024-02-15,VAN,DET,4,1
20232024,2024-02-16,ARI,CAR,1,5
20232024,2024-02-17,BOS,LAK,4,5
20232024,2024-02-17,DAL,EDM,3,4
20232024,2024-02-17,CHI,OTT,3,2
20232024,2024-02-17,CGY,DET,0,5
20232024,2024-02-17,MIN,BUF,2,3
20232024,2024-02-17,STL,NSH,2,5
20232024,2024-02-17,TBL,FLA,2,9
20232024,2024-02-17,MTL,WSH,3,4
20232024,2024-02-17,TOR,ANA,9,2
20232024,2024-02-17,NJD,PHI,6,3
20232024,2024-02-17,VAN,WPG,2,4
20232024,2024-02-17,SJS,CBJ,3,4
20232024,2024-02-17,VGK,CAR,1,3
20232024,2024-02-18,NYI,NYR,5,6
20232024,2024-02-18,COL,ARI,4,3
20232024,2024-02-18,PIT,LAK,1,2
20232024,2024-02-19,BUF,ANA,3,4
20232024,2024-02-19,BOS,DAL,4,3
20232024,2024-02-19,STL,TOR,2,4
20232024,2024-02-19,MIN,VAN,10,7
20232024,2024-02-19,SEA,DET,3,4
20232024,2024-02-19,ARI,EDM,3,6
20232024,2024-02-19,CGY,WPG,6,3
20232024,2024-02-19,SJS,VGK,0,4
20232024,2024-02-19,CAR,CHI,6,3
20232024,2024-02-19,TBL,OTT,2,4
20232024,2024-02-20,FLA,OTT,3,2
20232024,2024-02-20,NYR,DAL,3,1
20232024,2024-02-20,PIT,NYI,4,5
20232024,2024-02-20,WSH,NJD,6,2
20232024,2024-02-20,WPG,MIN,6,3
20232024,2024-02-20,COL,VAN,3,1
20232024,2024-02-20,VGK,NSH,3,5
20232024,2024-02-20,LAK,CBJ,5,1
20232024,2024-02-21,MTL,BUF,2,3
20232024,2024-02-21,CHI,PHI,1,3
20232024,2024-02-21,ANA,CBJ,4,7
20232024,2024-02-21,ARI,TOR,3,6
20232024,2024-02-21,EDM,BOS,5,6
20232024,2024-02-22,CAR,FLA,1,0
20232024,2024-02-22,DET,COL,2,1
20232024,2024-02-22,NJD,NYR,1,5
20232024,2024-02-22,OTT,DAL,4,1
20232024,2024-02-22,PIT,MTL,4,1
20232024,2024-02-22,TBL,WSH,3,5
20232024,2024-02-22,STL,NYI,4,0
20232024,2024-02-22,CGY,BOS,3,2
20232024,2024-02-22,SEA,VAN,5,2
20232024,2024-02-22,VGK,TOR,3,7
20232024,2024-02-22,LAK,NSH,1,4
20232024,2024-02-23,CBJ,BUF,1,2
20232024,2024-02-23,CHI,WPG,2,3
20232024,2024-02-23,EDM,MIN,2,4
20232024,2024-02-24,DET,STL,6,1
20232024,2024-02-24,NJD,MTL,4,3
20232024,2024-02-24,NYI,TBL,2,4
20232024,2024-02-24,PHI,NYR,1,2
20232024,2024-02-24,FLA,WSH,3,2
20232024,2024-02-24,COL,TOR,3,4
20232024,2024-02-24,OTT,VGK,4,3
20232024,2024-02-24,VAN,BOS,3,2
20232024,2024-02-24,CAR,DAL,1,2
20232024,2024-02-24,EDM,CGY,3,6
20232024,2024-02-24,SEA,MIN,2,5
20232024,2024-02-24,SJS,NSH,2,4
20232024,2024-02-24,LAK,ANA,3,2
20232024,2024-02-25,NJD,TBL,1,4
20232024,2024-02-25,PIT,PHI,7,6
20232024,2024-02-25,BUF,CAR,3,2
20232024,2024-02-25,CBJ,NYR,4,2
20232024,2024-02-25,CHI,DET,2,3
20232024,2024-02-25,WPG,ARI,4,3
20232024,2024-02-25,ANA,NSH,2,4
20232024,2024-02-26,WSH,OTT,6,3
20232024,2024-02-26,DAL,NYI,2,3
20232024,2024-02-26,EDM,LAK,4,2
20232024,2024-02-26,SEA,BOS,4,3
20232024,2024-02-27,DET,WSH,8,3
20232024,2024-02-27,FLA,BUF,3,2
20232024,2024-02-27,MTL,ARI,4,2
20232024,2024-02-27,PHI,TBL,6,2
20232024,2024-02-27,TOR,VGK,2,6
20232024,2024-02-27,MIN,CAR,2,3
20232024,2024-02-27,NSH,OTT,4,1
20232024,2024-02-27,WPG,STL,4,2
20232024,2024-02-27,CGY,LAK,4,2
20232024,2024-02-27,COL,DAL,5,1
20232024,2024-02-27,VAN,PIT,3,4
20232024,2024-02-27,SJS,NJD,2,7
20232024,2024-02-28,NYR,CBJ,4,1
20232024,2024-02-28,EDM,STL,3,2
20232024,2024-02-29,BOS,VGK,5,4
20232024,2024-02-29,CBJ,CAR,2,4
20232024,2024-02-29,DET,NYI,3,5
20232024,2024-02-29,FLA,MTL,4,3
20232024,2024-02-29,TBL,BUF,2,3
20232024,2024-02-29,TOR,ARI,4,2
20232024,2024-02-29,DAL,WPG,4,1
20232024,2024-02-29,NSH,MIN,6,1
20232024,2024-02-29,CHI,COL,0,5
20232024,2024-02-29,SEA,PIT,2,0
20232024,2024-02-29,VAN,LAK,1,5
20232024,2024-02-29,SJS,ANA,4,6
20232024,2024-03-01,OTT,ARI,3,5
20232024,2024-03-01,WSH,PHI,5,2
20232024,2024-03-01,ANA,NJD,4,3
20232024,2024-03-02,CAR,WPG,3,5
20232024,2024-03-02,DET,FLA,0,4
20232024,2024-03-02,SEA,EDM,1,2
20232024,2024-03-02,NSH,COL,5,1
20232024,2024-03-02,STL,MIN,3,1
20232024,2024-03-02,BUF,VGK,7,2
20232024,2024-03-02,PHI,OTT,4,2
20232024,2024-03-02,TBL,MTL,4,3
20232024,2024-03-02,TOR,NYR,4,3
20232024,2024-03-02,NYI,BOS,5,1
20232024,2024-03-02,CHI,CBJ,2,5
20232024,2024-03-02,DAL,SJS,3,2
20232024,2024-03-02,CGY,PIT,4,3
20232024,2024-03-03,WSH,ARI,2,5
20232024,2024-03-03,LAK,NJD,5,1
20232024,2024-03-03,BUF,WPG,2,5
20232024,2024-03-03,MIN,SJS,4,3
20232024,2024-03-03,ANA,VAN,1,2
20232024,2024-03-03,EDM,PIT,6,1
20232024,2024-03-04,CBJ,VGK,6,3
20232024,2024-03-04,NYR,FLA,2,4
20232024,2024-03-04,PHI,STL,1,2
20232024,2024-03-04,TOR,BOS,1,4
20232024,2024-03-04,COL,CHI,5,0
20232024,2024-03-04,CGY,SEA,2,4
20232024,2024-03-05,NJD,FLA,3,5
20232024,2024-03-05,PIT,CBJ,5,3
20232024,2024-03-05,BOS,EDM,1,2
20232024,2024-03-05,NYI,STL,4,2
20232024,2024-03-05,NSH,MTL,3,4
20232024,2024-03-05,WPG,SEA,3,4
20232024,2024-03-05,ARI,CHI,2,5
20232024,2024-03-05,LAK,VAN,1,2
20232024,2024-03-05,SJS,DAL,6,7
20232024,2024-03-06,TOR,BUF,2,1
20232024,2024-03-06,COL,DET,7,2
20232024,2024-03-06,ANA,OTT,2,1
20232024,2024-03-07,BOS,TOR,4,1
20232024,2024-03-07,CAR,MTL,4,1
20232024,2024-03-07,CBJ,EDM,4,2
20232024,2024-03-07,FLA,PHI,1,2
20232024,2024-03-07,NJD,STL,4,1
20232024,2024-03-07,PIT,WSH,0,6
20232024,2024-03-07,TBL,CGY,3,6
20232024,2024-03-07,NSH,BUF,4,2
20232024,2024-03-07,ARI,MIN,2,5
20232024,2024-03-07,VGK,VAN,1,3
20232024,2024-03-07,LAK,OTT,4,3
20232024,2024-03-07,SJS,NYI,2,7
20232024,2024-03-08,ARI,DET,4,0
20232024,2024-03-08,COL,MIN,2,1
20232024,2024-03-08,ANA,DAL,2,6
20232024,2024-03-08,SEA,WPG,0,3
20232024,2024-03-09,BUF,EDM,3,2
20232024,2024-03-09,CBJ,NSH,1,2
20232024,2024-03-09,NJD,CAR,2,4
20232024,2024-03-09,BOS,PIT,5,1
20232024,2024-03-09,FLA,CGY,5,1
20232024,2024-03-09,MTL,TOR,2,3
20232024,2024-03-09,SJS,OTT,2,1
20232024,2024-03-09,TBL,PHI,7,0
20232024,2024-03-09,WSH,CHI,4,1
20232024,2024-03-09,NYR,STL,4,0
20232024,2024-03-09,VAN,WPG,5,0
20232024,2024-03-09,VGK,DET,5,3
20232024,2024-03-09,LAK,DAL,1,4
20232024,2024-03-10,PIT,EDM,0,4
20232024,2024-03-10,MIN,NSH,4,3
20232024,2024-03-10,CAR,CGY,7,2
20232024,2024-03-10,CHI,ARI,7,4
20232024,2024-03-10,ANA,NYI,1,6
20232024,2024-03-11,BOS,STL,1,5
20232024,2024-03-11,NYR,NJD,3,1
20232024,2024-03-11,WPG,WSH,3,0
20232024,2024-03-11,LAK,NYI,3,0
20232024,2024-03-12,BUF,DET,7,3
20232024,2024-03-12,CAR,NYR,0,1
20232024,2024-03-12,MTL,CBJ,3,0
20232024,2024-03-12,OTT,PIT,2,1
20232024,2024-03-12,PHI,SJS,3,2
20232024,2024-03-12,DAL,FLA,3,4
20232024,2024-03-12,MIN,ARI,4,1
20232024,2024-03-12,CHI,ANA,7,2
20232024,2024-03-12,CGY,COL,2,6
20232024,2024-03-12,SEA,VGK,4,5
20232024,2024-03-13,STL,LAK,3,1
20232024,2024-03-13,WPG,NSH,2,4
20232024,2024-03-13,EDM,WSH,7,2
20232024,2024-03-13,VAN,COL,3,4
20232024,2024-03-14,BUF,NYI,4,0
20232024,2024-03-14,CAR,FLA,4,0
20232024,2024-03-14,CBJ,OTT,2,3
20232024,2024-03-14,DET,ARI,1,4
20232024,2024-03-14,MTL,BOS,1,2
20232024,2024-03-14,PIT,SJS,6,3
20232024,2024-03-14,TBL,NYR,6,3
20232024,2024-03-14,PHI,TOR,2,6
20232024,2024-03-14,DAL,NJD,2,6
20232024,2024-03-14,MIN,ANA,2,0
20232024,2024-03-14,CGY,VGK,4,1
20232024,2024-03-14,SEA,WSH,1,2
20232024,2024-03-15,WPG,ANA,6,0
20232024,2024-03-15,CHI,LAK,0,5
20232024,2024-03-16,DET,BUF,4,1
20232024,2024-03-16,NYI,OTT,3,4
20232024,2024-03-16,PIT,NYR,4,7
20232024,2024-03-16,ARI,NJD,4,1
20232024,2024-03-16,FLA,TBL,3,5
20232024,2024-03-16,BOS,PHI,6,5
20232024,2024-03-16,CBJ,SJS,4,2
20232024,2024-03-16,CGY,MTL,5,2
20232024,2024-03-16,TOR,CAR,4,5
20232024,2024-03-16,DAL,LAK,4,1
20232024,2024-03-16,STL,MIN,3,2
20232024,2024-03-16,EDM,COL,2,3
20232024,2024-03-16,SEA,NSH,1,4
20232024,2024-03-16,VAN,WSH,1,2
20232024,2024-03-17,NYR,NYI,5,2
20232024,2024-03-17,VGK,NJD,3,1
20232024,2024-03-17,CBJ,WPG,1,6
20232024,2024-03-17,CHI,SJS,5,2
20232024,2024-03-17,OTT,CAR,2,7
20232024,2024-03-17,PIT,DET,6,3
20232024,2024-03-17,STL,ANA,4,2
20232024,2024-03-18,CGY,WSH,2,5
20232024,2024-03-18,SEA,BUF,2,6
20232024,2024-03-19,BOS,OTT,6,2
20232024,2024-03-19,DET,CBJ,4,3
20232024,2024-03-19,NJD,PIT,5,2
20232024,2024-03-19,NYR,WPG,2,4
20232024,2024-03-19,PHI,TOR,4,3
20232024,2024-03-19,NYI,CAR,1,4
20232024,2024-03-19,NSH,SJS,8,2
20232024,2024-03-19,STL,COL,3,4
20232024,2024-03-19,EDM,MTL,3,2
20232024,2024-03-19,ANA,MIN,0,4
20232024,2024-03-19,LAK,CHI,6,2
20232024,2024-03-19,VAN,BUF,3,2
20232024,2024-03-19,VGK,TBL,3,5
20232024,2024-03-20,WSH,TOR,3,7
20232024,2024-03-20,DAL,ARI,5,2
20232024,2024-03-20,LAK,MIN,6,0
20232024,2024-03-21,BOS,NYR,2,5
20232024,2024-03-21,CAR,PHI,3,2
20232024,2024-03-21,DET,NYI,6,3
20232024,2024-03-21,NJD,WPG,4,1
20232024,2024-03-21,OTT,STL,2,5
20232024,2024-03-21,FLA,NSH,0,3
20232024,2024-03-21,EDM,BUF,8,3
20232024,2024-03-21,ANA,CHI,4,0
20232024,2024-03-21,VAN,MTL,4,1
20232024,2024-03-21,VGK,SEA,3,1
20232024,2024-03-21,SJS,TBL,1,4
20232024,2024-03-22,WSH,CAR,7,6
20232024,2024-03-22,DAL,PIT,4,2
20232024,2024-03-22,COL,CBJ,6,1
20232024,2024-03-22,ARI,SEA,2,1
20232024,2024-03-23,NYI,WPG,6,3
20232024,2024-03-23,PHI,BOS,3,2
20232024,2024-03-23,MIN,STL,4,5
20232024,2024-03-23,NSH,DET,1,0
20232024,2024-03-23,NJD,OTT,2,5
20232024,2024-03-23,TOR,EDM,6,3
20232024,2024-03-23,NYR,FLA,4,3
20232024,2024-03-23,VAN,CGY,4,2
20232024,2024-03-23,LAK,TBL,4,3
20232024,2024-03-23,SJS,CHI,4,5
20232024,2024-03-23,VGK,CBJ,4,2
20232024,2024-03-24,WSH,WPG,3,0
20232024,2024-03-24,COL,PIT,5,4
20232024,2024-03-24,NYI,NJD,0,4
20232024,2024-03-24,CAR,TOR,2,1
20232024,2024-03-24,OTT,EDM,5,3
20232024,2024-03-24,PHI,FLA,1,4
20232024,2024-03-24,ARI,DAL,2,4
20232024,2024-03-24,ANA,TBL,2,3
20232024,2024-03-24,CGY,BUF,1,4
20232024,2024-03-24,SEA,MTL,1,5
20232024,2024-03-25,STL,VGK,1,2
20232024,2024-03-25,VAN,LAK,2,3
20232024,2024-03-26,FLA,BOS,3,4
20232024,2024-03-26,NYR,PHI,6,5
20232024,2024-03-26,PIT,CAR,4,1
20232024,2024-03-26,WSH,DET,4,3
20232024,2024-03-26,TOR,NJD,3,6
20232024,2024-03-26,NSH,VGK,5,4
20232024,2024-03-26,WPG,EDM,3,4
20232024,2024-03-26,CHI,CGY,3,1
20232024,2024-03-26,COL,MTL,1,2
20232024,2024-03-26,ARI,CBJ,6,2
20232024,2024-03-26,SEA,ANA,4,0
20232024,2024-03-26,SJS,DAL,3,6
20232024,2024-03-27,BUF,OTT,2,6
20232024,2024-03-27,TBL,BOS,3,1
20232024,2024-03-28,FLA,NYI,2,3
20232024,2024-03-28,MTL,PHI,4,1
20232024,2024-03-28,OTT,CHI,2,0
20232024,2024-03-28,PIT,CBJ,3,2
20232024,2024-03-28,TOR,WSH,5,1
20232024,2024-03-28,CAR,DET,4,0
20232024,2024-03-28,MIN,SJS,3,1
20232024,2024-03-28,STL,CGY,5,3
20232024,2024-03-28,WPG,VGK,1,4
20232024,2024-03-28,COL,NYR,2,3
20232024,2024-03-28,EDM,LAK,4,1
20232024,2024-03-28,ARI,NSH,8,4
20232024,2024-03-28,SEA,ANA,4,2
20232024,2024-03-28,VAN,DAL,1,3
20232024,2024-03-29,BUF,NJD,5,2
20232024,2024-03-30,FLA,DET,3,2
20232024,2024-03-30,MIN,VGK,1,2
20232024,2024-03-30,EDM,ANA,6,1
20232024,2024-03-30,ARI,NYR,5,8
20232024,2024-03-30,COL,NSH,7,4
20232024,2024-03-30,BUF,TOR,0,3
20232024,2024-03-30,CBJ,PIT,4,3
20232024,2024-03-30,MTL,CAR,0,3
20232024,2024-03-30,PHI,CHI,1,5
20232024,2024-03-30,TBL,NYI,4,1
20232024,2024-03-30,WPG,OTT,2,3
20232024,2024-03-30,WSH,BOS,2,3
20232024,2024-03-30,STL,SJS,0,4
20232024,2024-03-30,CGY,LAK,4,2
20232024,2024-03-30,SEA,DAL,0,3
20232024,2024-03-31,VAN,ANA,3,2
20232024,2024-04-01,CBJ,COL,4,1
20232024,2024-04-01,NYR,PIT,2,5
20232024,2024-04-01,PHI,NYI,3,4
20232024,2024-04-01,TBL,DET,2,4
20232024,2024-04-01,TOR,FLA,6,4
20232024,2024-04-01,STL,EDM,3,2
20232024,2024-04-01,WPG,LAK,4,3
20232024,2024-04-01,SJS,SEA,2,4
20232024,2024-04-02,BUF,WSH,6,2
20232024,2024-04-02,MTL,FLA,5,3
20232024,2024-04-02,NJD,PIT,3,6
20232024,2024-04-02,NYI,CHI,2,1
20232024,2024-04-02,MIN,OTT,3,2
20232024,2024-04-02,NSH,BOS,0,3
20232024,2024-04-02,CGY,ANA,3,5
20232024,2024-04-02,VGK,VAN,6,3
20232024,2024-04-03,TOR,TBL,1,4
20232024,2024-04-03,NYR,NJD,4,3
20232024,2024-04-03,DAL,EDM,5,0
20232024,2024-04-03,LAK,SEA,5,2
20232024,2024-04-03,ARI,VAN,1,2
20232024,2024-04-04,CAR,BOS,1,4
20232024,2024-04-04,CBJ,NYI,2,4
20232024,2024-04-04,MTL,TBL,4,7
20232024,2024-04-04,OTT,FLA,0,6
20232024,2024-04-04,WSH,PIT,1,4
20232024,2024-04-04,MIN,COL,2,5
20232024,2024-04-04,NSH,STL,6,3
20232024,2024-04-04,WPG,CGY,5,2
20232024,2024-04-04,SJS,LAK,1,2
20232024,2024-04-05,BUF,PHI,4,2
20232024,2024-04-05,CAR,WSH,4,2
20232024,2024-04-05,DET,NYR,3,4
20232024,2024-04-05,EDM,COL,6,2
20232024,2024-04-05,ANA,SEA,1,3
20232024,2024-04-05,ARI,VGK,7,4
20232024,2024-04-06,PIT,TBL,5,4
20232024,2024-04-06,BOS,FLA,3,2
20232024,2024-04-06,CHI,DAL,3,2
20232024,2024-04-06,MIN,WPG,2,4
20232024,2024-04-06,SJS,STL,3,2
20232024,2024-04-06,CBJ,PHI,6,2
20232024,2024-04-06,MTL,TOR,2,4
20232024,2024-04-06,OTT,NJD,3,4
20232024,2024-04-06,NYI,NSH,2,0
20232024,2024-04-06,CGY,EDM,2,4
20232024,2024-04-06,LAK,VAN,6,3
20232024,2024-04-07,DET,BUF,3,1
20232024,2024-04-07,CHI,MIN,0,4
20232024,2024-04-07,CAR,CBJ,3,0
20232024,2024-04-07,SJS,ARI,2,5
20232024,2024-04-07,WSH,OTT,2,3
20232024,2024-04-07,NJD,NSH,2,3
20232024,2024-04-07,NYR,MTL,5,2
20232024,2024-04-07,ANA,STL,5,6
20232024,2024-04-07,COL,DAL,4,7
20232024,2024-04-08,TOR,PIT,3,2
20232024,2024-04-08,VAN,VGK,4,3
20232024,2024-04-09,BOS,CAR,1,4
20232024,2024-04-09,DET,WSH,1,2
20232024,2024-04-09,FLA,OTT,2,0
20232024,2024-04-09,MTL,PHI,9,3
20232024,2024-04-09,NJD,TOR,2,5
20232024,2024-04-09,NYI,NYR,4,2
20232024,2024-04-09,TBL,CBJ,5,2
20232024,2024-04-09,DAL,BUF,3,2
20232024,2024-04-09,NSH,WPG,3,4
20232024,2024-04-09,COL,MIN,5,2
20232024,2024-04-09,ANA,LAK,3,1
20232024,2024-04-09,SEA,ARI,5,0
20232024,2024-04-09,SJS,CGY,2,3
20232024,2024-04-10,STL,CHI,5,2
20232024,2024-04-10,EDM,VGK,5,1
20232024,2024-04-10,VAN,ARI,3,4
20232024,2024-04-11,BUF,WSH,4,2
20232024,2024-04-11,FLA,CBJ,4,0
20232024,2024-04-11,NYR,PHI,1,4
20232024,2024-04-11,PIT,DET,6,5
20232024,2024-04-11,TBL,OTT,2,3
20232024,2024-04-11,TOR,NJD,5,6
20232024,2024-04-11,NYI,MTL,3,2
20232024,2024-04-11,DAL,WPG,0,3
20232024,2024-04-11,SEA,SJS,1,3
20232024,2024-04-11,LAK,CGY,4,1
20232024,2024-04-12,STL,CAR,2,5
20232024,2024-04-12,CHI,NSH,1,5
20232024,2024-04-12,EDM,ARI,2,3
20232024,2024-04-12,ANA,CGY,3,6
20232024,2024-04-12,VGK,MIN,7,2
20232024,2024-04-13,NYR,NYI,3,2
20232024,2024-04-13,DAL,SEA,3,1
20232024,2024-04-13,COL,WPG,0,7
20232024,2024-04-13,FLA,BUF,3,2
20232024,2024-04-13,PHI,NJD,1,0
20232024,2024-04-13,WSH,TBL,4,2
20232024,2024-04-13,OTT,MTL,5,4
20232024,2024-04-13,TOR,DET,4,5
20232024,2024-04-13,NSH,CBJ,6,4
20232024,2024-04-13,PIT,BOS,4,6
20232024,2024-04-13,EDM,VAN,1,3
20232024,2024-04-13,LAK,ANA,3,1
20232024,2024-04-13,SJS,MIN,2,6
20232024,2024-04-14,STL,SEA,4,1
20232024,2024-04-14,VGK,COL,4,3
20232024,2024-04-14,CHI,CAR,2,4
20232024,2024-04-14,CGY,ARI,6,5
20232024,2024-04-15,DET,MTL,5,4
20232024,2024-04-15,NJD,NYI,1,4
20232024,2024-04-15,PIT,NSH,4,2
20232024,2024-04-15,TBL,BUF,2,4
20232024,2024-04-15,WSH,BOS,2,0
20232024,2024-04-15,NYR,OTT,4,0
20232024,2024-04-15,EDM,SJS,9,2
20232024,2024-04-15,LAK,MIN,1,3
20232024,2024-04-16,BOS,OTT,1,3
20232024,2024-04-16,CBJ,CAR,6,3
20232024,2024-04-16,MTL,DET,4,5
20232024,2024-04-16,PHI,WSH,1,2
20232024,2024-04-16,FLA,TOR,5,2
20232024,2024-04-16,WPG,SEA,4,3
20232024,2024-04-16,VGK,CHI,3,1
20232024,2024-04-16,VAN,CGY,4,1
20232024,2024-04-17,NYI,PIT,5,4
20232024,2024-04-17,TBL,TOR,6,4
20232024,2024-04-17,DAL,STL,2,1
20232024,2024-04-17,ARI,EDM,5,2
